seed,update,parameter_id,shape,reference_method,raw_error_ratio_vq_over_reference,skew_channel_ratio_vq_over_reference,out_of_subspace_ratio_vq_over_reference,frechet_ratio_vq_over_reference,actual_distortion_ratio_vq_over_reference,polar_distortion_ratio_vq_over_reference,delta_actual_distortion,delta_frechet
0,128,transformer.h.0.attn.c_attn.weight,"(1152, 384)",structural_int4_k8,1.0313844145704554,0.9581825366918293,0.9508033997759517,0.9777998360075847,1.0064872476948317,1.0058584352003284,0.00131303071975708,-0.018079102039337158
0,128,transformer.h.0.attn.c_proj.weight,"(384, 384)",structural_int4_k8,1.029182938865955,0.9887630868222026,0.0,0.9853015400832574,1.012050707958178,1.011341517350647,0.002790391445159912,-0.013337790966033936
0,128,transformer.h.0.mlp.w1.weight,"(1024, 384)",structural_int4_k8,1.0737533659506846,1.0112789089204424,0.9435377716894071,0.9885640564118837,1.0393447635424062,1.0249401924319417,0.0015493035316467285,-0.003275752067565918
0,128,transformer.h.0.mlp.w2.weight,"(1024, 384)",structural_int4_k8,1.0790003052083839,1.0043120025516221,0.9481587726056929,0.9906127739452522,1.0441788744409612,1.0274558338812467,0.0017563700675964355,-0.002699047327041626
0,128,transformer.h.0.mlp.c_proj.weight,"(384, 1024)",structural_int4_k8,1.0808707408362916,0.852253710017378,0.7923680700996013,0.900377593421671,0.8975967407030041,0.8823652340529762,-0.00853055715560913,-0.044465482234954834
0,128,transformer.h.1.attn.c_attn.weight,"(1152, 384)",structural_int4_k8,1.0281011145130006,0.9555570219481799,0.9435679862856785,0.9734920728341666,1.000376670560556,1.0032067551178088,0.00010120868682861328,-0.027811884880065918
0,128,transformer.h.1.attn.c_proj.weight,"(384, 384)",structural_int4_k8,1.0177948655859097,0.9412874256130626,0.0,0.9711224333717213,0.9979547684980504,0.9988716206267613,-0.0005795955657958984,-0.03164362907409668
0,128,transformer.h.1.mlp.w1.weight,"(1024, 384)",structural_int4_k8,1.112556847602676,1.0287661542481525,0.943519113543702,0.9870851807011137,1.0361704433446695,1.0246905747354333,0.0020888447761535645,-0.0046249330043792725
0,128,transformer.h.1.mlp.w2.weight,"(1024, 384)",structural_int4_k8,1.1200291741093287,1.0611385866281402,0.9383622624532447,0.9891396498209046,1.0493079213698917,1.0359804808562243,0.0029460787773132324,-0.0039784908294677734
0,128,transformer.h.1.mlp.c_proj.weight,"(384, 1024)",structural_int4_k8,1.147402345666245,0.8896557743375727,0.8014372884732804,0.9081558631058105,0.9174197289087644,0.9037154025213712,-0.008811891078948975,-0.04871255159378052
0,128,transformer.h.2.attn.c_attn.weight,"(1152, 384)",structural_int4_k8,1.026612495389707,0.9513624902347613,0.9414959912845444,0.9744262636325114,1.0041646170962235,1.012335333728838,0.0012030601501464844,-0.028705596923828125
0,128,transformer.h.2.attn.c_proj.weight,"(384, 384)",structural_int4_k8,1.0280819563044719,0.9619901909945492,0.0,0.9787990177340301,0.9880160227375315,0.9981683289114762,-0.00367128849029541,-0.02495896816253662
0,128,transformer.h.2.mlp.w1.weight,"(1024, 384)",structural_int4_k8,1.1307463144210277,1.0467068441973635,0.9815547241634252,1.0007929792591501,1.0582231141977445,1.0563645502708636,0.005114912986755371,0.0003708004951477051
0,128,transformer.h.2.mlp.w2.weight,"(1024, 384)",structural_int4_k8,1.1319474335066486,1.0532455171662236,0.9577771801534861,0.9918194465294247,1.0395169773935566,1.0382929343143585,0.003575742244720459,-0.0038895905017852783
0,128,transformer.h.2.mlp.c_proj.weight,"(384, 1024)",structural_int4_k8,1.151170279064224,0.8895974194883697,0.8480868229546116,0.9287656430652521,0.9424403113127559,0.9276979300756348,-0.006640076637268066,-0.03981208801269531
0,128,transformer.h.3.attn.c_attn.weight,"(1152, 384)",structural_int4_k8,1.025040469776187,0.9609835479227617,0.9446297934449839,0.9751217509157571,0.9961875434644882,1.004062680825579,-0.0011162161827087402,-0.02767658233642578
0,128,transformer.h.3.attn.c_proj.weight,"(384, 384)",structural_int4_k8,1.0169963906520585,0.937923618122986,0.0,0.9674836327369953,0.9903475022958191,1.008230425202151,-0.0029746294021606445,-0.03798806667327881
0,128,transformer.h.3.mlp.w1.weight,"(1024, 384)",structural_int4_k8,1.1066961831737647,1.0242940303974017,0.9490995680978175,0.9854149399382751,1.0276589975751422,1.0268632214037887,0.00299757719039917,-0.0077228546142578125
0,128,transformer.h.3.mlp.w2.weight,"(1024, 384)",structural_int4_k8,1.1415482817326936,1.0421551868160273,0.9664832242964048,0.9935426916180055,1.0455972400655422,1.0485980434918063,0.005284488201141357,-0.0035576224327087402
0,128,transformer.h.3.mlp.c_proj.weight,"(384, 1024)",structural_int4_k8,1.1017173212491056,0.8804116586987436,0.8385986450098327,0.9233916582774722,0.9384609138789028,0.9306334741866095,-0.007047295570373535,-0.042527735233306885
0,128,transformer.h.4.attn.c_attn.weight,"(1152, 384)",structural_int4_k8,1.0154904840485923,0.9227511654826496,0.9267916453483512,0.9617785944109661,0.9736566676564168,0.9838300851048153,-0.007435142993927002,-0.040161967277526855
0,128,transformer.h.4.attn.c_proj.weight,"(384, 384)",structural_int4_k8,1.0112371963478561,0.9113564681365507,0.0,0.952468132419533,0.9655624455065854,0.989658057959497,-0.010337412357330322,-0.053571105003356934
0,128,transformer.h.4.mlp.w1.weight,"(1024, 384)",structural_int4_k8,1.1156553599514751,1.0353392675455777,0.9623527881712719,0.9903920557197969,1.0480042862752668,1.0492534037048926,0.006018579006195068,-0.005581021308898926
0,128,transformer.h.4.mlp.w2.weight,"(1024, 384)",structural_int4_k8,1.1275708093833645,1.0391775593989532,0.9606784880866691,0.9894871144897159,1.0270333048201234,1.0313494099831098,0.0034754276275634766,-0.006172478199005127
0,128,transformer.h.4.mlp.c_proj.weight,"(384, 1024)",structural_int4_k8,1.1218537988696606,0.8871422304448844,0.8126171546719384,0.9128179151832351,0.9307094659726238,0.9225158314482775,-0.008569002151489258,-0.05066794157028198
0,128,transformer.h.5.attn.c_attn.weight,"(1152, 384)",structural_int4_k8,1.0194586585179481,0.9345434860004785,0.9429930031114955,0.971405865770104,0.9886440081408792,0.9963842195602918,-0.0030134916305541992,-0.028300702571868896
0,128,transformer.h.5.attn.c_proj.weight,"(384, 384)",structural_int4_k8,1.016420925077594,0.9267509108513853,0.0,0.9631945616294031,0.9803585853789312,0.98717029612534,-0.005288302898406982,-0.03629720211029053
0,128,transformer.h.5.mlp.w1.weight,"(1024, 384)",structural_int4_k8,1.1009170932141785,1.0417913661261349,0.941837286294626,0.9816834512311026,1.0204541135893475,1.0271073838941558,0.002720355987548828,-0.01089102029800415
0,128,transformer.h.5.mlp.w2.weight,"(1024, 384)",structural_int4_k8,1.1051365052893982,1.0158497461111187,0.9608020397717448,0.987477980836923,1.0353532328640835,1.040229651984756,0.004749715328216553,-0.007530510425567627
0,128,transformer.h.5.mlp.c_proj.weight,"(384, 1024)",structural_int4_k8,1.1003477287222365,0.8484891928909465,0.7997485839062416,0.9026325398347066,0.9022336627086274,0.8922261967438451,-0.012281239032745361,-0.05669450759887695
0,512,transformer.h.0.attn.c_attn.weight,"(1152, 384)",structural_int4_k8,1.0309498887150907,0.9763620472192279,0.9525146295415704,0.9804006820845462,1.0062333093027844,1.0086793260183298,0.001404881477355957,-0.01728188991546631
0,512,transformer.h.0.attn.c_proj.weight,"(384, 384)",structural_int4_k8,1.0361134467124304,0.9680299311591667,0.0,0.98339404107689,1.0066443372679914,1.015228488195139,0.0017372965812683105,-0.016634106636047363
0,512,transformer.h.0.mlp.w1.weight,"(1024, 384)",structural_int4_k8,1.0595495729362387,1.008361948555054,0.9329713881995498,0.9824591994508955,1.029676485927222,1.0156261317526367,0.0011565685272216797,-0.0049946606159210205
0,512,transformer.h.0.mlp.w2.weight,"(1024, 384)",structural_int4_k8,1.0647889291906847,1.014533555990917,0.9298265656711949,0.983269508128438,1.037128687273689,1.0241813551762122,0.0014979839324951172,-0.00486484169960022
0,512,transformer.h.0.mlp.c_proj.weight,"(384, 1024)",structural_int4_k8,1.0560821496566661,0.916037194641501,0.8656859836370765,0.9415436174812409,0.9624958439756385,0.9515320453678704,-0.0023263096809387207,-0.021669596433639526
0,512,transformer.h.1.attn.c_attn.weight,"(1152, 384)",structural_int4_k8,1.0384600046360857,0.9924043248454714,0.977186123798647,0.990803708599101,1.0123928451043074,1.0169067025889893,0.003352820873260498,-0.009708285331726074
0,512,transformer.h.1.attn.c_proj.weight,"(384, 384)",structural_int4_k8,1.0293788981061005,0.9895806752928527,0.0,0.9928411715373471,1.0090787645645343,0.9966145413509592,0.002674698829650879,-0.008169174194335938
0,512,transformer.h.1.mlp.w1.weight,"(1024, 384)",structural_int4_k8,1.113661930712756,1.053207247985271,0.9513763891648359,0.9946024534106434,1.05892806848891,1.0378223569994047,0.0030179619789123535,-0.001788407564163208
0,512,transformer.h.1.mlp.w2.weight,"(1024, 384)",structural_int4_k8,1.1193177379014712,1.0454335715478063,0.9416597719710832,0.9876551625195396,1.0511218435336909,1.0323133324357407,0.0027495622634887695,-0.004226118326187134
0,512,transformer.h.1.mlp.c_proj.weight,"(384, 1024)",structural_int4_k8,1.1060336251234137,0.9267546412106221,0.8492192628777336,0.9371241233809843,0.9626101418356025,0.9433545171674413,-0.002625107765197754,-0.02508401870727539
0,512,transformer.h.2.attn.c_attn.weight,"(1152, 384)",structural_int4_k8,1.0325577478639838,0.966297397598647,0.9616454120113452,0.9813652725678881,0.9987799699303617,1.003248051447695,-0.0003491640090942383,-0.020619988441467285
0,512,transformer.h.2.attn.c_proj.weight,"(384, 384)",structural_int4_k8,1.0266893926078184,0.9500336724147191,0.0,0.9820856773913021,0.9926111059968339,0.9945956156672365,-0.0023346543312072754,-0.021767258644104004
0,512,transformer.h.2.mlp.w1.weight,"(1024, 384)",structural_int4_k8,1.1026940285693805,1.0333977008642874,0.9488401898189378,0.9868405861652584,1.0419341547376955,1.0295054269463144,0.002632737159729004,-0.004973113536834717
0,512,transformer.h.2.mlp.w2.weight,"(1024, 384)",structural_int4_k8,1.1162305453344434,1.0471610386910033,0.9539965517652701,0.9913158939656704,1.0549148351449145,1.0397076453204324,0.0036112070083618164,-0.003397136926651001
0,512,transformer.h.2.mlp.c_proj.weight,"(384, 1024)",structural_int4_k8,1.078786460475939,0.8981384070701806,0.8484531197795988,0.932418860435089,0.947165486790723,0.9322266959927181,-0.003641068935394287,-0.02648526430130005
0,512,transformer.h.3.attn.c_attn.weight,"(1152, 384)",structural_int4_k8,1.032794425996048,0.9653347322028578,0.9587419330081353,0.9803485802119956,0.9885108140779675,0.9913652419444887,-0.0036040544509887695,-0.023555874824523926
0,512,transformer.h.3.attn.c_proj.weight,"(384, 384)",structural_int4_k8,1.023396264904111,0.9390360892787643,0.0,0.9686254865025693,0.9961624605584153,1.00859718185706,-0.0012271404266357422,-0.039339423179626465
0,512,transformer.h.3.mlp.w1.weight,"(1024, 384)",structural_int4_k8,1.0965787586598885,1.0388491198033745,0.9354329244207886,0.9812587472504548,1.0391051038605794,1.0293653187179566,0.002800881862640381,-0.007796376943588257
0,512,transformer.h.3.mlp.w2.weight,"(1024, 384)",structural_int4_k8,1.1039179901904774,1.0362068305012822,0.9405687156057362,0.9835796966367352,1.0318353387322572,1.0235687879293598,0.0023557543754577637,-0.00696873664855957
0,512,transformer.h.3.mlp.c_proj.weight,"(384, 1024)",structural_int4_k8,1.0796661137167052,0.915394034593957,0.831976169724444,0.926971453331456,0.9401861284584468,0.9247505887692831,-0.003994464874267578,-0.028118133544921875
0,512,transformer.h.4.attn.c_attn.weight,"(1152, 384)",structural_int4_k8,1.0291853609900088,0.9532574056776554,0.9445714570818371,0.9719509017473891,0.9920507898999567,0.9945180401434676,-0.0024959444999694824,-0.03450644016265869
0,512,transformer.h.4.attn.c_proj.weight,"(384, 384)",structural_int4_k8,1.0170860270238398,0.9399824029966568,0.0,0.9678773206191258,0.9916173365554783,1.0055637448134482,-0.002711176872253418,-0.04029285907745361
0,512,transformer.h.4.mlp.w1.weight,"(1024, 384)",structural_int4_k8,1.0972756847275447,1.033139315820401,0.9286706663921755,0.9781570587012185,1.0351055993306824,1.025649198422529,0.0028661489486694336,-0.00996515154838562
0,512,transformer.h.4.mlp.w2.weight,"(1024, 384)",structural_int4_k8,1.104432433608758,1.0212449954294016,0.9326969467329466,0.9782931526261055,1.0148792799476536,1.0045469867734502,0.0012862682342529297,-0.010165780782699585
0,512,transformer.h.4.mlp.c_proj.weight,"(384, 1024)",structural_int4_k8,1.0927838150791291,0.9031213548898365,0.8215236246457125,0.9228746035842171,0.9284142670494068,0.9096882600835035,-0.0048888325691223145,-0.03017696738243103
0,512,transformer.h.5.attn.c_attn.weight,"(1152, 384)",structural_int4_k8,1.0207518997149652,0.9361459363704544,0.9462854467560539,0.9701784658382865,0.9990060237752937,0.99859183423857,-0.0003223419189453125,-0.03776216506958008
0,512,transformer.h.5.attn.c_proj.weight,"(384, 384)",structural_int4_k8,1.0238447765900112,0.9602405513921365,0.0,0.9810290408994609,1.0005109566129708,1.0127551264878354,0.0001609325408935547,-0.02262246608734131
0,512,transformer.h.5.mlp.w1.weight,"(1024, 384)",structural_int4_k8,1.0901947819950466,1.0193167266453877,0.940459901329089,0.9782983778668332,1.0244523382590984,1.0265728939975918,0.0023563504219055176,-0.01103857159614563
0,512,transformer.h.5.mlp.w2.weight,"(1024, 384)",structural_int4_k8,1.0883623674940117,1.0073199480172212,0.930777070600316,0.9752048617086988,1.02204478820016,1.0171378541074456,0.0021704435348510742,-0.012829303741455078
0,512,transformer.h.5.mlp.c_proj.weight,"(384, 1024)",structural_int4_k8,1.0495334634126268,0.8783676755278067,0.821936037231275,0.9178629188838583,0.9221678624715254,0.9102460291164319,-0.005170762538909912,-0.03212398290634155
0,1024,transformer.h.0.attn.c_attn.weight,"(1152, 384)",structural_int4_k8,1.0356005836542133,0.9746186547750436,0.9769069427638508,0.9885328079918551,1.0098818132835137,1.0154313573772937,0.0022573471069335938,-0.010272085666656494
0,1024,transformer.h.0.attn.c_proj.weight,"(384, 384)",structural_int4_k8,1.0221707687719408,0.943985239681636,0.0,0.9744578738753921,1.006854523316731,1.0112401661233474,0.0018391609191894531,-0.02645111083984375
0,1024,transformer.h.0.mlp.w1.weight,"(1024, 384)",structural_int4_k8,1.0603313803084913,0.9883404405588282,0.9288887183608168,0.9806169158509588,1.0336841978743798,1.0176075883471243,0.0013363361358642578,-0.005585759878158569
0,1024,transformer.h.0.mlp.w2.weight,"(1024, 384)",structural_int4_k8,1.064304119941519,1.0127213513999305,0.9439524335055892,0.9871278956650327,1.0441626052121074,1.0317586034884998,0.0018141865730285645,-0.0037781894207000732
0,1024,transformer.h.0.mlp.c_proj.weight,"(384, 1024)",structural_int4_k8,1.0584268208475092,0.9279393145320456,0.8535406266171508,0.9365840769010847,0.9569668918974663,0.9453296118115602,-0.0027980804443359375,-0.024339944124221802
0,1024,transformer.h.1.attn.c_attn.weight,"(1152, 384)",structural_int4_k8,1.0285284839313797,0.9565319792807013,0.9544424483330031,0.9780082815932601,1.0037853893050497,1.007893219769356,0.0009942054748535156,-0.023072123527526855
0,1024,transformer.h.1.attn.c_proj.weight,"(384, 384)",structural_int4_k8,1.0250256821005075,0.9686488472599496,0.0,0.9836709066788251,0.9935714730422909,0.9966468247820129,-0.0018155574798583984,-0.017209887504577637
0,1024,transformer.h.1.mlp.w1.weight,"(1024, 384)",structural_int4_k8,1.127755847005294,1.0672710765528335,0.9437025868871876,0.9932106590360544,1.05668907360362,1.0387212572277147,0.0033065080642700195,-0.0024712085723876953
0,1024,transformer.h.1.mlp.w2.weight,"(1024, 384)",structural_int4_k8,1.140527838118347,1.0935828719328127,0.9561302097367005,1.0001690035237554,1.0755269527556892,1.0573127895255516,0.004590153694152832,6.306171417236328e-05
0,1024,transformer.h.1.mlp.c_proj.weight,"(384, 1024)",structural_int4_k8,1.1373041145820495,0.9187645441180612,0.8490795773863392,0.9349979552991007,0.9676868709925407,0.945108905860407,-0.002522885799407959,-0.02819553017616272
0,1024,transformer.h.2.attn.c_attn.weight,"(1152, 384)",structural_int4_k8,1.0306843919576252,0.9426779340443775,0.9363087020198736,0.9702829802252043,0.9872881331516337,0.9985585265988314,-0.002629876136779785,-0.0237618088722229
0,1024,transformer.h.2.attn.c_proj.weight,"(384, 384)",structural_int4_k8,1.0864504905024768,0.7900217999870702,0.0,0.8829292478768521,0.8983512743214747,0.9406725377299016,-0.029682457447052002,-0.12709981203079224
0,1024,transformer.h.2.mlp.w1.weight,"(1024, 384)",structural_int4_k8,1.1070485088042556,1.052529478639459,0.9689466972303507,0.9980696962682147,1.0586731631093327,1.0530832145217415,0.003903210163116455,-0.0007654130458831787
0,1024,transformer.h.2.mlp.w2.weight,"(1024, 384)",structural_int4_k8,1.1174696686178085,1.0621617828888457,0.9367058884726749,0.9854726830972457,1.052044983844167,1.0427634935314798,0.0036367177963256836,-0.0059646666049957275
0,1024,transformer.h.2.mlp.c_proj.weight,"(384, 1024)",structural_int4_k8,1.0839122506506815,0.9277845228190834,0.863514640710975,0.9415319900786469,0.9639028281597827,0.9460840173021092,-0.002395033836364746,-0.022455990314483643
0,1024,transformer.h.3.attn.c_attn.weight,"(1152, 384)",structural_int4_k8,1.0301139536712145,0.9499408777986418,0.9499103760485509,0.9756020730548147,1.0014587711025442,1.0027331910889192,0.00040990114212036133,-0.02588951587677002
0,1024,transformer.h.3.attn.c_proj.weight,"(384, 384)",structural_int4_k8,1.0215530595475253,0.9042867604895954,0.0,0.9524152034335659,0.9796326188541558,0.9902196570772579,-0.005897045135498047,-0.05223238468170166
0,1024,transformer.h.3.mlp.w1.weight,"(1024, 384)",structural_int4_k8,1.0895210248974831,1.0260463122043715,0.9434457669896343,0.9826602196948078,1.0438100900229015,1.0350882534207406,0.0029691457748413086,-0.006957143545150757
0,1024,transformer.h.3.mlp.w2.weight,"(1024, 384)",structural_int4_k8,1.0976465330722553,1.0184675273758967,0.9337524649810838,0.978219972298256,1.0321939324248322,1.0230549006665393,0.0022962093353271484,-0.009039431810379028
0,1024,transformer.h.3.mlp.c_proj.weight,"(384, 1024)",structural_int4_k8,1.055587186476562,0.9176190139702647,0.8513926346563617,0.93510869534741,0.9480157761050738,0.9353236870451866,-0.003133833408355713,-0.023451149463653564
0,1024,transformer.h.4.attn.c_attn.weight,"(1152, 384)",structural_int4_k8,1.0298712677825497,0.9315485647566346,0.9490677801276753,0.9728283538095948,0.9986860103802485,1.0013368284028739,-0.0004068613052368164,-0.0334782600402832
0,1024,transformer.h.4.attn.c_proj.weight,"(384, 384)",structural_int4_k8,1.0223975185717848,0.9539798324855528,0.0,0.978839309476427,1.0026403783309967,1.0139949832449848,0.0008088350296020508,-0.025402188301086426
0,1024,transformer.h.4.mlp.w1.weight,"(1024, 384)",structural_int4_k8,1.0880489731004843,1.0103377169026018,0.9160682247272994,0.9698542075070734,1.019231513868632,1.0093656627621037,0.0014209747314453125,-0.01273694634437561
0,1024,transformer.h.4.mlp.w2.weight,"(1024, 384)",structural_int4_k8,1.0939493154366289,1.0156827979860734,0.9307253124843052,0.9758083856852725,1.0286078916768358,1.0212647511525517,0.0021952390670776367,-0.010494709014892578
0,1024,transformer.h.4.mlp.c_proj.weight,"(384, 1024)",structural_int4_k8,1.0727345360772276,0.9258040864998653,0.8493302520181726,0.9362198300854779,0.9481818829970827,0.9281970202494447,-0.003162384033203125,-0.023216158151626587
0,1024,transformer.h.5.attn.c_attn.weight,"(1152, 384)",structural_int4_k8,1.0264662109079552,0.9415502381809124,0.9562920945459268,0.977793763249064,0.9962988702121699,1.0064627449287737,-0.0012465715408325195,-0.030153870582580566
0,1024,transformer.h.5.attn.c_proj.weight,"(384, 384)",structural_int4_k8,1.0227762543802537,0.9304649811193095,0.0,0.9664170829186268,0.9833569951295846,0.9897446349813395,-0.005228638648986816,-0.04144597053527832
0,1024,transformer.h.5.mlp.w1.weight,"(1024, 384)",structural_int4_k8,1.088325879212958,0.9991178191552963,0.9248435034419142,0.9735739562700033,1.0228730735496805,1.0126979206246218,0.0019585490226745605,-0.0124797523021698
0,1024,transformer.h.5.mlp.w2.weight,"(1024, 384)",structural_int4_k8,1.0861285216542074,0.9925553512617005,0.9333827027208038,0.9748119849146343,1.0168095796749999,1.0127170909892484,0.0014646649360656738,-0.012035369873046875
0,1024,transformer.h.5.mlp.c_proj.weight,"(384, 1024)",structural_int4_k8,1.077151243128108,0.885864414340882,0.8134069787210243,0.916220298468185,0.9190512313959276,0.9032368954047978,-0.005399942398071289,-0.03279000520706177
0,2048,transformer.h.0.attn.c_attn.weight,"(1152, 384)",structural_int4_k8,1.034990908227343,0.9798761764792805,0.9581820290274977,0.9843498634231601,1.01089638260505,1.0114044640725646,0.0023423433303833008,-0.013166546821594238
0,2048,transformer.h.0.attn.c_proj.weight,"(384, 384)",structural_int4_k8,1.023632798054758,0.9641273981420495,0.0,0.9805506622525385,1.0053430879547633,1.0131090315054812,0.0012881755828857422,-0.01782679557800293
0,2048,transformer.h.0.mlp.w1.weight,"(1024, 384)",structural_int4_k8,1.0580331991730088,1.010899064382156,0.9438071930585774,0.987815841887444,1.044935211193181,1.027596148895639,0.0016219615936279297,-0.0033357739448547363
0,2048,transformer.h.0.mlp.w2.weight,"(1024, 384)",structural_int4_k8,1.0634942494068624,1.0178729126539863,0.9271192269935197,0.9816196599462501,1.032418124549353,1.014617082477613,0.0012220144271850586,-0.005145549774169922
0,2048,transformer.h.0.mlp.c_proj.weight,"(384, 1024)",structural_int4_k8,1.0493415505172439,0.908010550009478,0.8604485610467164,0.9375849673749421,0.9511573970194069,0.9365205020319712,-0.0028544068336486816,-0.022344976663589478
0,2048,transformer.h.1.attn.c_attn.weight,"(1152, 384)",structural_int4_k8,1.0438139211010995,0.9940713072365746,0.9869844463907427,0.9943787947876308,1.0250581139701576,1.0262267080320289,0.00592726469039917,-0.005211830139160156
0,2048,transformer.h.1.attn.c_proj.weight,"(384, 384)",structural_int4_k8,1.0253568529004853,0.9519669040910624,0.0,0.9743394338682262,0.9993747815393333,0.9971792684531645,-0.00016045570373535156,-0.024826526641845703
0,2048,transformer.h.1.mlp.w1.weight,"(1024, 384)",structural_int4_k8,1.111382291691414,1.0564787174037182,0.9568804822587292,0.9987942957858132,1.0666187876690494,1.0486992632129895,0.0032012462615966797,-0.00038868188858032227
0,2048,transformer.h.1.mlp.w2.weight,"(1024, 384)",structural_int4_k8,1.1125098854309403,1.0567761303872172,0.9579389153672575,0.9990705424819822,1.0666380207702921,1.0458089428343478,0.003281533718109131,-0.0003032088279724121
0,2048,transformer.h.1.mlp.c_proj.weight,"(384, 1024)",structural_int4_k8,1.1159711075046406,0.9018488847253703,0.8232830804685024,0.9228288364579389,0.9414575192224194,0.917656143423612,-0.0040825605392456055,-0.0308685302734375
0,2048,transformer.h.2.attn.c_attn.weight,"(1152, 384)",structural_int4_k8,1.0394380876490668,0.9305608086409988,0.9290035675373304,0.9648191826080528,0.9877830021318962,0.9871022811740177,-0.002132415771484375,-0.02456378936767578
0,2048,transformer.h.2.attn.c_proj.weight,"(384, 384)",structural_int4_k8,1.2365363078740066,0.82711524069916,0.0,0.9050179602757823,0.9106460031441483,0.9409617795497879,-0.0225832462310791,-0.08919674158096313
0,2048,transformer.h.2.mlp.w1.weight,"(1024, 384)",structural_int4_k8,1.0737016483810662,1.0299251265070903,0.9504269652766812,0.9878536862650782,1.042417831865334,1.0318387397145734,0.002454817295074463,-0.004393398761749268
0,2048,transformer.h.2.mlp.w2.weight,"(1024, 384)",structural_int4_k8,1.0837620875526048,1.0141829695185052,0.9439620749863978,0.9840819393829359,1.036531279178338,1.023832235802101,0.002238750457763672,-0.0059365034103393555
0,2048,transformer.h.2.mlp.c_proj.weight,"(384, 1024)",structural_int4_k8,1.0584567624531749,0.9148401909735228,0.8726669634478129,0.943750379845519,0.965608926429264,0.95074380587321,-0.0018711090087890625,-0.019197821617126465
0,2048,transformer.h.3.attn.c_attn.weight,"(1152, 384)",structural_int4_k8,1.0318832730702419,0.9228533219081319,0.9202455852110998,0.961541578869929,0.9911126662869721,1.0005526590280294,-0.002134561538696289,-0.035381197929382324
0,2048,transformer.h.3.attn.c_proj.weight,"(384, 384)",structural_int4_k8,1.089809776341462,0.7573251427445038,0.0,0.8670707499781186,0.8883596346869755,0.9251744550965711,-0.029371798038482666,-0.13325226306915283
0,2048,transformer.h.3.mlp.w1.weight,"(1024, 384)",structural_int4_k8,1.056737165788776,0.9985719893511745,0.9358185137707685,0.9770993083297677,1.0272149514767734,1.0181844796949024,0.0015546679496765137,-0.008139461278915405
0,2048,transformer.h.3.mlp.w2.weight,"(1024, 384)",structural_int4_k8,1.0706225394249023,0.9995246362129897,0.9348255091805682,0.978358017637864,1.032146056548605,1.0214083982670958,0.001880049705505371,-0.007814288139343262
0,2048,transformer.h.3.mlp.c_proj.weight,"(384, 1024)",structural_int4_k8,1.037893206726807,0.9244243653910467,0.8641963398705812,0.9415546889309099,0.963946609480145,0.9506531364097456,-0.001743614673614502,-0.018744081258773804
0,2048,transformer.h.4.attn.c_attn.weight,"(1152, 384)",structural_int4_k8,1.0312835555697897,0.974390404745644,0.9482416126949443,0.9798115916668131,0.9963886973215783,0.9983727464692908,-0.0011086463928222656,-0.025195598602294922
0,2048,transformer.h.4.attn.c_proj.weight,"(384, 384)",structural_int4_k8,1.0291419978285437,0.9866738255018105,0.0,0.9907180801647342,1.0109827405921872,1.0218096262587886,0.0030964016914367676,-0.010695338249206543
0,2048,transformer.h.4.mlp.w1.weight,"(1024, 384)",structural_int4_k8,1.0739790724600506,1.0304817710977245,0.9285478938261982,0.9778562127845032,1.028457709578111,1.0152900572169266,0.0016292333602905273,-0.007861852645874023
0,2048,transformer.h.4.mlp.w2.weight,"(1024, 384)",structural_int4_k8,1.0826286600319153,1.0235078397874355,0.9366291881587328,0.9814541388933933,1.0330471531289498,1.016085191448643,0.00193709135055542,-0.006670325994491577
0,2048,transformer.h.4.mlp.c_proj.weight,"(384, 1024)",structural_int4_k8,1.0552874130258085,0.9012394231884728,0.8433733943736864,0.9304832448015584,0.9438596093457732,0.9277938029217456,-0.0029517412185668945,-0.023243755102157593
0,2048,transformer.h.5.attn.c_attn.weight,"(1152, 384)",structural_int4_k8,1.0223117980503398,0.9379343288885239,0.9351182177894592,0.9691528136281549,0.9820360500011053,0.9857912774388343,-0.006103396415710449,-0.04385411739349365
0,2048,transformer.h.5.attn.c_proj.weight,"(384, 384)",structural_int4_k8,1.0245363404261056,0.9442667541053653,0.0,0.9778520168650755,1.0010736010924677,1.0032814074123553,0.0003134012222290039,-0.026094555854797363
0,2048,transformer.h.5.mlp.w1.weight,"(1024, 384)",structural_int4_k8,1.0889136150677,1.0001272186813472,0.9151846555923226,0.9708072956260501,1.0123978654750863,1.0004041767154128,0.0008420944213867188,-0.011753469705581665
0,2048,transformer.h.5.mlp.w2.weight,"(1024, 384)",structural_int4_k8,1.089804997220859,1.0069446158216748,0.9355186465183669,0.9797439521321616,1.0234320337706169,1.0120702136595994,0.001560986042022705,-0.008058339357376099
0,2048,transformer.h.5.mlp.c_proj.weight,"(384, 1024)",structural_int4_k8,1.0945076250582402,0.8496764776936,0.7890837372759307,0.9056437359557955,0.9010707504961758,0.8787095397261971,-0.006438255310058594,-0.03611353039741516
0,4096,transformer.h.0.attn.c_attn.weight,"(1152, 384)",structural_int4_k8,1.0287234239889134,0.927024211600496,0.938432304712374,0.964842944932706,0.9863448123221965,0.9893916082034605,-0.002787470817565918,-0.028235554695129395
0,4096,transformer.h.0.attn.c_proj.weight,"(384, 384)",structural_int4_k8,1.024210778928418,0.9354583601047334,0.0,0.9726465377359045,0.9982366495401104,1.0111151221684134,-0.000380098819732666,-0.022750258445739746
0,4096,transformer.h.0.mlp.w1.weight,"(1024, 384)",structural_int4_k8,1.0571504339920537,0.9976492959037272,0.9410999636398876,0.9856889216902079,1.0370326765738846,1.0232908213921967,0.0013311505317687988,-0.003910034894943237
0,4096,transformer.h.0.mlp.w2.weight,"(1024, 384)",structural_int4_k8,1.0651378834841985,1.0162764859542228,0.9287341327105898,0.9841497674612922,1.0343213129853017,1.0179063360881542,0.0012793540954589844,-0.004409611225128174
0,4096,transformer.h.0.mlp.c_proj.weight,"(384, 1024)",structural_int4_k8,1.0475021630463188,0.9148080697352522,0.8655338036992155,0.9411019486527894,0.9563936964452363,0.9475418378280961,-0.002450883388519287,-0.02068883180618286
0,4096,transformer.h.1.attn.c_attn.weight,"(1152, 384)",structural_int4_k8,1.024138816541476,0.960908617117596,0.9582949903078304,0.9801745539740685,1.012486183368133,1.0197547915851795,0.0026265978813171387,-0.016608119010925293
0,4096,transformer.h.1.attn.c_proj.weight,"(384, 384)",structural_int4_k8,1.0346779509975845,0.9644264171256512,0.0,0.987145289633827,1.018027341949827,1.0192515810750418,0.0038704872131347656,-0.01064157485961914
0,4096,transformer.h.1.mlp.w1.weight,"(1024, 384)",structural_int4_k8,1.0964526705797428,1.0434677308584257,0.9323317917431512,0.9884164937413032,1.050736030098107,1.028722034347057,0.002329409122467041,-0.003634810447692871
0,4096,transformer.h.1.mlp.w2.weight,"(1024, 384)",structural_int4_k8,1.1086066252955964,1.0616746420455827,0.9334690137023415,0.9917688052266265,1.05608016837078,1.02947134671496,0.002642810344696045,-0.002618640661239624
0,4096,transformer.h.1.mlp.c_proj.weight,"(384, 1024)",structural_int4_k8,1.0896963908674506,0.9280847353627563,0.8592818826016603,0.9415626046760106,0.9572275813333232,0.9374239740779032,-0.0026841163635253906,-0.021946191787719727
0,4096,transformer.h.2.attn.c_attn.weight,"(1152, 384)",structural_int4_k8,1.03360326320445,0.9252745524550731,0.9521804759611829,0.9738607937621342,1.000790422059581,1.0091392425210959,0.00010591745376586914,-0.015268206596374512
0,4096,transformer.h.2.attn.c_proj.weight,"(384, 384)",structural_int4_k8,1.2384481484944225,0.8598864992737406,0.0,0.9252612081714624,0.938101085111008,0.9583138238489901,-0.013187885284423828,-0.06066334247589111
0,4096,transformer.h.2.mlp.w1.weight,"(1024, 384)",structural_int4_k8,1.0629272665558083,1.001148245727351,0.9333287780797821,0.9786215602574755,1.0329706090570692,1.0259437479967801,0.0017210841178894043,-0.007226377725601196
0,4096,transformer.h.2.mlp.w2.weight,"(1024, 384)",structural_int4_k8,1.0653090047894125,1.035402470007735,0.922520365532928,0.9773819870252951,1.030970573711222,1.0195236347322485,0.0016747117042541504,-0.007818758487701416
0,4096,transformer.h.2.mlp.c_proj.weight,"(384, 1024)",structural_int4_k8,1.0442024261920024,0.9339871687036514,0.880406344713176,0.9484511590537145,0.9720305679496016,0.9612761454613996,-0.0013787150382995605,-0.016677290201187134
0,4096,transformer.h.3.attn.c_attn.weight,"(1152, 384)",structural_int4_k8,1.0154323818247224,0.9294781330689528,0.9184234028861054,0.9628155258821723,0.981577931568241,0.9946466745479252,-0.0033936500549316406,-0.02720850706100464
0,4096,transformer.h.3.attn.c_proj.weight,"(384, 384)",structural_int4_k8,1.1307812622200664,0.7788284959150282,0.0,0.8793514853264618,0.9036792801943848,0.9387600080727103,-0.021161258220672607,-0.10243070125579834
0,4096,transformer.h.3.mlp.w1.weight,"(1024, 384)",structural_int4_k8,1.048885806372185,1.0035486480376843,0.924899820552147,0.9740561571104226,1.014011451830045,1.0035956388977698,0.0006910562515258789,-0.008426517248153687
0,4096,transformer.h.3.mlp.w2.weight,"(1024, 384)",structural_int4_k8,1.062787682053469,1.0101456554546477,0.9262571629310327,0.9749710812087408,1.0256336357902347,1.0163464431163536,0.0012935400009155273,-0.00824815034866333
0,4096,transformer.h.3.mlp.c_proj.weight,"(384, 1024)",structural_int4_k8,1.0230937521031969,0.9384888704176348,0.8936081242524045,0.9544506023551614,0.9754889063677326,0.968501321632628,-0.0010606050491333008,-0.0137501060962677
0,4096,transformer.h.4.attn.c_attn.weight,"(1152, 384)",structural_int4_k8,1.0297121075944762,0.9312486498724513,0.9311322333757863,0.966207851159674,0.9889772296245235,0.9903417700181938,-0.0030347108840942383,-0.037705421447753906
0,4096,transformer.h.4.attn.c_proj.weight,"(384, 384)",structural_int4_k8,1.0168776486070996,0.9329264711807561,0.0,0.9623316552770219,1.0162412371914733,1.012154851122619,0.0040138959884643555,-0.039044976234436035
0,4096,transformer.h.4.mlp.w1.weight,"(1024, 384)",structural_int4_k8,1.0579189202098322,1.00132600929081,0.9208171396807242,0.9737257575627029,1.0133485682900396,0.9998499131640449,0.0006489753723144531,-0.008451849222183228
0,4096,transformer.h.4.mlp.w2.weight,"(1024, 384)",structural_int4_k8,1.0559613904486223,0.9895890688819807,0.9169479635874257,0.9693975682092159,1.0194013829002524,1.0076984657519645,0.0009641647338867188,-0.010009944438934326
0,4096,transformer.h.4.mlp.c_proj.weight,"(384, 1024)",structural_int4_k8,1.033076757613173,0.8974003181355065,0.8579258002451519,0.9364306697847172,0.9458041252710676,0.931786302787651,-0.0025621652603149414,-0.020084679126739502
0,4096,transformer.h.5.attn.c_attn.weight,"(1152, 384)",structural_int4_k8,1.0263401288386413,0.947012000394388,0.9529669386914611,0.9745374333311385,0.9983061663825648,0.9986288185013676,-0.0005339384078979492,-0.03365170955657959
0,4096,transformer.h.5.attn.c_proj.weight,"(384, 384)",structural_int4_k8,1.0231137108635258,0.9923264319080995,0.0,0.9856544164705234,1.0057992995135336,1.003247086084139,0.0015488862991333008,-0.015770792961120605
0,4096,transformer.h.5.mlp.w1.weight,"(1024, 384)",structural_int4_k8,1.0798772223634747,0.9631816684067072,0.8922540939043977,0.957112757761334,0.9931585797820329,0.9794185365620481,-0.00037783384323120117,-0.01499888300895691
0,4096,transformer.h.5.mlp.w2.weight,"(1024, 384)",structural_int4_k8,1.0855432441360662,0.9754739688920459,0.894754951369533,0.9604037948350473,0.9959447294312357,0.9801831654366053,-0.00022608041763305664,-0.013905584812164307
0,4096,transformer.h.5.mlp.c_proj.weight,"(384, 1024)",structural_int4_k8,1.096163763885829,0.846047916386182,0.7888890719229281,0.905487669915989,0.8995644506570268,0.8734320120421475,-0.006466805934906006,-0.03588658571243286
1,128,transformer.h.0.attn.c_attn.weight,"(1152, 384)",structural_int4_k8,1.0286332400838725,0.9559573472125493,0.9505806148493648,0.9775852950051862,1.005952651258228,1.0101382922723994,0.001226663589477539,-0.01852858066558838
1,128,transformer.h.0.attn.c_proj.weight,"(384, 384)",structural_int4_k8,1.0383666551319548,0.9801112809861685,0.0,0.9962930488232438,1.030820929663316,1.0317978437913609,0.007219970226287842,-0.0034346580505371094
1,128,transformer.h.0.mlp.w1.weight,"(1024, 384)",structural_int4_k8,1.0835083231745999,1.0218115709238027,0.9477768186193308,0.991206886184521,1.0453843801424223,1.028582871821785,0.0018575787544250488,-0.002571314573287964
1,128,transformer.h.0.mlp.w2.weight,"(1024, 384)",structural_int4_k8,1.094074626306413,1.0407686461621821,0.9623854305483159,0.9986766853573391,1.064004438977818,1.0462495055858427,0.0026332736015319824,-0.0003882944583892822
1,128,transformer.h.0.mlp.c_proj.weight,"(384, 1024)",structural_int4_k8,1.1073399110924393,0.8625872693022864,0.8013799364323344,0.9073437620515771,0.909240358265746,0.8925786374540757,-0.007825255393981934,-0.04238894581794739
1,128,transformer.h.1.attn.c_attn.weight,"(1152, 384)",structural_int4_k8,1.0392575985557897,0.9932714199294668,0.9917211737630494,0.9959338595437642,1.032191769992872,1.0394926432721963,0.00861668586730957,-0.004256844520568848
1,128,transformer.h.1.attn.c_proj.weight,"(384, 384)",structural_int4_k8,1.0436718645902445,0.9957965437755621,0.0,0.9927704014842171,1.0112489819583732,1.017136856004473,0.0032148361206054688,-0.00795280933380127
1,128,transformer.h.1.mlp.w1.weight,"(1024, 384)",structural_int4_k8,1.1060337333669579,1.0476442873453402,0.9793534340696047,1.001560237927011,1.054122053977903,1.0439181742906671,0.0031554102897644043,0.0005641281604766846
1,128,transformer.h.1.mlp.w2.weight,"(1024, 384)",structural_int4_k8,1.1345948226395925,1.081688143447923,0.9657434838470356,1.0009718486729315,1.0669016836210528,1.056207545885186,0.0041841864585876465,0.0003669261932373047
1,128,transformer.h.1.mlp.c_proj.weight,"(384, 1024)",structural_int4_k8,1.1643223520842723,0.888969658446716,0.805325019230222,0.9099815731216315,0.9258502307214482,0.9082154290150276,-0.00796884298324585,-0.04788726568222046
1,128,transformer.h.2.attn.c_attn.weight,"(1152, 384)",structural_int4_k8,1.0392601253590459,0.9864323482513248,0.9925360781567274,0.9968375717873283,1.0138918933378605,1.0203819011280724,0.003931105136871338,-0.0034455060958862305
1,128,transformer.h.2.attn.c_proj.weight,"(384, 384)",structural_int4_k8,1.0268353146929043,0.9574210404453071,0.0,0.9813299570133869,1.007319884679958,1.0107641097482156,0.002174079418182373,-0.021291017532348633
1,128,transformer.h.2.mlp.w1.weight,"(1024, 384)",structural_int4_k8,1.1238872747655615,1.035296621283336,0.9622534457381715,0.9928064052591953,1.0454501459411376,1.046421033658738,0.004114389419555664,-0.003422349691390991
1,128,transformer.h.2.mlp.w2.weight,"(1024, 384)",structural_int4_k8,1.136877574855686,1.051478649202812,0.9844688001346378,1.002240366886042,1.0603399039971755,1.0631296757386082,0.005541503429412842,0.0010800361633300781
1,128,transformer.h.2.mlp.c_proj.weight,"(384, 1024)",structural_int4_k8,1.129033435884472,0.919361382537206,0.8572148074854449,0.9354736132618166,0.9655136030529965,0.955449882852736,-0.00414961576461792,-0.03731304407119751
1,128,transformer.h.3.attn.c_attn.weight,"(1152, 384)",structural_int4_k8,1.0319960264952057,0.982203661316958,0.9549032768658574,0.9856362967058425,1.0101098309153795,1.0125189458916304,0.0028995871543884277,-0.01566147804260254
1,128,transformer.h.3.attn.c_proj.weight,"(384, 384)",structural_int4_k8,1.0365317632321662,0.9584274218420393,0.0,0.9841218884050814,0.9998562272709361,0.9997865141773784,-4.392862319946289e-05,-0.018271923065185547
1,128,transformer.h.3.mlp.w1.weight,"(1024, 384)",structural_int4_k8,1.1282692447828453,1.063959213000715,0.9966767599330433,1.007475847795006,1.0656715967102492,1.0679953400079836,0.0075165629386901855,0.004107773303985596
1,128,transformer.h.3.mlp.w2.weight,"(1024, 384)",structural_int4_k8,1.1347011979676929,1.0725218451813527,0.9675967238066072,0.9957881483622385,1.0465005590082128,1.052762929513528,0.005590319633483887,-0.0023990869522094727
1,128,transformer.h.3.mlp.c_proj.weight,"(384, 1024)",structural_int4_k8,1.1424669444448068,0.9089990422888005,0.8390073889728055,0.9262443801013419,0.9403913352801324,0.9275872279575174,-0.0076857805252075195,-0.04433315992355347
1,128,transformer.h.4.attn.c_attn.weight,"(1152, 384)",structural_int4_k8,1.0278756225360954,0.9619415201634973,0.9618809530276523,0.9809754312178739,0.9996451780337975,1.0003728851381763,-9.864568710327148e-05,-0.019679784774780273
1,128,transformer.h.4.attn.c_proj.weight,"(384, 384)",structural_int4_k8,1.0326469513125482,0.9804390090640478,0.0,0.9866894824010652,1.003204146007265,1.0067028854155322,0.0009666085243225098,-0.015007972717285156
1,128,transformer.h.4.mlp.w1.weight,"(1024, 384)",structural_int4_k8,1.1273032655875712,1.0546331717317035,0.9816627870859377,1.0003471606996623,1.0493578210629901,1.0571065982473704,0.006388723850250244,0.00020378828048706055
1,128,transformer.h.4.mlp.w2.weight,"(1024, 384)",structural_int4_k8,1.140124286814785,1.1040509157755316,0.9807400971060432,1.0032119385088965,1.0494348994821203,1.059713843302013,0.006658017635345459,0.0019364356994628906
1,128,transformer.h.4.mlp.c_proj.weight,"(384, 1024)",structural_int4_k8,1.1339850633623814,0.8819272027753847,0.8317234353722177,0.919626039633365,0.9296535982250343,0.9212032937274137,-0.009585201740264893,-0.04944127798080444
1,128,transformer.h.5.attn.c_attn.weight,"(1152, 384)",structural_int4_k8,1.0334231596081402,0.9514616987747991,0.9576001393697199,0.9768824203467725,0.9848709520135451,0.9888901194475366,-0.0040392279624938965,-0.022530853748321533
1,128,transformer.h.5.attn.c_proj.weight,"(384, 384)",structural_int4_k8,1.0275758610864936,0.9469648895837941,0.0,0.9725835203198558,0.9779662200396579,0.9882611389624288,-0.006131768226623535,-0.027776718139648438
1,128,transformer.h.5.mlp.w1.weight,"(1024, 384)",structural_int4_k8,1.1138331005427022,1.0445010999356603,0.9812272489709469,0.9978220020122233,1.0459786502471093,1.053201709821735,0.006247222423553467,-0.0013250112533569336
1,128,transformer.h.5.mlp.w2.weight,"(1024, 384)",structural_int4_k8,1.1143270705539854,1.0182364437247378,0.9653771284649845,0.9898878385696971,1.033725814249468,1.0418713200524725,0.0046610236167907715,-0.0062212347984313965
1,128,transformer.h.5.mlp.c_proj.weight,"(384, 1024)",structural_int4_k8,1.085124597604735,0.9039341433210112,0.8404179618355112,0.9251769413391838,0.9331217573127382,0.924923480900997,-0.008306264877319336,-0.04357057809829712
1,512,transformer.h.0.attn.c_attn.weight,"(1152, 384)",structural_int4_k8,1.0374628815099816,0.9747300928239928,0.9707943561536033,0.9864685524252522,1.007416007045406,1.0082991641696892,0.0016638636589050293,-0.01192253828048706
1,512,transformer.h.0.attn.c_proj.weight,"(384, 384)",structural_int4_k8,1.0197296941739502,0.9404768568790652,0.0,0.9682250118834699,0.989154707353248,0.9896969322384896,-0.002910137176513672,-0.032767653465270996
1,512,transformer.h.0.mlp.w1.weight,"(1024, 384)",structural_int4_k8,1.0661779440478794,1.0133179400392716,0.9439387878560732,0.9858638993988816,1.0380839231396102,1.0306849782577572,0.0015208721160888672,-0.004085063934326172
1,512,transformer.h.0.mlp.w2.weight,"(1024, 384)",structural_int4_k8,1.0712609981603807,1.0249392442779544,0.9533647344970647,0.9923244314500475,1.0444782430195472,1.0302791922541208,0.0018145442008972168,-0.0022408366203308105
1,512,transformer.h.0.mlp.c_proj.weight,"(384, 1024)",structural_int4_k8,1.078154069655915,0.9034226307522663,0.8431454024478194,0.9305761610227585,0.9446890031285747,0.9293403790552999,-0.003588080406188965,-0.02648448944091797
1,512,transformer.h.1.attn.c_attn.weight,"(1152, 384)",structural_int4_k8,1.04251506596411,0.9720029091859601,0.974699022438931,0.9876098398388864,1.0152076180116678,1.0208369043486731,0.004039943218231201,-0.012855887413024902
1,512,transformer.h.1.attn.c_proj.weight,"(384, 384)",structural_int4_k8,1.0269579347954998,0.967100118778314,0.0,0.9779991721894492,0.9914174454484435,0.9940367682215353,-0.0025463104248046875,-0.024851679801940918
1,512,transformer.h.1.mlp.w1.weight,"(1024, 384)",structural_int4_k8,1.0952427135159404,1.047824884905235,0.9455813244770513,0.9903543698839543,1.0594118296023063,1.0442365268627065,0.002953052520751953,-0.0031546950340270996
1,512,transformer.h.1.mlp.w2.weight,"(1024, 384)",structural_int4_k8,1.118586627638942,1.0710764906175445,0.9581942210330565,0.9988482135288904,1.0792371160979102,1.057338060324197,0.004117906093597412,-0.0003883540630340576
1,512,transformer.h.1.mlp.c_proj.weight,"(384, 1024)",structural_int4_k8,1.1024334912611065,0.8987119566920678,0.8557787326595931,0.9370132323656415,0.9587050006354266,0.9350959010620975,-0.0028664469718933105,-0.02484533190727234
1,512,transformer.h.2.attn.c_attn.weight,"(1152, 384)",structural_int4_k8,1.035000483733278,0.9696010917292642,0.9567644099661475,0.9799274852068669,1.0079617982598832,1.0114913016634135,0.002294480800628662,-0.02242136001586914
1,512,transformer.h.2.attn.c_proj.weight,"(384, 384)",structural_int4_k8,1.0256390816051233,0.9547214088243503,0.0,0.9778300574317503,0.9870272933338118,0.9939099060584041,-0.004137158393859863,-0.02686131000518799
1,512,transformer.h.2.mlp.w1.weight,"(1024, 384)",structural_int4_k8,1.1004982691569103,1.0555037031967642,0.9569856405662459,0.9951365643060243,1.0624808147639802,1.049805285358605,0.003809511661529541,-0.0018082857131958008
1,512,transformer.h.2.mlp.w2.weight,"(1024, 384)",structural_int4_k8,1.105892945612956,1.0457204604618267,0.9747074434313854,0.9999589884505167,1.0658241155372665,1.0554098292579954,0.0042694807052612305,-1.58846378326416e-05
1,512,transformer.h.2.mlp.c_proj.weight,"(384, 1024)",structural_int4_k8,1.1002267303518822,0.9450745472742754,0.8915426311307094,0.9555195457089435,0.9934327095447626,0.9775042413886651,-0.0004515647888183594,-0.0175817608833313
1,512,transformer.h.3.attn.c_attn.weight,"(1152, 384)",structural_int4_k8,1.0349475782872153,0.9742421571081965,0.9747874147473501,0.9867738976335595,1.003412542184217,1.0040675416594504,0.0010061264038085938,-0.014977216720581055
1,512,transformer.h.3.attn.c_proj.weight,"(384, 384)",structural_int4_k8,1.026308231608748,0.967503324780114,0.0,0.9833614825336106,0.9995905439168297,0.9997680118478358,-0.0001327991485595703,-0.02042710781097412
1,512,transformer.h.3.mlp.w1.weight,"(1024, 384)",structural_int4_k8,1.1129829084669427,1.0388242537625323,0.9471599063253912,0.9863908727673553,1.0422230212498975,1.0314446417221494,0.0031006932258605957,-0.0057411789894104
1,512,transformer.h.3.mlp.w2.weight,"(1024, 384)",structural_int4_k8,1.1273910430132041,1.037922066777967,0.9659181079701504,0.9935394368360115,1.0677350720550638,1.0559373623625703,0.0051195621490478516,-0.0027896463871002197
1,512,transformer.h.3.mlp.c_proj.weight,"(384, 1024)",structural_int4_k8,1.101854617292442,0.9161837760554264,0.8326973982984355,0.9282505355797877,0.9477093930231115,0.9313500237987826,-0.0037169456481933594,-0.0287419855594635
1,512,transformer.h.4.attn.c_attn.weight,"(1152, 384)",structural_int4_k8,1.0501032501846626,0.9760967473387947,0.9837881569471285,0.9904672563298308,1.0143774547693771,1.0175728757494316,0.004525661468505859,-0.011387109756469727
1,512,transformer.h.4.attn.c_proj.weight,"(384, 384)",structural_int4_k8,1.0315806759232513,0.9652769253604082,0.0,0.9816436950227891,1.0085077370228497,1.0105591580703444,0.00278317928314209,-0.023295283317565918
1,512,transformer.h.4.mlp.w1.weight,"(1024, 384)",structural_int4_k8,1.1012775519582474,1.0585763950275742,0.9575121206757172,0.9909625946665322,1.0454526936093198,1.0411093633974429,0.0039234161376953125,-0.004269391298294067
1,512,transformer.h.4.mlp.w2.weight,"(1024, 384)",structural_int4_k8,1.1124858438569998,1.0584070234398337,0.9752142794945713,0.9974477632390636,1.0482175719017823,1.0462520714841725,0.004372835159301758,-0.0012446045875549316
1,512,transformer.h.4.mlp.c_proj.weight,"(384, 1024)",structural_int4_k8,1.0862211782500522,0.918896169467432,0.8462375661654336,0.9326792582055545,0.9349424027249746,0.9164232714211447,-0.004626572132110596,-0.02713775634765625
1,512,transformer.h.5.attn.c_attn.weight,"(1152, 384)",structural_int4_k8,1.0288314344253158,0.9454603783165552,0.9540980090564468,0.9753698534449151,0.9935405358169054,0.9992734061406353,-0.002141237258911133,-0.0316849946975708
1,512,transformer.h.5.attn.c_proj.weight,"(384, 384)",structural_int4_k8,1.033684458218926,0.9532726403853309,0.0,0.9763445830209858,1.004693563511426,1.0108765603961751,0.0015042424201965332,-0.029040813446044922
1,512,transformer.h.5.mlp.w1.weight,"(1024, 384)",structural_int4_k8,1.096139702505726,1.0293373137794153,0.9511282864597301,0.9836126209265037,1.0196051672311068,1.0198212104329691,0.0019522905349731445,-0.008450508117675781
1,512,transformer.h.5.mlp.w2.weight,"(1024, 384)",structural_int4_k8,1.0964700133198957,1.0224187207666893,0.9630147150736702,0.9893239082553732,1.0348174792523968,1.0353729202814608,0.003461122512817383,-0.005553245544433594
1,512,transformer.h.5.mlp.c_proj.weight,"(384, 1024)",structural_int4_k8,1.0724843657610879,0.912367723297822,0.8436675425430815,0.932137835353204,0.9475321207679807,0.9326589646580563,-0.0036870837211608887,-0.027545630931854248
1,1024,transformer.h.0.attn.c_attn.weight,"(1152, 384)",structural_int4_k8,1.0344388662725417,0.9725302777440216,0.9750429725024122,0.9898945531597309,1.0265522828472948,1.0283434298928533,0.0061449408531188965,-0.009261846542358398
1,1024,transformer.h.0.attn.c_proj.weight,"(384, 384)",structural_int4_k8,1.0342471463827185,0.971662737967241,0.0,0.9787679952724869,1.013402796213309,1.0207331613738868,0.003629148006439209,-0.02228069305419922
1,1024,transformer.h.0.mlp.w1.weight,"(1024, 384)",structural_int4_k8,1.0702825758710102,1.0188631547467026,0.9490080231169709,0.9899281254052524,1.046691720419308,1.0299151141189151,0.0018565654754638672,-0.0029025673866271973
1,1024,transformer.h.0.mlp.w2.weight,"(1024, 384)",structural_int4_k8,1.0762158341266308,1.0189650249004456,0.964701653635729,0.9957097891766726,1.059572924627436,1.045875988563787,0.0023788809776306152,-0.001241058111190796
1,1024,transformer.h.0.mlp.c_proj.weight,"(384, 1024)",structural_int4_k8,1.0729581723139974,0.9155751189416433,0.8424765378577275,0.9310692389447844,0.9414831089966668,0.9248792228519558,-0.003898799419403076,-0.026683270931243896
1,1024,transformer.h.1.attn.c_attn.weight,"(1152, 384)",structural_int4_k8,1.0397139257430752,0.9710307096506268,0.9599781091493896,0.9812956747006025,1.0063655497523247,1.0046384034038152,0.001721024513244629,-0.019664645195007324
1,1024,transformer.h.1.attn.c_proj.weight,"(384, 384)",structural_int4_k8,1.0271363674453862,0.962946190032132,0.0,0.9825097163163666,1.0076738600252793,1.019963012516906,0.0022284388542175293,-0.019385337829589844
1,1024,transformer.h.1.mlp.w1.weight,"(1024, 384)",structural_int4_k8,1.1097466444802793,1.0678429755512606,0.9763436664062376,1.0047349080207655,1.077355844886046,1.0586611083397146,0.004034638404846191,0.0016003251075744629
1,1024,transformer.h.1.mlp.w2.weight,"(1024, 384)",structural_int4_k8,1.1213866056677986,1.0991969319178803,0.9730662524788203,1.0063393007037824,1.0871145651955296,1.06900439238653,0.004595339298248291,0.002169668674468994
1,1024,transformer.h.1.mlp.c_proj.weight,"(384, 1024)",structural_int4_k8,1.1095412713487043,0.921047566766088,0.8577549717011974,0.937807848683243,0.9580028680968129,0.9426439323236352,-0.002993643283843994,-0.02514365315437317
1,1024,transformer.h.2.attn.c_attn.weight,"(1152, 384)",structural_int4_k8,1.0391205924224187,0.9715745871179323,0.9600721259749259,0.9851116748988257,1.0045165058139518,1.0034855480037106,0.0009620189666748047,-0.012107014656066895
1,1024,transformer.h.2.attn.c_proj.weight,"(384, 384)",structural_int4_k8,1.0610100708329648,0.7830574397566521,0.0,0.879701793203659,0.9114625547049171,0.9580297111068967,-0.026005208492279053,-0.13288038969039917
1,1024,transformer.h.2.mlp.w1.weight,"(1024, 384)",structural_int4_k8,1.099493560448197,1.045091256868767,0.9607112273584607,0.9926790600352834,1.0522968191171893,1.0408563777592814,0.0032840371131896973,-0.0027824044227600098
1,1024,transformer.h.2.mlp.w2.weight,"(1024, 384)",structural_int4_k8,1.1118379513200976,1.0668792900625805,0.9858524300775894,1.004638251371393,1.0739096846186311,1.0630630247924195,0.004926919937133789,0.0018336772918701172
1,1024,transformer.h.2.mlp.c_proj.weight,"(384, 1024)",structural_int4_k8,1.0855286269092623,0.9535043792116468,0.9007729440854226,0.9590350174375832,0.9971259096745604,0.9823700190123916,-0.00018864870071411133,-0.01565203070640564
1,1024,transformer.h.3.attn.c_attn.weight,"(1152, 384)",structural_int4_k8,1.0280067312914363,0.9617034220162368,0.9641431800954141,0.9793638890319522,0.9942655438326375,0.9994523980966421,-0.0016623139381408691,-0.023261427879333496
1,1024,transformer.h.3.attn.c_proj.weight,"(384, 384)",structural_int4_k8,1.0269307629032067,0.9510192385320063,0.0,0.9810632969251426,1.0134625462506424,1.0032600374384826,0.003948986530303955,-0.021335363388061523
1,1024,transformer.h.3.mlp.w1.weight,"(1024, 384)",structural_int4_k8,1.1053203019959112,1.0452044528194093,0.9704653376544403,0.9982995575921175,1.0632180414051193,1.0503707681954653,0.004462540149688721,-0.0007025599479675293
1,1024,transformer.h.3.mlp.w2.weight,"(1024, 384)",structural_int4_k8,1.1210453152680395,1.0654403521912441,0.9673189944279896,0.9967413214161482,1.0578611232094957,1.0535241503812056,0.004236340522766113,-0.0013805925846099854
1,1024,transformer.h.3.mlp.c_proj.weight,"(384, 1024)",structural_int4_k8,1.095907906993814,0.9259421729753992,0.8593597253973007,0.9395152980386762,0.9599207147318168,0.941200419997,-0.002708137035369873,-0.023362547159194946
1,1024,transformer.h.4.attn.c_attn.weight,"(1152, 384)",structural_int4_k8,1.0347592055438453,0.9574298999209282,0.9410419508454898,0.9743154359566729,0.998765322834342,1.003318882933533,-0.00033593177795410156,-0.026395320892333984
1,1024,transformer.h.4.attn.c_proj.weight,"(384, 384)",structural_int4_k8,1.0614604022054808,0.7727772799067257,0.0,0.8809561979463122,0.905944747013352,0.9324321052031006,-0.028080880641937256,-0.1341092586517334
1,1024,transformer.h.4.mlp.w1.weight,"(1024, 384)",structural_int4_k8,1.0918074096729087,1.0372208353220265,0.9341402898529125,0.97940974031946,1.039411555027943,1.0296249672017301,0.002991974353790283,-0.008960843086242676
1,1024,transformer.h.4.mlp.w2.weight,"(1024, 384)",structural_int4_k8,1.1029387012171585,1.031471714396813,0.9707734690304666,0.9944279597687591,1.0466872134976188,1.038495157963632,0.0037461519241333008,-0.002509385347366333
1,1024,transformer.h.4.mlp.c_proj.weight,"(384, 1024)",structural_int4_k8,1.0836945406043161,0.9220716425970104,0.8682858267765547,0.9433117379985393,0.969373041920796,0.9550940781796966,-0.0018610954284667969,-0.020778626203536987
1,1024,transformer.h.5.attn.c_attn.weight,"(1152, 384)",structural_int4_k8,1.0317005600371774,0.9645526788102006,0.9683447712476897,0.9848563859486642,0.9983548761186287,1.0029909679307827,-0.0005562901496887207,-0.020462989807128906
1,1024,transformer.h.5.attn.c_proj.weight,"(384, 384)",structural_int4_k8,1.0235304844216673,0.9337071868165635,0.0,0.9715519773517588,0.9921905254975422,0.9917080010419034,-0.002486884593963623,-0.03523719310760498
1,1024,transformer.h.5.mlp.w1.weight,"(1024, 384)",structural_int4_k8,1.1253935213115422,1.0477075196276668,0.9582159515372263,0.9890276080330045,1.0396924685606521,1.036310428641026,0.0035477280616760254,-0.005339443683624268
1,1024,transformer.h.5.mlp.w2.weight,"(1024, 384)",structural_int4_k8,1.1110056660939225,1.038611594108501,0.9537423231491294,0.9874421578765795,1.0398995139169223,1.0337307265408737,0.0035642385482788086,-0.006108641624450684
1,1024,transformer.h.5.mlp.c_proj.weight,"(384, 1024)",structural_int4_k8,1.087614655570519,0.9143898957247325,0.844640234116414,0.9345175515665741,0.9479824637817715,0.9321018505897419,-0.003488004207611084,-0.025621622800827026
1,2048,transformer.h.0.attn.c_attn.weight,"(1152, 384)",structural_int4_k8,1.0181428767117555,0.9323222617460185,0.9259007654950333,0.9638303054446442,0.9805567982109957,0.9896153851175702,-0.004419505596160889,-0.03182142972946167
1,2048,transformer.h.0.attn.c_proj.weight,"(384, 384)",structural_int4_k8,1.029701489998226,0.9465261803089101,0.0,0.9773339134264893,1.0035535874705697,1.005850601925577,0.0008829832077026367,-0.021544277667999268
1,2048,transformer.h.0.mlp.w1.weight,"(1024, 384)",structural_int4_k8,1.070574645422498,1.0322217312620268,0.9595823889045708,0.9976767635536835,1.0588474752627437,1.0426361213206754,0.002076566219329834,-0.0006276071071624756
1,2048,transformer.h.0.mlp.w2.weight,"(1024, 384)",structural_int4_k8,1.0630367876723124,1.0036949786763336,0.9481623651814691,0.9899483130392376,1.0489304416035956,1.0337283973935216,0.0017883777618408203,-0.0027764439582824707
1,2048,transformer.h.0.mlp.c_proj.weight,"(384, 1024)",structural_int4_k8,1.0549202792734058,0.862839589443575,0.8136395070304073,0.9144223684310743,0.9087781571848281,0.8943994374479667,-0.00552058219909668,-0.03114151954650879
1,2048,transformer.h.1.attn.c_attn.weight,"(1152, 384)",structural_int4_k8,1.0279435113674207,0.9561107280443435,0.9384771052520496,0.9720407380280995,0.9995825276902298,1.0096161729372695,-0.00010466575622558594,-0.027447640895843506
1,2048,transformer.h.1.attn.c_proj.weight,"(384, 384)",structural_int4_k8,1.0270510351539175,0.9485021573767051,0.0,0.9742857605172439,0.986579458887417,0.9762209003451567,-0.0034860968589782715,-0.025006413459777832
1,2048,transformer.h.1.mlp.w1.weight,"(1024, 384)",structural_int4_k8,1.0905824071796477,1.0367253512833545,0.9622780734776316,0.9989303682156964,1.0661082450970534,1.0457247169631814,0.003056764602661133,-0.00033801794052124023
1,2048,transformer.h.1.mlp.w2.weight,"(1024, 384)",structural_int4_k8,1.1045726537733762,1.0739246534579534,0.9669547344880065,1.004563797911218,1.0732394510433427,1.0500032570396471,0.0034102201461791992,0.0014449357986450195
1,2048,transformer.h.1.mlp.c_proj.weight,"(384, 1024)",structural_int4_k8,1.0888752444585839,0.9304099245413227,0.8703640746403211,0.945274951189595,0.97044005480457,0.9511041493349117,-0.0017964839935302734,-0.02006155252456665
1,2048,transformer.h.2.attn.c_attn.weight,"(1152, 384)",structural_int4_k8,1.0528883642862872,0.974639090130724,0.9760909153740149,0.9874418737355133,1.013775386639828,1.0171839014781887,0.002417266368865967,-0.008814990520477295
1,2048,transformer.h.2.attn.c_proj.weight,"(384, 384)",structural_int4_k8,1.240841740426295,0.8370512062400021,0.0,0.9115941482842277,0.9320692570094522,0.9582622887878425,-0.018134355545043945,-0.08823376893997192
1,2048,transformer.h.2.mlp.w1.weight,"(1024, 384)",structural_int4_k8,1.0615743506863526,1.0021058795477635,0.9320906796000462,0.9778321969945063,1.0278711756130428,1.0170835013321315,0.001550912857055664,-0.007776916027069092
1,2048,transformer.h.2.mlp.w2.weight,"(1024, 384)",structural_int4_k8,1.094047573197213,1.050522163832639,0.9701752352186149,0.9964605877891709,1.0625195122980213,1.0480253301533913,0.0035331249237060547,-0.0012534260749816895
1,2048,transformer.h.2.mlp.c_proj.weight,"(384, 1024)",structural_int4_k8,1.049721130010642,0.9356105940919488,0.8912190567064735,0.9529507812262352,0.9796733378290339,0.9646298544707851,-0.0010600090026855469,-0.015718579292297363
1,2048,transformer.h.3.attn.c_attn.weight,"(1152, 384)",structural_int4_k8,1.0365821567592763,0.9548144557485113,0.9797090822630384,0.9852148855005516,1.0107466519505632,1.020935168906111,0.0028275251388549805,-0.014937877655029297
1,2048,transformer.h.3.attn.c_proj.weight,"(384, 384)",structural_int4_k8,1.0512292882126189,0.772327747502926,0.0,0.8766516441518918,0.9225014667149198,0.9371271961098708,-0.021864712238311768,-0.13674378395080566
1,2048,transformer.h.3.mlp.w1.weight,"(1024, 384)",structural_int4_k8,1.0738284235110724,1.0169902590807796,0.9411262500817699,0.9835352704721122,1.0416020782330742,1.0329251150386585,0.002319514751434326,-0.005767166614532471
1,2048,transformer.h.3.mlp.w2.weight,"(1024, 384)",structural_int4_k8,1.0905062557387457,1.0307087157578922,0.959718090085592,0.9913815035829083,1.0566982477640603,1.045746935837615,0.003248453140258789,-0.0030691027641296387
1,2048,transformer.h.3.mlp.c_proj.weight,"(384, 1024)",structural_int4_k8,1.0492270789805658,0.93411191835862,0.8964433795209721,0.9561487003694212,0.9858929645637667,0.9697095540118796,-0.0007254481315612793,-0.014528989791870117
1,2048,transformer.h.4.attn.c_attn.weight,"(1152, 384)",structural_int4_k8,1.0188443162891878,0.9263109076651438,0.9466353077665544,0.9650670839663569,0.979692675069307,0.9832722824106301,-0.004843771457672119,-0.03149443864822388
1,2048,transformer.h.4.attn.c_proj.weight,"(384, 384)",structural_int4_k8,1.2101039707184669,0.8036968096392382,0.0,0.8944489897591544,0.9452792712666027,0.9700637159188185,-0.01528477668762207,-0.11506778001785278
1,2048,transformer.h.4.mlp.w1.weight,"(1024, 384)",structural_int4_k8,1.0665023814187755,0.9881137692010942,0.9206714184834968,0.971891208058672,1.0217009010681457,1.0083415296707414,0.001282036304473877,-0.010181546211242676
1,2048,transformer.h.4.mlp.w2.weight,"(1024, 384)",structural_int4_k8,1.078437309764949,1.0155123095222685,0.9456665038430841,0.9828530690665087,1.0395085350837563,1.0308059218670056,0.0023925304412841797,-0.006310015916824341
1,2048,transformer.h.4.mlp.c_proj.weight,"(384, 1024)",structural_int4_k8,1.0567158269361496,0.924373296961127,0.8678271592499126,0.943756090247102,0.9592494045251516,0.9443183586369396,-0.0021251440048217773,-0.018748104572296143
1,2048,transformer.h.5.attn.c_attn.weight,"(1152, 384)",structural_int4_k8,1.0224346688765753,0.9401825307702224,0.9395574725635841,0.9689820176171526,0.9894861938831141,0.9937560959803543,-0.0035472512245178223,-0.04423224925994873
1,2048,transformer.h.5.attn.c_proj.weight,"(384, 384)",structural_int4_k8,1.044331080500152,1.003903591795631,0.0,0.9982726615180385,1.0086874157933285,1.0119958160704359,0.002519667148590088,-0.002043485641479492
1,2048,transformer.h.5.mlp.w1.weight,"(1024, 384)",structural_int4_k8,1.1056305083236655,1.0578435929303907,0.9563249221143255,0.9925245708637528,1.045545460060573,1.035955471255575,0.002908647060394287,-0.0028733015060424805
1,2048,transformer.h.5.mlp.w2.weight,"(1024, 384)",structural_int4_k8,1.0907550691632946,0.9771554663651638,0.9223213714224653,0.9698919750546114,1.0132244675784174,1.0023607490725026,0.0008688569068908691,-0.011774033308029175
1,2048,transformer.h.5.mlp.c_proj.weight,"(384, 1024)",structural_int4_k8,1.0949517118785492,0.8928027198200063,0.8361099430116602,0.9291765530155736,0.9383634942352791,0.9176975221857062,-0.0038208961486816406,-0.02628767490386963
1,4096,transformer.h.0.attn.c_attn.weight,"(1152, 384)",structural_int4_k8,1.0391514575626581,0.9558481021143804,0.9715543799728908,0.9828481581850937,1.0156655459229618,1.0162015020169304,0.003154277801513672,-0.013799309730529785
1,4096,transformer.h.0.attn.c_proj.weight,"(384, 384)",structural_int4_k8,1.0385429684289094,0.9622875243574489,0.0,0.9788021945868786,1.004459298519359,0.9985232409352349,0.0010080933570861816,-0.0182531476020813
1,4096,transformer.h.0.mlp.w1.weight,"(1024, 384)",structural_int4_k8,1.0649603080637167,1.0128284901355182,0.9438253250592737,0.9881179775125979,1.0421638512855844,1.0273936249122264,0.0014846324920654297,-0.0032103657722473145
1,4096,transformer.h.0.mlp.w2.weight,"(1024, 384)",structural_int4_k8,1.0655079229755995,1.0223272604783407,0.9389216013935309,0.9875965133830593,1.0460183779725474,1.025544559465862,0.0016805529594421387,-0.003417760133743286
1,4096,transformer.h.0.mlp.c_proj.weight,"(384, 1024)",structural_int4_k8,1.0547101666128658,0.9123978745689726,0.8551477942878789,0.9375467797069094,0.9425913132691229,0.9250303020041651,-0.0031551718711853027,-0.021639466285705566
1,4096,transformer.h.1.attn.c_attn.weight,"(1152, 384)",structural_int4_k8,1.033841024430544,0.9932985921807908,0.9682986264906567,0.990617702741472,1.0276475608187887,1.0252598666996067,0.005920529365539551,-0.007972478866577148
1,4096,transformer.h.1.attn.c_proj.weight,"(384, 384)",structural_int4_k8,1.027688704971311,0.9351589016793824,0.0,0.9726740697125378,1.0109440861580448,1.0132772507953085,0.0024247169494628906,-0.023377060890197754
1,4096,transformer.h.1.mlp.w1.weight,"(1024, 384)",structural_int4_k8,1.0892679674593035,1.0471895259628372,0.9704428356837862,1.0031830903587415,1.0748534368395095,1.057599556267097,0.0032656192779541016,0.0009688735008239746
1,4096,transformer.h.1.mlp.w2.weight,"(1024, 384)",structural_int4_k8,1.0957699316003755,1.072676158115409,0.9695814351061023,1.0053448328668495,1.067896311886479,1.0474863256467992,0.002953469753265381,0.0016226470470428467
1,4096,transformer.h.1.mlp.c_proj.weight,"(384, 1024)",structural_int4_k8,1.0720157458815422,0.9259585448466428,0.8702305461883227,0.9460084563048939,0.9723105223902739,0.9592618374534941,-0.0016131401062011719,-0.01929524540901184
1,4096,transformer.h.2.attn.c_attn.weight,"(1152, 384)",structural_int4_k8,1.0348683059823343,0.9705869541668636,0.9726622222098091,0.9852325068467809,1.013925848639059,1.0128316168120821,0.0019856691360473633,-0.00893545150756836
1,4096,transformer.h.2.attn.c_proj.weight,"(384, 384)",structural_int4_k8,1.2903412348406582,0.8947659238950503,0.0,0.946077244845625,0.9593086295236644,0.9619249541566266,-0.009484350681304932,-0.0468062162399292
1,4096,transformer.h.2.mlp.w1.weight,"(1024, 384)",structural_int4_k8,1.0595986643241637,1.001704313674464,0.9587632103335334,0.9880799206663935,1.0422763439361529,1.0316936353342927,0.0020791292190551758,-0.003882497549057007
1,4096,transformer.h.2.mlp.w2.weight,"(1024, 384)",structural_int4_k8,1.067069743032492,1.0221477605151286,0.9460648159145167,0.9858613465119455,1.0456984079828042,1.0352720564561742,0.0023379921913146973,-0.004712790250778198
1,4096,transformer.h.2.mlp.c_proj.weight,"(384, 1024)",structural_int4_k8,1.0369995147674809,0.9452343446544458,0.9043901392867213,0.9584084923008831,0.9907145371437576,0.9811947979692607,-0.0004355311393737793,-0.01312902569770813
1,4096,transformer.h.3.attn.c_attn.weight,"(1152, 384)",structural_int4_k8,1.0158620796567543,0.9422970820493841,0.9490515858017897,0.973799559273849,0.9880167918844802,0.9910631372624483,-0.002561330795288086,-0.021594882011413574
1,4096,transformer.h.3.attn.c_proj.weight,"(384, 384)",structural_int4_k8,1.1348788075795848,0.756892885404496,0.0,0.867850352057718,0.8925368402958386,0.9313222484912881,-0.02869236469268799,-0.13676196336746216
1,4096,transformer.h.3.mlp.w1.weight,"(1024, 384)",structural_int4_k8,1.0603127061663067,0.9863167085769782,0.9406787702845086,0.9809241991491672,1.028763999659342,1.0179647322743237,0.0014293193817138672,-0.006229907274246216
1,4096,transformer.h.3.mlp.w2.weight,"(1024, 384)",structural_int4_k8,1.0739037552170105,1.0247156221999079,0.9505096656779448,0.9875723855935971,1.045528304068885,1.033055411837458,0.0022760629653930664,-0.004078418016433716
1,4096,transformer.h.3.mlp.c_proj.weight,"(384, 1024)",structural_int4_k8,1.042705818798479,0.9491733261727183,0.9071508505704753,0.9612390025771604,0.9956643503841504,0.9817940487907671,-0.00020134449005126953,-0.012177139520645142
1,4096,transformer.h.4.attn.c_attn.weight,"(1152, 384)",structural_int4_k8,1.0142071216930926,0.9067659004815428,0.928422185589759,0.9609307103503101,0.9766111105732601,0.9867719227092326,-0.004751920700073242,-0.03091639280319214
1,4096,transformer.h.4.attn.c_proj.weight,"(384, 384)",structural_int4_k8,1.250766397574934,0.8533468970535443,0.0,0.9223753817486333,0.9533905702225084,0.9728578627496202,-0.011649012565612793,-0.075145423412323
1,4096,transformer.h.4.mlp.w1.weight,"(1024, 384)",structural_int4_k8,1.0491849627868137,0.9858297756698576,0.928404577792437,0.9751561123817977,1.0201516733395912,1.0112328475937205,0.0010032057762145996,-0.008133262395858765
1,4096,transformer.h.4.mlp.w2.weight,"(1024, 384)",structural_int4_k8,1.061413005021679,1.0247189156397662,0.9330771270432251,0.9802445675810448,1.0282650121666783,1.0182556511433245,0.0014684796333312988,-0.006613016128540039
1,4096,transformer.h.4.mlp.c_proj.weight,"(384, 1024)",structural_int4_k8,1.046898305869206,0.9518328729002506,0.9002448991768665,0.9605429378526696,0.9904408471939945,0.9773906319502633,-0.00043004751205444336,-0.012141913175582886
1,4096,transformer.h.5.attn.c_attn.weight,"(1152, 384)",structural_int4_k8,1.0284989623953664,0.9555218781288946,0.9551282881548733,0.9755258403208974,0.9929478888996728,1.0009703526226894,-0.0022347569465637207,-0.032663702964782715
1,4096,transformer.h.5.attn.c_proj.weight,"(384, 384)",structural_int4_k8,1.0252029323660556,0.9539459397079695,0.0,0.9841872579889804,1.0084538927748767,1.022438269541068,0.0022916793823242188,-0.017963886260986328
1,4096,transformer.h.5.mlp.w1.weight,"(1024, 384)",structural_int4_k8,1.0857828915554495,0.9706405582457983,0.9141062605649354,0.9671910757496378,1.0014660624320695,0.9878093086415831,8.112192153930664e-05,-0.01143696904182434
1,4096,transformer.h.5.mlp.w2.weight,"(1024, 384)",structural_int4_k8,1.0728704785788523,0.9635860575358843,0.9039064241798688,0.9614965763307932,0.9992610269619892,0.9892540969551479,-4.184246063232422e-05,-0.013590574264526367
1,4096,transformer.h.5.mlp.c_proj.weight,"(384, 1024)",structural_int4_k8,1.1031969033543616,0.8791667691006951,0.8008357519364404,0.9121030381741446,0.9132675864427984,0.8884425675857263,-0.00547105073928833,-0.033022165298461914
