seed,update,parameter_id,shape,reference_method,vq_method,raw_ratio_vq_over_reference,gram_ratio_vq_over_reference,gram_spectral_ratio_vq_over_reference,tail_subspace_ratio_vq_over_reference,update_distortion_ratio_vq_over_reference,exact_polar_distortion_ratio_vq_over_reference,raw_error_delta_vq_minus_reference,gram_error_delta_vq_minus_reference,update_distortion_delta_vq_minus_reference
0,128,transformer.h.0.attn.c_attn.weight,"(1152, 384)",structural_int4_k8,structural_vq64_int3_k8,1.0313844145704554,1.1507833897160353,0.9175009354178186,0.997204018216648,1.0064872476948317,1.0058584352003284,0.002814672887325287,0.002479247748851776,0.00131303071975708
0,128,transformer.h.0.attn.c_proj.weight,"(384, 384)",structural_int4_k8,structural_vq64_int3_k8,1.029182938865955,1.1469463558734334,1.0132220503645522,1.000323167458287,1.012050707958178,1.011341517350647,0.002545692026615143,0.002334173768758774,0.002790391445159912
0,128,transformer.h.0.mlp.w1.weight,"(1024, 384)",structural_int4_k8,structural_vq64_int3_k8,1.0737533659506846,1.3955464627962446,1.213398316175168,1.0004912813849678,1.0393447635424062,1.0249401924319417,0.008862659335136414,0.00784057192504406,0.0015493035316467285
0,128,transformer.h.0.mlp.w2.weight,"(1024, 384)",structural_int4_k8,structural_vq64_int3_k8,1.0790003052083839,1.420932612788944,1.2307290976528404,1.0273706194853647,1.0441788744409612,1.0274558338812467,0.009578920900821686,0.00908837653696537,0.0017563700675964355
0,128,transformer.h.0.mlp.c_proj.weight,"(384, 1024)",structural_int4_k8,structural_vq64_int3_k8,1.0808707408362916,1.5820885632387491,2.663407877781721,0.9628444469702763,0.8975967407030041,0.8823652340529762,0.011696264147758484,0.026965301483869553,-0.00853055715560913
0,128,transformer.h.1.attn.c_attn.weight,"(1152, 384)",structural_int4_k8,structural_vq64_int3_k8,1.0281011145130006,1.1779995397342078,0.903474987021259,1.0033854450365303,1.000376670560556,1.0032067551178088,0.0026038363575935364,0.0032530762255191803,0.00010120868682861328
0,128,transformer.h.1.attn.c_proj.weight,"(384, 384)",structural_int4_k8,structural_vq64_int3_k8,1.0177948655859097,1.1007439527711684,0.7343584043189907,0.9983927724995946,0.9979547684980504,0.9988716206267613,0.001570291817188263,0.001593640074133873,-0.0005795955657958984
0,128,transformer.h.1.mlp.w1.weight,"(1024, 384)",structural_int4_k8,structural_vq64_int3_k8,1.112556847602676,1.5994006964901648,1.8327772148856254,0.9938381099679222,1.0361704433446695,1.0246905747354333,0.013124823570251465,0.013107696548104286,0.0020888447761535645
0,128,transformer.h.1.mlp.w2.weight,"(1024, 384)",structural_int4_k8,structural_vq64_int3_k8,1.1200291741093287,1.5881967464019544,1.609759568656968,1.0075519126304622,1.0493079213698917,1.0359804808562243,0.014301672577857971,0.014259466901421547,0.0029460787773132324
0,128,transformer.h.1.mlp.c_proj.weight,"(384, 1024)",structural_int4_k8,structural_vq64_int3_k8,1.147402345666245,1.7344836382558004,2.827715426505015,0.9443326474356158,0.9174197289087644,0.9037154025213712,0.020708337426185608,0.03259660676121712,-0.008811891078948975
0,128,transformer.h.2.attn.c_attn.weight,"(1152, 384)",structural_int4_k8,structural_vq64_int3_k8,1.026612495389707,1.1304601362502242,0.7349534564199928,1.0009886336967169,1.0041646170962235,1.012335333728838,0.0023638159036636353,0.002067742869257927,0.0012030601501464844
0,128,transformer.h.2.attn.c_proj.weight,"(384, 384)",structural_int4_k8,structural_vq64_int3_k8,1.0280819563044719,1.1571769289628435,1.020854488093534,1.0032588230710158,0.9880160227375315,0.9981683289114762,0.002435535192489624,0.0024037742987275124,-0.00367128849029541
0,128,transformer.h.2.mlp.w1.weight,"(1024, 384)",structural_int4_k8,structural_vq64_int3_k8,1.1307463144210277,1.6230539380220124,1.24840445758241,0.9954236638889561,1.0582231141977445,1.0563645502708636,0.01438547670841217,0.011150646954774857,0.005114912986755371
0,128,transformer.h.2.mlp.w2.weight,"(1024, 384)",structural_int4_k8,structural_vq64_int3_k8,1.1319474335066486,1.597970065613173,1.0998851499425395,1.0111832678461514,1.0395169773935566,1.0382929343143585,0.014535292983055115,0.011020561680197716,0.003575742244720459
0,128,transformer.h.2.mlp.c_proj.weight,"(384, 1024)",structural_int4_k8,structural_vq64_int3_k8,1.151170279064224,1.7535814842234956,2.5705946127439536,0.964772216065857,0.9424403113127559,0.9276979300756348,0.02014760673046112,0.028613679111003876,-0.006640076637268066
0,128,transformer.h.3.attn.c_attn.weight,"(1152, 384)",structural_int4_k8,structural_vq64_int3_k8,1.025040469776187,1.1515631260224914,1.0538556556503613,1.003211366930906,0.9961875434644882,1.004062680825579,0.001998208463191986,0.0018570208922028542,-0.0011162161827087402
0,128,transformer.h.3.attn.c_proj.weight,"(384, 384)",structural_int4_k8,structural_vq64_int3_k8,1.0169963906520585,1.1597837461809954,1.0444031723213643,1.0005579592742528,0.9903475022958191,1.008230425202151,0.0013804435729980469,0.0019286563619971275,-0.0029746294021606445
0,128,transformer.h.3.mlp.w1.weight,"(1024, 384)",structural_int4_k8,structural_vq64_int3_k8,1.1066961831737647,1.6602432159226168,1.5731254071632759,1.0149618959074453,1.0276589975751422,1.0268632214037887,0.010882459580898285,0.009595797397196293,0.00299757719039917
0,128,transformer.h.3.mlp.w2.weight,"(1024, 384)",structural_int4_k8,structural_vq64_int3_k8,1.1415482817326936,1.6485835918531249,1.502373829213791,1.011407733604089,1.0455972400655422,1.0485980434918063,0.014099501073360443,0.00971141830086708,0.005284488201141357
0,128,transformer.h.3.mlp.c_proj.weight,"(384, 1024)",structural_int4_k8,structural_vq64_int3_k8,1.1017173212491056,1.4986114029741398,1.390474578486818,0.9855921971248051,0.9384609138789028,0.9306334741866095,0.012562915682792664,0.014456437900662422,-0.007047295570373535
0,128,transformer.h.4.attn.c_attn.weight,"(1152, 384)",structural_int4_k8,structural_vq64_int3_k8,1.0154904840485923,1.07360325436627,0.9427674219025953,0.9979243804326496,0.9736566676564168,0.9838300851048153,0.0010832101106643677,0.0006531709805130959,-0.007435142993927002
0,128,transformer.h.4.attn.c_proj.weight,"(384, 384)",structural_int4_k8,structural_vq64_int3_k8,1.0112371963478561,1.091375767200503,0.962804844378107,0.9910373931694676,0.9655624455065854,0.989658057959497,0.000835910439491272,0.0010534096509218216,-0.010337412357330322
0,128,transformer.h.4.mlp.w1.weight,"(1024, 384)",structural_int4_k8,structural_vq64_int3_k8,1.1156553599514751,1.510427891227382,1.1519308569675701,1.0144597660397272,1.0480042862752668,1.0492534037048926,0.01104116439819336,0.006552516482770443,0.006018579006195068
0,128,transformer.h.4.mlp.w2.weight,"(1024, 384)",structural_int4_k8,structural_vq64_int3_k8,1.1275708093833645,1.5743583098006293,1.2888248893746606,1.007596632470956,1.0270333048201234,1.0313494099831098,0.012715369462966919,0.008073914796113968,0.0034754276275634766
0,128,transformer.h.4.mlp.c_proj.weight,"(384, 1024)",structural_int4_k8,structural_vq64_int3_k8,1.1218537988696606,1.4813462064060374,1.1638093696918888,0.9712086045588204,0.9307094659726238,0.9225158314482775,0.014291547238826752,0.01155693270266056,-0.008569002151489258
0,128,transformer.h.5.attn.c_attn.weight,"(1152, 384)",structural_int4_k8,structural_vq64_int3_k8,1.0194586585179481,1.0581033394642927,0.9851682697587506,0.9913200783786342,0.9886440081408792,0.9963842195602918,0.0011782273650169373,0.0004787025973200798,-0.0030134916305541992
0,128,transformer.h.5.attn.c_proj.weight,"(384, 384)",structural_int4_k8,structural_vq64_int3_k8,1.016420925077594,1.0725701505701506,1.0320351740177787,1.0025000784274818,0.9803585853789312,0.98717029612534,0.0009304918348789215,0.0005363980308175087,-0.005288302898406982
0,128,transformer.h.5.mlp.w1.weight,"(1024, 384)",structural_int4_k8,structural_vq64_int3_k8,1.1009170932141785,1.5143182777790967,1.1785271859250133,1.0270721487148062,1.0204541135893475,1.0271073838941558,0.0087762251496315,0.005387498997151852,0.002720355987548828
0,128,transformer.h.5.mlp.w2.weight,"(1024, 384)",structural_int4_k8,structural_vq64_int3_k8,1.1051365052893982,1.4143937408673155,1.0904095857066656,1.0114125199135862,1.0353532328640835,1.040229651984756,0.00937168300151825,0.004929198883473873,0.004749715328216553
0,128,transformer.h.5.mlp.c_proj.weight,"(384, 1024)",structural_int4_k8,structural_vq64_int3_k8,1.1003477287222365,1.479613127802707,1.2845203025823488,0.9517135270945961,0.9022336627086274,0.8922261967438451,0.010936014354228973,0.008581016212701797,-0.012281239032745361
0,512,transformer.h.0.attn.c_attn.weight,"(1152, 384)",structural_int4_k8,structural_vq64_int3_k8,1.0309498887150907,1.1732180002848167,0.9632222176059114,1.0078680647896325,1.0062333093027844,1.0086793260183298,0.002743370831012726,0.0028478875756263733,0.001404881477355957
0,512,transformer.h.0.attn.c_proj.weight,"(384, 384)",structural_int4_k8,structural_vq64_int3_k8,1.0361134467124304,1.1870032287286125,1.0128668888271777,0.9984407415924289,1.0066443372679914,1.015228488195139,0.003300219774246216,0.0034033432602882385,0.0017372965812683105
0,512,transformer.h.0.mlp.w1.weight,"(1024, 384)",structural_int4_k8,structural_vq64_int3_k8,1.0595495729362387,1.3226431695253842,1.0256919940834883,0.9956548131075132,1.029676485927222,1.0156261317526367,0.007585152983665466,0.005896665155887604,0.0011565685272216797
0,512,transformer.h.0.mlp.w2.weight,"(1024, 384)",structural_int4_k8,structural_vq64_int3_k8,1.0647889291906847,1.3639031892410773,1.1100824636472573,1.0007598598203462,1.037128687273689,1.0241813551762122,0.00847102701663971,0.007379630580544472,0.0014979839324951172
0,512,transformer.h.0.mlp.c_proj.weight,"(384, 1024)",structural_int4_k8,structural_vq64_int3_k8,1.0560821496566661,1.3167976424361494,1.1770377648810293,0.978541089227428,0.9624958439756385,0.9515320453678704,0.00855456292629242,0.01522902399301529,-0.0023263096809387207
0,512,transformer.h.1.attn.c_attn.weight,"(1152, 384)",structural_int4_k8,structural_vq64_int3_k8,1.0384600046360857,1.251898025788167,1.1061655974834939,1.0043951869480605,1.0123928451043074,1.0169067025889893,0.0036429911851882935,0.004390748217701912,0.003352820873260498
0,512,transformer.h.1.attn.c_proj.weight,"(384, 384)",structural_int4_k8,structural_vq64_int3_k8,1.0293788981061005,1.1469169539966468,0.87520456134707,1.0037289778604448,1.0090787645645343,0.9966145413509592,0.0027446821331977844,0.0023852158337831497,0.002674698829650879
0,512,transformer.h.1.mlp.w1.weight,"(1024, 384)",structural_int4_k8,structural_vq64_int3_k8,1.113661930712756,1.5301078074302592,1.4357883609170976,1.0055267070575806,1.05892806848891,1.0378223569994047,0.015826568007469177,0.017279822379350662,0.0030179619789123535
0,512,transformer.h.1.mlp.w2.weight,"(1024, 384)",structural_int4_k8,structural_vq64_int3_k8,1.1193177379014712,1.6100221677111377,1.402116771398454,1.0159815076909773,1.0511218435336909,1.0323133324357407,0.01686277985572815,0.02074071392416954,0.0027495622634887695
0,512,transformer.h.1.mlp.c_proj.weight,"(384, 1024)",structural_int4_k8,structural_vq64_int3_k8,1.1060336251234137,1.4735303707044904,1.779492447287165,0.9879610970325023,0.9626101418356025,0.9433545171674413,0.01674748957157135,0.028783880174160004,-0.002625107765197754
0,512,transformer.h.2.attn.c_attn.weight,"(1152, 384)",structural_int4_k8,structural_vq64_int3_k8,1.0325577478639838,1.2283683267376901,1.1321891010372107,0.9972345470059545,0.9987799699303617,1.003248051447695,0.002866208553314209,0.0032168831676244736,-0.0003491640090942383
0,512,transformer.h.2.attn.c_proj.weight,"(384, 384)",structural_int4_k8,structural_vq64_int3_k8,1.0266893926078184,1.1769494421145628,0.9706995555330429,1.0049450380017737,0.9926111059968339,0.9945956156672365,0.0024877935647964478,0.0028189029544591904,-0.0023346543312072754
0,512,transformer.h.2.mlp.w1.weight,"(1024, 384)",structural_int4_k8,structural_vq64_int3_k8,1.1026940285693805,1.5663347293918364,1.6969264209434916,1.0180140846264834,1.0419341547376955,1.0295054269463144,0.014687389135360718,0.020600542426109314,0.002632737159729004
0,512,transformer.h.2.mlp.w2.weight,"(1024, 384)",structural_int4_k8,structural_vq64_int3_k8,1.1162305453344434,1.5993310286488942,1.4583903399240565,1.0086048512074277,1.0549148351449145,1.0397076453204324,0.016235217452049255,0.019745230674743652,0.0036112070083618164
0,512,transformer.h.2.mlp.c_proj.weight,"(384, 1024)",structural_int4_k8,structural_vq64_int3_k8,1.078786460475939,1.4164279638435682,1.7684638573427403,0.959020976990328,0.947165486790723,0.9322266959927181,0.012742355465888977,0.029063254594802856,-0.003641068935394287
0,512,transformer.h.3.attn.c_attn.weight,"(1152, 384)",structural_int4_k8,structural_vq64_int3_k8,1.032794425996048,1.2836108942049367,1.1609064251499088,0.9983100886836874,0.9885108140779675,0.9913652419444887,0.00302722305059433,0.004084808751940727,-0.0036040544509887695
0,512,transformer.h.3.attn.c_proj.weight,"(384, 384)",structural_int4_k8,structural_vq64_int3_k8,1.023396264904111,1.2294002774739916,1.0440454100213592,0.9969981169776981,0.9961624605584153,1.00859718185706,0.0022320151329040527,0.004113776609301567,-0.0012271404266357422
0,512,transformer.h.3.mlp.w1.weight,"(1024, 384)",structural_int4_k8,structural_vq64_int3_k8,1.0965787586598885,1.5592063472306512,1.4559317496945978,0.9992215898704881,1.0391051038605794,1.0293653187179566,0.013490408658981323,0.01941462978720665,0.002800881862640381
0,512,transformer.h.3.mlp.w2.weight,"(1024, 384)",structural_int4_k8,structural_vq64_int3_k8,1.1039179901904774,1.5820406395321636,1.4653196119306369,1.0085741360703904,1.0318353387322572,1.0235687879293598,0.01463647186756134,0.022476322948932648,0.0023557543754577637
0,512,transformer.h.3.mlp.c_proj.weight,"(384, 1024)",structural_int4_k8,structural_vq64_int3_k8,1.0796661137167052,1.4072932824941171,1.2819969504058002,0.9585233063219682,0.9401861284584468,0.9247505887692831,0.012497708201408386,0.021658960729837418,-0.003994464874267578
0,512,transformer.h.4.attn.c_attn.weight,"(1152, 384)",structural_int4_k8,structural_vq64_int3_k8,1.0291853609900088,1.246390633488528,1.1891521132031189,0.9993917982594746,0.9920507898999567,0.9945180401434676,0.0027405396103858948,0.00451955571770668,-0.0024959444999694824
0,512,transformer.h.4.attn.c_proj.weight,"(384, 384)",structural_int4_k8,structural_vq64_int3_k8,1.0170860270238398,1.2241819316485423,1.0417342778703522,0.9993394652455528,0.9916173365554783,1.0055637448134482,0.0016385838389396667,0.004402764141559601,-0.002711176872253418
0,512,transformer.h.4.mlp.w1.weight,"(1024, 384)",structural_int4_k8,structural_vq64_int3_k8,1.0972756847275447,1.606721098011759,1.4925380478495376,0.995874271840497,1.0351055993306824,1.025649198422529,0.013666003942489624,0.021874338388442993,0.0028661489486694336
0,512,transformer.h.4.mlp.w2.weight,"(1024, 384)",structural_int4_k8,structural_vq64_int3_k8,1.104432433608758,1.6301818563052928,1.382428456524168,1.0151724024806585,1.0148792799476536,1.0045469867734502,0.014587685465812683,0.021832600235939026,0.0012862682342529297
0,512,transformer.h.4.mlp.c_proj.weight,"(384, 1024)",structural_int4_k8,structural_vq64_int3_k8,1.0927838150791291,1.4165736071639083,1.2130111292857104,0.9580392689298141,0.9284142670494068,0.9096882600835035,0.013429120182991028,0.013632606714963913,-0.0048888325691223145
0,512,transformer.h.5.attn.c_attn.weight,"(1152, 384)",structural_int4_k8,structural_vq64_int3_k8,1.0207518997149652,1.2403772890630522,1.035611126936715,0.997429969907046,0.9990060237752937,0.99859183423857,0.0018446147441864014,0.004149258136749268,-0.0003223419189453125
0,512,transformer.h.5.attn.c_proj.weight,"(384, 384)",structural_int4_k8,structural_vq64_int3_k8,1.0238447765900112,1.1564977020126868,0.990212629464747,1.0041245994037755,1.0005109566129708,1.0127551264878354,0.00200585275888443,0.002302771434187889,0.0001609325408935547
0,512,transformer.h.5.mlp.w1.weight,"(1024, 384)",structural_int4_k8,structural_vq64_int3_k8,1.0901947819950466,1.5521858229193068,1.5125735976746928,1.0036581540994176,1.0244523382590984,1.0265728939975918,0.011533722281455994,0.014864655211567879,0.0023563504219055176
0,512,transformer.h.5.mlp.w2.weight,"(1024, 384)",structural_int4_k8,structural_vq64_int3_k8,1.0883623674940117,1.4758661985793162,1.1583280441862422,1.0083697849886846,1.02204478820016,1.0171378541074456,0.011444851756095886,0.013277918100357056,0.0021704435348510742
0,512,transformer.h.5.mlp.c_proj.weight,"(384, 1024)",structural_int4_k8,structural_vq64_int3_k8,1.0495334634126268,1.2455470585580566,0.9762310639652148,0.9499519584188992,0.9221678624715254,0.9102460291164319,0.006457328796386719,0.005462413653731346,-0.005170762538909912
0,1024,transformer.h.0.attn.c_attn.weight,"(1152, 384)",structural_int4_k8,structural_vq64_int3_k8,1.0356005836542133,1.163486398106959,1.0621332832195214,1.0074034592316203,1.0098818132835137,1.0154313573772937,0.0032422691583633423,0.002807481214404106,0.0022573471069335938
0,1024,transformer.h.0.attn.c_proj.weight,"(384, 384)",structural_int4_k8,structural_vq64_int3_k8,1.0221707687719408,1.2082374536408598,1.0817716131982522,0.9960151268058666,1.006854523316731,1.0112401661233474,0.002066485583782196,0.003926068544387817,0.0018391609191894531
0,1024,transformer.h.0.mlp.w1.weight,"(1024, 384)",structural_int4_k8,structural_vq64_int3_k8,1.0603313803084913,1.3186052968648196,1.14338375569615,1.0134938219438383,1.0336841978743798,1.0176075883471243,0.007918193936347961,0.00654253177344799,0.0013363361358642578
0,1024,transformer.h.0.mlp.w2.weight,"(1024, 384)",structural_int4_k8,structural_vq64_int3_k8,1.064304119941519,1.338894824601956,1.1128918165472952,1.0167533955595238,1.0441626052121074,1.0317586034884998,0.008581787347793579,0.0076232533901929855,0.0018141865730285645
0,1024,transformer.h.0.mlp.c_proj.weight,"(384, 1024)",structural_int4_k8,structural_vq64_int3_k8,1.0584268208475092,1.3193340301460224,1.1123603834237077,0.9763819870124508,0.9569668918974663,0.9453296118115602,0.009133651852607727,0.01698113977909088,-0.0027980804443359375
0,1024,transformer.h.1.attn.c_attn.weight,"(1152, 384)",structural_int4_k8,structural_vq64_int3_k8,1.0285284839313797,1.1545938184421294,0.9357992877291323,0.9904289993887443,1.0037853893050497,1.007893219769356,0.002719387412071228,0.0026238802820444107,0.0009942054748535156
0,1024,transformer.h.1.attn.c_proj.weight,"(384, 384)",structural_int4_k8,structural_vq64_int3_k8,1.0250256821005075,1.1142928530188427,0.986581544254474,0.9862792385950505,0.9935714730422909,0.9966468247820129,0.0019014328718185425,0.0010075373575091362,-0.0018155574798583984
0,1024,transformer.h.1.mlp.w1.weight,"(1024, 384)",structural_int4_k8,structural_vq64_int3_k8,1.127755847005294,1.4937779520906702,1.280542720533073,1.007445860383641,1.05668907360362,1.0387212572277147,0.016089871525764465,0.009738940745592117,0.0033065080642700195
0,1024,transformer.h.1.mlp.w2.weight,"(1024, 384)",structural_int4_k8,structural_vq64_int3_k8,1.140527838118347,1.540388377492812,1.2283938079225378,1.0338980482099709,1.0755269527556892,1.0573127895255516,0.017795175313949585,0.01091860979795456,0.004590153694152832
0,1024,transformer.h.1.mlp.c_proj.weight,"(384, 1024)",structural_int4_k8,structural_vq64_int3_k8,1.1373041145820495,1.5201725269473867,1.5960277414897914,0.973078527435014,0.9676868709925407,0.945108905860407,0.020832091569900513,0.023372992873191833,-0.002522885799407959
0,1024,transformer.h.2.attn.c_attn.weight,"(1152, 384)",structural_int4_k8,structural_vq64_int3_k8,1.0306843919576252,1.14328176900239,1.131658214373998,0.9961358194192871,0.9872881331516337,0.9985585265988314,0.0015949197113513947,0.0011010202579200268,-0.002629876136779785
0,1024,transformer.h.2.attn.c_proj.weight,"(384, 384)",structural_int4_k8,structural_vq64_int3_k8,1.0864504905024768,1.2777646923163768,1.1535348531147387,0.9770503586918676,0.8983512743214747,0.9406725377299016,0.007190711796283722,0.0027885492891073227,-0.029682457447052002
0,1024,transformer.h.2.mlp.w1.weight,"(1024, 384)",structural_int4_k8,structural_vq64_int3_k8,1.1070485088042556,1.5164269712472058,1.3604582454561673,1.0080000659858415,1.0586731631093327,1.0530832145217415,0.014219388365745544,0.01173495501279831,0.003903210163116455
0,1024,transformer.h.2.mlp.w2.weight,"(1024, 384)",structural_int4_k8,structural_vq64_int3_k8,1.1174696686178085,1.5654057927763814,1.2516323977682158,1.0103852186740652,1.052044983844167,1.0427634935314798,0.015974655747413635,0.01456054300069809,0.0036367177963256836
0,1024,transformer.h.2.mlp.c_proj.weight,"(384, 1024)",structural_int4_k8,structural_vq64_int3_k8,1.0839122506506815,1.4307592975698424,1.8268105065728466,0.9809411587503614,0.9639028281597827,0.9460840173021092,0.013793691992759705,0.032021597027778625,-0.002395033836364746
0,1024,transformer.h.3.attn.c_attn.weight,"(1152, 384)",structural_int4_k8,structural_vq64_int3_k8,1.0301139536712145,1.1935118450337774,1.0423320046015874,0.9927698862109321,1.0014587711025442,1.0027331910889192,0.002491302788257599,0.002017148770391941,0.00040990114212036133
0,1024,transformer.h.3.attn.c_proj.weight,"(384, 384)",structural_int4_k8,structural_vq64_int3_k8,1.0215530595475253,1.1003641266003192,0.9499091163903967,0.9985729505854145,0.9796326188541558,0.9902196570772579,0.00190792977809906,0.0013219034299254417,-0.005897045135498047
0,1024,transformer.h.3.mlp.w1.weight,"(1024, 384)",structural_int4_k8,structural_vq64_int3_k8,1.0895210248974831,1.570935366445192,1.7620863167111096,1.0010717579353643,1.0438100900229015,1.0350882534207406,0.012983545660972595,0.022972185164690018,0.0029691457748413086
0,1024,transformer.h.3.mlp.w2.weight,"(1024, 384)",structural_int4_k8,structural_vq64_int3_k8,1.0976465330722553,1.604661010534267,1.6125221082346552,1.000920057794759,1.0321939324248322,1.0230549006665393,0.014257803559303284,0.0254429392516613,0.0022962093353271484
0,1024,transformer.h.3.mlp.c_proj.weight,"(384, 1024)",structural_int4_k8,structural_vq64_int3_k8,1.055587186476562,1.3250795800603752,1.5606469049040277,0.9771255381952567,0.9480157761050738,0.9353236870451866,0.009137749671936035,0.02371279150247574,-0.003133833408355713
0,1024,transformer.h.4.attn.c_attn.weight,"(1152, 384)",structural_int4_k8,structural_vq64_int3_k8,1.0298712677825497,1.2245269799748424,0.9434212439466095,0.9965103946345372,0.9986860103802485,1.0013368284028739,0.002977713942527771,0.004930606111884117,-0.0004068613052368164
0,1024,transformer.h.4.attn.c_proj.weight,"(384, 384)",structural_int4_k8,structural_vq64_int3_k8,1.0223975185717848,1.1851959270933707,1.0285638506534966,0.9973120130970073,1.0026403783309967,1.0139949832449848,0.0022699087858200073,0.003896370530128479,0.0008088350296020508
0,1024,transformer.h.4.mlp.w1.weight,"(1024, 384)",structural_int4_k8,structural_vq64_int3_k8,1.0880489731004843,1.5778578993029944,1.7602724868452233,0.9966452510905761,1.019231513868632,1.0093656627621037,0.013410866260528564,0.028964076191186905,0.0014209747314453125
0,1024,transformer.h.4.mlp.w2.weight,"(1024, 384)",structural_int4_k8,structural_vq64_int3_k8,1.0939493154366289,1.6225073494303677,2.1332597802999116,1.0196978839366733,1.0286078916768358,1.0212647511525517,0.014362156391143799,0.03233233466744423,0.0021952390670776367
0,1024,transformer.h.4.mlp.c_proj.weight,"(384, 1024)",structural_int4_k8,structural_vq64_int3_k8,1.0727345360772276,1.3515221664936843,1.0199342543470336,0.9766259251315591,0.9481818829970827,0.9281970202494447,0.011180564761161804,0.015452176332473755,-0.003162384033203125
0,1024,transformer.h.5.attn.c_attn.weight,"(1152, 384)",structural_int4_k8,structural_vq64_int3_k8,1.0264662109079552,1.2660307095107115,1.1136542157179832,1.0022516351536745,0.9962988702121699,1.0064627449287737,0.002626679837703705,0.006102796643972397,-0.0012465715408325195
0,1024,transformer.h.5.attn.c_proj.weight,"(384, 384)",structural_int4_k8,structural_vq64_int3_k8,1.0227762543802537,1.1943994689384811,0.9613150215223334,0.9954395310113903,0.9833569951295846,0.9897446349813395,0.002232074737548828,0.004068655893206596,-0.005228638648986816
0,1024,transformer.h.5.mlp.w1.weight,"(1024, 384)",structural_int4_k8,structural_vq64_int3_k8,1.088325879212958,1.5456186339758766,1.130754804683839,1.0073767638271416,1.0228730735496805,1.0126979206246218,0.012382999062538147,0.02162569761276245,0.0019585490226745605
0,1024,transformer.h.5.mlp.w2.weight,"(1024, 384)",structural_int4_k8,structural_vq64_int3_k8,1.0861285216542074,1.5392327547266593,1.3991506997577776,1.014194336687902,1.0168095796749999,1.0127170909892484,0.011969238519668579,0.020897027105093002,0.0014646649360656738
0,1024,transformer.h.5.mlp.c_proj.weight,"(384, 1024)",structural_int4_k8,structural_vq64_int3_k8,1.077151243128108,1.3385404499534586,0.9362253866382193,0.9580430527005572,0.9190512313959276,0.9032368954047978,0.010102823376655579,0.007517552003264427,-0.005399942398071289
0,2048,transformer.h.0.attn.c_attn.weight,"(1152, 384)",structural_int4_k8,structural_vq64_int3_k8,1.034990908227343,1.1026929645822008,1.0528266682466692,0.9975574914330982,1.01089638260505,1.0114044640725646,0.0027032941579818726,0.0012797852978110313,0.0023423433303833008
0,2048,transformer.h.0.attn.c_proj.weight,"(384, 384)",structural_int4_k8,structural_vq64_int3_k8,1.023632798054758,1.129708452257593,1.1548978088395527,1.0003664307480549,1.0053430879547633,1.0131090315054812,0.0016998425126075745,0.0016016671434044838,0.0012881755828857422
0,2048,transformer.h.0.mlp.w1.weight,"(1024, 384)",structural_int4_k8,structural_vq64_int3_k8,1.0580331991730088,1.3067201181036545,1.1488185572429688,0.9977836354816498,1.044935211193181,1.027596148895639,0.007654741406440735,0.0066879503428936005,0.0016219615936279297
0,2048,transformer.h.0.mlp.w2.weight,"(1024, 384)",structural_int4_k8,structural_vq64_int3_k8,1.0634942494068624,1.3040683516825868,1.0210329088724608,0.9727522653151471,1.032418124549353,1.014617082477613,0.00845743715763092,0.0067810434848070145,0.0012220144271850586
0,2048,transformer.h.0.mlp.c_proj.weight,"(384, 1024)",structural_int4_k8,structural_vq64_int3_k8,1.0493415505172439,1.2777255270817658,1.2158766007250534,0.9802591450653192,0.9511573970194069,0.9365205020319712,0.007572948932647705,0.014270912855863571,-0.0028544068336486816
0,2048,transformer.h.1.attn.c_attn.weight,"(1152, 384)",structural_int4_k8,structural_vq64_int3_k8,1.0438139211010995,1.1118029979929438,0.9231876428956606,0.9987958559681487,1.0250581139701576,1.0262267080320289,0.003453195095062256,0.00123545341193676,0.00592726469039917
0,2048,transformer.h.1.attn.c_proj.weight,"(384, 384)",structural_int4_k8,structural_vq64_int3_k8,1.0253568529004853,1.0692835407561854,0.924188519870135,0.9988929475973558,0.9993747815393333,0.9971792684531645,0.001766882836818695,0.0005506705492734909,-0.00016045570373535156
0,2048,transformer.h.1.mlp.w1.weight,"(1024, 384)",structural_int4_k8,structural_vq64_int3_k8,1.111382291691414,1.4487519253260304,1.1746898298024784,1.020813376813721,1.0666187876690494,1.0486992632129895,0.014042168855667114,0.008874412626028061,0.0032012462615966797
0,2048,transformer.h.1.mlp.w2.weight,"(1024, 384)",structural_int4_k8,structural_vq64_int3_k8,1.1125098854309403,1.4144195959916042,1.1139123392776744,1.0109160649094973,1.0666380207702921,1.0458089428343478,0.014061614871025085,0.007863374426960945,0.003281533718109131
0,2048,transformer.h.1.mlp.c_proj.weight,"(384, 1024)",structural_int4_k8,structural_vq64_int3_k8,1.1159711075046406,1.4702047187728304,1.67858488811425,0.972455234368731,0.9414575192224194,0.917656143423612,0.017555639147758484,0.02105354145169258,-0.0040825605392456055
0,2048,transformer.h.2.attn.c_attn.weight,"(1152, 384)",structural_int4_k8,structural_vq64_int3_k8,1.0394380876490668,1.016838109858698,0.8742799167635501,0.99193168511688,0.9877830021318962,0.9871022811740177,0.0030690953135490417,0.00019808951765298843,-0.002132415771484375
0,2048,transformer.h.2.attn.c_proj.weight,"(384, 384)",structural_int4_k8,structural_vq64_int3_k8,1.2365363078740066,1.3194997219650217,1.0150413847805764,0.9794417482825978,0.9106460031441483,0.9409617795497879,0.019947513937950134,0.0029928572475910187,-0.0225832462310791
0,2048,transformer.h.2.mlp.w1.weight,"(1024, 384)",structural_int4_k8,structural_vq64_int3_k8,1.0737016483810662,1.448011011447259,1.2032157734617217,1.0258756479525402,1.042417831865334,1.0318387397145734,0.010440796613693237,0.013183290138840675,0.002454817295074463
0,2048,transformer.h.2.mlp.w2.weight,"(1024, 384)",structural_int4_k8,structural_vq64_int3_k8,1.0837620875526048,1.483708155021447,1.095477442506511,1.012900277669361,1.036531279178338,1.023832235802101,0.01204352080821991,0.014536101371049881,0.002238750457763672
0,2048,transformer.h.2.mlp.c_proj.weight,"(384, 1024)",structural_int4_k8,structural_vq64_int3_k8,1.0584567624531749,1.3073669115895854,1.5337383657160062,0.9551105551100852,0.965608926429264,0.95074380587321,0.009830847382545471,0.026529133319854736,-0.0018711090087890625
0,2048,transformer.h.3.attn.c_attn.weight,"(1152, 384)",structural_int4_k8,structural_vq64_int3_k8,1.0318832730702419,1.1340318018244018,0.9823600891904711,0.9976119392399977,0.9911126662869721,1.0005526590280294,0.00309666246175766,0.00222824327647686,-0.002134561538696289
0,2048,transformer.h.3.attn.c_proj.weight,"(384, 384)",structural_int4_k8,structural_vq64_int3_k8,1.089809776341462,1.2430924710338087,0.9020710485511882,0.9764600259411345,0.8883596346869755,0.9251744550965711,0.008979469537734985,0.0030373847112059593,-0.029371798038482666
0,2048,transformer.h.3.mlp.w1.weight,"(1024, 384)",structural_int4_k8,structural_vq64_int3_k8,1.056737165788776,1.4510321074174524,1.7181294220137848,1.0052377609842964,1.0272149514767734,1.0181844796949024,0.008805617690086365,0.02370491251349449,0.0015546679496765137
0,2048,transformer.h.3.mlp.w2.weight,"(1024, 384)",structural_int4_k8,structural_vq64_int3_k8,1.0706225394249023,1.5225003523861542,1.7192014222551375,0.9820887411913759,1.032146056548605,1.0214083982670958,0.011005207896232605,0.027935970574617386,0.001880049705505371
0,2048,transformer.h.3.mlp.c_proj.weight,"(384, 1024)",structural_int4_k8,structural_vq64_int3_k8,1.037893206726807,1.206456311072436,1.222158243931033,0.9893283768676365,0.963946609480145,0.9506531364097456,0.006387650966644287,0.019198797643184662,-0.001743614673614502
0,2048,transformer.h.4.attn.c_attn.weight,"(1152, 384)",structural_int4_k8,structural_vq64_int3_k8,1.0312835555697897,1.2413478856738516,1.0227646217810717,0.9987259123667366,0.9963886973215783,0.9983727464692908,0.003464154899120331,0.007140908390283585,-0.0011086463928222656
0,2048,transformer.h.4.attn.c_proj.weight,"(384, 384)",structural_int4_k8,structural_vq64_int3_k8,1.0291419978285437,1.200307015419549,1.0907116255255316,1.0070167193257522,1.0109827405921872,1.0218096262587886,0.0032770857214927673,0.005538629367947578,0.0030964016914367676
0,2048,transformer.h.4.mlp.w1.weight,"(1024, 384)",structural_int4_k8,structural_vq64_int3_k8,1.0739790724600506,1.5413451860909135,2.2261666953497734,1.0182777269811694,1.028457709578111,1.0152900572169266,0.01179283857345581,0.03259039297699928,0.0016292333602905273
0,2048,transformer.h.4.mlp.w2.weight,"(1024, 384)",structural_int4_k8,structural_vq64_int3_k8,1.0826286600319153,1.5510591368448476,1.7363347568708127,1.014383635158359,1.0330471531289498,1.016085191448643,0.013100683689117432,0.03262145072221756,0.00193709135055542
0,2048,transformer.h.4.mlp.c_proj.weight,"(384, 1024)",structural_int4_k8,structural_vq64_int3_k8,1.0552874130258085,1.2835252641163344,1.1229367304793783,0.9731996231427702,0.9438596093457732,0.9277938029217456,0.00888100266456604,0.015865523368120193,-0.0029517412185668945
0,2048,transformer.h.5.attn.c_attn.weight,"(1152, 384)",structural_int4_k8,structural_vq64_int3_k8,1.0223117980503398,1.2766901643350264,1.2871437428667714,0.9909018336388501,0.9820360500011053,0.9857912774388343,0.0025566071271896362,0.009060397744178772,-0.006103396415710449
0,2048,transformer.h.5.attn.c_proj.weight,"(384, 384)",structural_int4_k8,structural_vq64_int3_k8,1.0245363404261056,1.1937269477933696,0.9756619767506504,0.998393696435477,1.0010736010924677,1.0032814074123553,0.0025488287210464478,0.004048742353916168,0.0003134012222290039
0,2048,transformer.h.5.mlp.w1.weight,"(1024, 384)",structural_int4_k8,structural_vq64_int3_k8,1.0889136150677,1.5799625746957904,1.2295698053032171,1.009098596319111,1.0123978654750863,1.0004041767154128,0.011955082416534424,0.013815727084875107,0.0008420944213867188
0,2048,transformer.h.5.mlp.w2.weight,"(1024, 384)",structural_int4_k8,structural_vq64_int3_k8,1.089804997220859,1.5085323777904343,1.3020681837533878,1.0080163490623515,1.0234320337706169,1.0120702136595994,0.011968061327934265,0.012385247275233269,0.001560986042022705
0,2048,transformer.h.5.mlp.c_proj.weight,"(384, 1024)",structural_int4_k8,structural_vq64_int3_k8,1.0945076250582402,1.3067865666025715,0.8349563695210654,0.9597495923813384,0.9010707504961758,0.8787095397261971,0.01241062581539154,0.0067245978862047195,-0.006438255310058594
0,4096,transformer.h.0.attn.c_attn.weight,"(1152, 384)",structural_int4_k8,structural_vq64_int3_k8,1.0287234239889134,1.0550267090271708,0.8793277753608707,0.9974250922578385,0.9863448123221965,0.9893916082034605,0.0021458789706230164,0.0006731795147061348,-0.002787470817565918
0,4096,transformer.h.0.attn.c_proj.weight,"(384, 384)",structural_int4_k8,structural_vq64_int3_k8,1.024210778928418,1.042995199001177,0.9667181719925063,1.0047796378958531,0.9982366495401104,1.0111151221684134,0.001520603895187378,0.000437714159488678,-0.000380098819732666
0,4096,transformer.h.0.mlp.w1.weight,"(1024, 384)",structural_int4_k8,structural_vq64_int3_k8,1.0571504339920537,1.2971890423405257,1.0477388170907402,1.022157319434011,1.0370326765738846,1.0232908213921967,0.007273629307746887,0.0057489145547151566,0.0013311505317687988
0,4096,transformer.h.0.mlp.w2.weight,"(1024, 384)",structural_int4_k8,structural_vq64_int3_k8,1.0651378834841985,1.3217772136973454,1.1334819213939618,0.9992418089922297,1.0343213129853017,1.0179063360881542,0.008258700370788574,0.005987990647554398,0.0012793540954589844
0,4096,transformer.h.0.mlp.c_proj.weight,"(384, 1024)",structural_int4_k8,structural_vq64_int3_k8,1.0475021630463188,1.229052165534431,0.9185663952715968,0.9734425752682578,0.9563936964452363,0.9475418378280961,0.0067984312772750854,0.008281882852315903,-0.002450883388519287
0,4096,transformer.h.1.attn.c_attn.weight,"(1152, 384)",structural_int4_k8,structural_vq64_int3_k8,1.024138816541476,1.0082092241556768,0.8499252952095242,1.0080167222275305,1.012486183368133,1.0197547915851795,0.001727767288684845,7.283315062522888e-05,0.0026265978813171387
0,4096,transformer.h.1.attn.c_proj.weight,"(384, 384)",structural_int4_k8,structural_vq64_int3_k8,1.0346779509975845,1.0997642360510993,1.082776803275264,0.9969680842697267,1.018027341949827,1.0192515810750418,0.001983135938644409,0.0005811280570924282,0.0038704872131347656
0,4096,transformer.h.1.mlp.w1.weight,"(1024, 384)",structural_int4_k8,structural_vq64_int3_k8,1.0964526705797428,1.3970617310475302,1.1290117598837441,1.0113781093655931,1.050736030098107,1.028722034347057,0.011793993413448334,0.006602395325899124,0.002329409122467041
0,4096,transformer.h.1.mlp.w2.weight,"(1024, 384)",structural_int4_k8,structural_vq64_int3_k8,1.1086066252955964,1.393476913611628,1.19082777589746,1.0069426819339191,1.05608016837078,1.02947134671496,0.013476505875587463,0.007338082417845726,0.002642810344696045
0,4096,transformer.h.1.mlp.c_proj.weight,"(384, 1024)",structural_int4_k8,structural_vq64_int3_k8,1.0896963908674506,1.3328760330543739,1.008307560143114,0.9807468435350886,0.9572275813333232,0.9374239740779032,0.01256994903087616,0.01178865134716034,-0.0026841163635253906
0,4096,transformer.h.2.attn.c_attn.weight,"(1152, 384)",structural_int4_k8,structural_vq64_int3_k8,1.03360326320445,0.9915645728845686,0.9501200937656887,0.999434224520054,1.000790422059581,1.0091392425210959,0.002215646207332611,-9.17389988899231e-05,0.00010591745376586914
0,4096,transformer.h.2.attn.c_proj.weight,"(384, 384)",structural_int4_k8,structural_vq64_int3_k8,1.2384481484944225,1.3372516785936912,1.1016220455449062,0.9930195342667324,0.938101085111008,0.9583138238489901,0.0179189071059227,0.002582584973424673,-0.013187885284423828
0,4096,transformer.h.2.mlp.w1.weight,"(1024, 384)",structural_int4_k8,structural_vq64_int3_k8,1.0629272665558083,1.3690517709237635,1.0444497848518162,1.0292982921834493,1.0329706090570692,1.0259437479967801,0.008972719311714172,0.010866301134228706,0.0017210841178894043
0,4096,transformer.h.2.mlp.w2.weight,"(1024, 384)",structural_int4_k8,structural_vq64_int3_k8,1.0653090047894125,1.418680712649164,1.2413105912887772,1.0136325167061804,1.030970573711222,1.0195236347322485,0.009339407086372375,0.012199325487017632,0.0016747117042541504
0,4096,transformer.h.2.mlp.c_proj.weight,"(384, 1024)",structural_int4_k8,structural_vq64_int3_k8,1.0442024261920024,1.2270329542512597,1.2712254806063223,0.988828866109624,0.9720305679496016,0.9612761454613996,0.007304549217224121,0.01803310215473175,-0.0013787150382995605
0,4096,transformer.h.3.attn.c_attn.weight,"(1152, 384)",structural_int4_k8,structural_vq64_int3_k8,1.0154323818247224,1.0379479268539713,0.9714098103908894,0.9964508027848683,0.981577931568241,0.9946466745479252,0.001196049153804779,0.0004138462245464325,-0.0033936500549316406
0,4096,transformer.h.3.attn.c_proj.weight,"(384, 384)",structural_int4_k8,structural_vq64_int3_k8,1.1307812622200664,1.2353777333806513,0.9040664478744063,0.9772855461788627,0.9036792801943848,0.9387600080727103,0.012197330594062805,0.0025016870349645615,-0.021161258220672607
0,4096,transformer.h.3.mlp.w1.weight,"(1024, 384)",structural_int4_k8,structural_vq64_int3_k8,1.048885806372185,1.4341159850561258,1.737013908120718,1.0151420533586621,1.014011451830045,1.0035956388977698,0.007686123251914978,0.02398734539747238,0.0006910562515258789
0,4096,transformer.h.3.mlp.w2.weight,"(1024, 384)",structural_int4_k8,structural_vq64_int3_k8,1.062787682053469,1.479199873068442,2.191129796979673,1.0014882241389274,1.0256336357902347,1.0163464431163536,0.009842276573181152,0.025562629103660583,0.0012935400009155273
0,4096,transformer.h.3.mlp.c_proj.weight,"(384, 1024)",structural_int4_k8,structural_vq64_int3_k8,1.0230937521031969,1.1461944667944968,1.0234956882453576,1.0074191314358936,0.9754889063677326,0.968501321632628,0.003834828734397888,0.013237014412879944,-0.0010606050491333008
0,4096,transformer.h.4.attn.c_attn.weight,"(1152, 384)",structural_int4_k8,structural_vq64_int3_k8,1.0297121075944762,1.2343592870695121,0.9914427310290207,0.9922621368344616,0.9889772296245235,0.9903417700181938,0.0032697319984436035,0.005639636889100075,-0.0030347108840942383
0,4096,transformer.h.4.attn.c_proj.weight,"(384, 384)",structural_int4_k8,structural_vq64_int3_k8,1.0168776486070996,1.1169731666265512,0.9338597904643412,0.9963747718590031,1.0162412371914733,1.012154851122619,0.001941785216331482,0.003008941188454628,0.0040138959884643555
0,4096,transformer.h.4.mlp.w1.weight,"(1024, 384)",structural_int4_k8,structural_vq64_int3_k8,1.0579189202098322,1.4556767679594613,1.586723987691003,1.0082584809738753,1.0133485682900396,0.9998499131640449,0.009251490235328674,0.027173388749361038,0.0006489753723144531
0,4096,transformer.h.4.mlp.w2.weight,"(1024, 384)",structural_int4_k8,structural_vq64_int3_k8,1.0559613904486223,1.46793045308622,1.721261280762823,1.0058440705111333,1.0194013829002524,1.0076984657519645,0.009000152349472046,0.028315961360931396,0.0009641647338867188
0,4096,transformer.h.4.mlp.c_proj.weight,"(384, 1024)",structural_int4_k8,structural_vq64_int3_k8,1.033076757613173,1.2033521934707487,1.011821485948804,0.9589136406293767,0.9458041252710676,0.931786302787651,0.005201429128646851,0.010679606348276138,-0.0025621652603149414
0,4096,transformer.h.5.attn.c_attn.weight,"(1152, 384)",structural_int4_k8,structural_vq64_int3_k8,1.0263401288386413,1.2883793398740295,1.3278220309813145,1.0032898354636222,0.9983061663825648,0.9986288185013676,0.0029735639691352844,0.008556393906474113,-0.0005339384078979492
0,4096,transformer.h.5.attn.c_proj.weight,"(384, 384)",structural_int4_k8,structural_vq64_int3_k8,1.0231137108635258,1.153020399459249,0.9623439340847905,0.9963763172622686,1.0057992995135336,1.003247086084139,0.00250803679227829,0.0036421697586774826,0.0015488862991333008
0,4096,transformer.h.5.mlp.w1.weight,"(1024, 384)",structural_int4_k8,structural_vq64_int3_k8,1.0798772223634747,1.5267861173157062,1.1753326015421073,0.9905613542357009,0.9931585797820329,0.9794185365620481,0.01132895052433014,0.015824880450963974,-0.00037783384323120117
0,4096,transformer.h.5.mlp.w2.weight,"(1024, 384)",structural_int4_k8,structural_vq64_int3_k8,1.0855432441360662,1.5235999764842099,1.2640436379678577,0.9813402279911966,0.9959447294312357,0.9801831654366053,0.01196962594985962,0.014880673959851265,-0.00022608041763305664
0,4096,transformer.h.5.mlp.c_proj.weight,"(384, 1024)",structural_int4_k8,structural_vq64_int3_k8,1.096163763885829,1.3309141408158804,1.0960352369430206,0.9564180900382572,0.8995644506570268,0.8734320120421475,0.011525362730026245,0.005760194733738899,-0.006466805934906006
1,128,transformer.h.0.attn.c_attn.weight,"(1152, 384)",structural_int4_k8,structural_vq64_int3_k8,1.0286332400838725,1.1535221906914666,0.9342006717403558,1.0057399423426856,1.005952651258228,1.0101382922723994,0.0025788620114326477,0.002228745259344578,0.001226663589477539
1,128,transformer.h.0.attn.c_proj.weight,"(384, 384)",structural_int4_k8,structural_vq64_int3_k8,1.0383666551319548,1.1115088714594825,0.9523458663143319,1.0074302496106966,1.030820929663316,1.0317978437913609,0.003467835485935211,0.0018577910959720612,0.007219970226287842
1,128,transformer.h.0.mlp.w1.weight,"(1024, 384)",structural_int4_k8,structural_vq64_int3_k8,1.0835083231745999,1.463597282190481,1.2538519143789548,1.0370007711954425,1.0453843801424223,1.028582871821785,0.010033175349235535,0.009668512269854546,0.0018575787544250488
1,128,transformer.h.0.mlp.w2.weight,"(1024, 384)",structural_int4_k8,structural_vq64_int3_k8,1.094074626306413,1.4669316903374567,1.2052582809944634,1.0143723041058488,1.064004438977818,1.0462495055858427,0.011522740125656128,0.010298848152160645,0.0026332736015319824
1,128,transformer.h.0.mlp.c_proj.weight,"(384, 1024)",structural_int4_k8,structural_vq64_int3_k8,1.1073399110924393,1.5734772018884051,2.1119490081013486,0.9693018889779933,0.909240358265746,0.8925786374540757,0.014939650893211365,0.023751597851514816,-0.007825255393981934
1,128,transformer.h.1.attn.c_attn.weight,"(1152, 384)",structural_int4_k8,structural_vq64_int3_k8,1.0392575985557897,1.1960804411275519,0.9998316692977517,1.0049151161099532,1.032191769992872,1.0394926432721963,0.0036189183592796326,0.003499150276184082,0.00861668586730957
1,128,transformer.h.1.attn.c_proj.weight,"(384, 384)",structural_int4_k8,structural_vq64_int3_k8,1.0436718645902445,1.1875716383826362,0.972454121183574,1.0053005533578376,1.0112489819583732,1.017136856004473,0.003789946436882019,0.002860352396965027,0.0032148361206054688
1,128,transformer.h.1.mlp.w1.weight,"(1024, 384)",structural_int4_k8,structural_vq64_int3_k8,1.1060337333669579,1.491258796726416,1.1435117684369815,1.0038758297496455,1.054122053977903,1.0439181742906671,0.011982500553131104,0.010007692500948906,0.0031554102897644043
1,128,transformer.h.1.mlp.w2.weight,"(1024, 384)",structural_int4_k8,structural_vq64_int3_k8,1.1345948226395925,1.597866182432265,1.410305204458782,1.0250231924916078,1.0669016836210528,1.056207545885186,0.015683338046073914,0.013943161815404892,0.0041841864585876465
1,128,transformer.h.1.mlp.c_proj.weight,"(384, 1024)",structural_int4_k8,structural_vq64_int3_k8,1.1643223520842723,1.7978879965020993,2.6386190805375205,0.9661580390635254,0.9258502307214482,0.9082154290150276,0.023041442036628723,0.0333920381963253,-0.00796884298324585
1,128,transformer.h.2.attn.c_attn.weight,"(1152, 384)",structural_int4_k8,structural_vq64_int3_k8,1.0392601253590459,1.1633365799209014,1.0070511207465307,0.9968142554409368,1.0138918933378605,1.0203819011280724,0.003287270665168762,0.0023838290944695473,0.003931105136871338
1,128,transformer.h.2.attn.c_proj.weight,"(384, 384)",structural_int4_k8,structural_vq64_int3_k8,1.0268353146929043,1.1247137320575227,0.8822089817877773,1.0020106626862093,1.007319884679958,1.0107641097482156,0.002229064702987671,0.0017757974565029144,0.002174079418182373
1,128,transformer.h.2.mlp.w1.weight,"(1024, 384)",structural_int4_k8,structural_vq64_int3_k8,1.1238872747655615,1.609059498308441,1.3906854287399872,1.0067988007754463,1.0454501459411376,1.046421033658738,0.013651266694068909,0.010578326880931854,0.004114389419555664
1,128,transformer.h.2.mlp.w2.weight,"(1024, 384)",structural_int4_k8,structural_vq64_int3_k8,1.136877574855686,1.6105858252644822,1.5154751170411296,1.0060606697239007,1.0603399039971755,1.0631296757386082,0.015049338340759277,0.010999269783496857,0.005541503429412842
1,128,transformer.h.2.mlp.c_proj.weight,"(384, 1024)",structural_int4_k8,structural_vq64_int3_k8,1.129033435884472,1.6141316182622176,2.118716977697458,0.9768272378483313,0.9655136030529965,0.955449882852736,0.01721985638141632,0.023060966283082962,-0.00414961576461792
1,128,transformer.h.3.attn.c_attn.weight,"(1152, 384)",structural_int4_k8,structural_vq64_int3_k8,1.0319960264952057,1.0956311401005063,0.921410650046972,1.0017566831075446,1.0101098309153795,1.0125189458916304,0.0024573802947998047,0.0011896537616848946,0.0028995871543884277
1,128,transformer.h.3.attn.c_proj.weight,"(384, 384)",structural_int4_k8,structural_vq64_int3_k8,1.0365317632321662,1.201382820490201,1.1633471702732086,1.0000802346611959,0.9998562272709361,0.9997865141773784,0.0028420761227607727,0.0025066379457712173,-4.392862319946289e-05
1,128,transformer.h.3.mlp.w1.weight,"(1024, 384)",structural_int4_k8,structural_vq64_int3_k8,1.1282692447828453,1.5538242793661765,1.1736151376305892,1.0276071089870946,1.0656715967102492,1.0679953400079836,0.013206526637077332,0.008083411492407322,0.0075165629386901855
1,128,transformer.h.3.mlp.w2.weight,"(1024, 384)",structural_int4_k8,structural_vq64_int3_k8,1.1347011979676929,1.6527734745078912,1.457795957304335,1.0112520915209078,1.0465005590082128,1.052762929513528,0.014052651822566986,0.00964787695556879,0.005590319633483887
1,128,transformer.h.3.mlp.c_proj.weight,"(384, 1024)",structural_int4_k8,structural_vq64_int3_k8,1.1424669444448068,1.636461194623002,2.127967623602752,0.9798972440432683,0.9403913352801324,0.9275872279575174,0.01790742576122284,0.020028255879878998,-0.0076857805252075195
1,128,transformer.h.4.attn.c_attn.weight,"(1152, 384)",structural_int4_k8,structural_vq64_int3_k8,1.0278756225360954,1.087589942463751,0.9302268482124423,1.0005236164276254,0.9996451780337975,1.0003728851381763,0.0018343180418014526,0.0007149362936615944,-9.864568710327148e-05
1,128,transformer.h.4.attn.c_proj.weight,"(384, 384)",structural_int4_k8,structural_vq64_int3_k8,1.0326469513125482,1.1029943791207173,0.9567639699412332,0.9997209293148963,1.003204146007265,1.0067028854155322,0.0023848935961723328,0.0011367248371243477,0.0009666085243225098
1,128,transformer.h.4.mlp.w1.weight,"(1024, 384)",structural_int4_k8,structural_vq64_int3_k8,1.1273032655875712,1.5189571267084214,1.2359560109419399,1.0108302501360262,1.0493578210629901,1.0571065982473704,0.011656083166599274,0.006335987709462643,0.006388723850250244
1,128,transformer.h.4.mlp.w2.weight,"(1024, 384)",structural_int4_k8,structural_vq64_int3_k8,1.140124286814785,1.5694691194264088,1.4544803558376878,1.0137577299367975,1.0494348994821203,1.059713843302013,0.013307087123394012,0.007484026253223419,0.006658017635345459
1,128,transformer.h.4.mlp.c_proj.weight,"(384, 1024)",structural_int4_k8,structural_vq64_int3_k8,1.1339850633623814,1.5635425988503262,1.5707538481654792,0.9573866817019436,0.9296535982250343,0.9212032937274137,0.015615761280059814,0.012696146965026855,-0.009585201740264893
1,128,transformer.h.5.attn.c_attn.weight,"(1152, 384)",structural_int4_k8,structural_vq64_int3_k8,1.0334231596081402,1.042258569626875,0.9134830945313259,0.9938947066310257,0.9848709520135451,0.9888901194475366,0.0019031576812267303,0.00027877697721123695,-0.0040392279624938965
1,128,transformer.h.5.attn.c_proj.weight,"(384, 384)",structural_int4_k8,structural_vq64_int3_k8,1.0275758610864936,1.0162115781309828,0.9224229694809771,0.9988322358773226,0.9779662200396579,0.9882611389624288,0.0016315095126628876,0.00012850388884544373,-0.006131768226623535
1,128,transformer.h.5.mlp.w1.weight,"(1024, 384)",structural_int4_k8,structural_vq64_int3_k8,1.1138331005427022,1.5419827160800936,1.3341703297585614,1.0085847099165277,1.0459786502471093,1.053201709821735,0.010615319013595581,0.006736677139997482,0.006247222423553467
1,128,transformer.h.5.mlp.w2.weight,"(1024, 384)",structural_int4_k8,structural_vq64_int3_k8,1.1143270705539854,1.4584864824081372,1.15964912801088,1.0204863418799184,1.033725814249468,1.0418713200524725,0.01066085696220398,0.006032922305166721,0.0046610236167907715
1,128,transformer.h.5.mlp.c_proj.weight,"(384, 1024)",structural_int4_k8,structural_vq64_int3_k8,1.085124597604735,1.4145821763967246,1.2292006218301061,0.9675420600809588,0.9331217573127382,0.924923480900997,0.00983545184135437,0.00982431136071682,-0.008306264877319336
1,512,transformer.h.0.attn.c_attn.weight,"(1152, 384)",structural_int4_k8,structural_vq64_int3_k8,1.0374628815099816,1.146961871161888,1.0159213333861292,1.001373594750421,1.007416007045406,1.0082991641696892,0.0032463520765304565,0.0022691208869218826,0.0016638636589050293
1,512,transformer.h.0.attn.c_proj.weight,"(384, 384)",structural_int4_k8,structural_vq64_int3_k8,1.0197296941739502,1.1796460618457763,1.095033839535865,0.9966606248030596,0.989154707353248,0.9896969322384896,0.0017967373132705688,0.0030989423394203186,-0.002910137176513672
1,512,transformer.h.0.mlp.w1.weight,"(1024, 384)",structural_int4_k8,structural_vq64_int3_k8,1.0661779440478794,1.3427487768582802,1.1075333205947846,0.9847419732845002,1.0380839231396102,1.0306849782577572,0.00868070125579834,0.006991656497120857,0.0015208721160888672
1,512,transformer.h.0.mlp.w2.weight,"(1024, 384)",structural_int4_k8,structural_vq64_int3_k8,1.0712609981603807,1.4163604318768295,1.2703978167473702,0.9935937571247224,1.0444782430195472,1.0302791922541208,0.00940239429473877,0.008589308708906174,0.0018145442008972168
1,512,transformer.h.0.mlp.c_proj.weight,"(384, 1024)",structural_int4_k8,structural_vq64_int3_k8,1.078154069655915,1.3422263305389956,1.081039656540852,0.9655007104809188,0.9446890031285747,0.9293403790552999,0.011383220553398132,0.011793535202741623,-0.003588080406188965
1,512,transformer.h.1.attn.c_attn.weight,"(1152, 384)",structural_int4_k8,structural_vq64_int3_k8,1.04251506596411,1.1929020816643057,0.9392505502720286,0.9940835051329979,1.0152076180116678,1.0208369043486731,0.0038151443004608154,0.0032224711030721664,0.004039943218231201
1,512,transformer.h.1.attn.c_proj.weight,"(384, 384)",structural_int4_k8,structural_vq64_int3_k8,1.0269579347954998,1.1589233635077112,0.9887067258635682,1.000324102456778,0.9914174454484435,0.9940367682215353,0.0024132952094078064,0.00249314121901989,-0.0025463104248046875
1,512,transformer.h.1.mlp.w1.weight,"(1024, 384)",structural_int4_k8,structural_vq64_int3_k8,1.0952427135159404,1.4972620855959426,1.239781842001979,1.0346162556429777,1.0594118296023063,1.0442365268627065,0.01330198347568512,0.01585487276315689,0.002953052520751953
1,512,transformer.h.1.mlp.w2.weight,"(1024, 384)",structural_int4_k8,structural_vq64_int3_k8,1.118586627638942,1.5110874934298097,1.3043797626723754,1.0326609931675237,1.0792371160979102,1.057338060324197,0.016247987747192383,0.01580420508980751,0.004117906093597412
1,512,transformer.h.1.mlp.c_proj.weight,"(384, 1024)",structural_int4_k8,structural_vq64_int3_k8,1.1024334912611065,1.491974239512992,1.970258855516163,0.9829669807213768,0.9587050006354266,0.9350959010620975,0.01639963686466217,0.030881769955158234,-0.0028664469718933105
1,512,transformer.h.2.attn.c_attn.weight,"(1152, 384)",structural_int4_k8,structural_vq64_int3_k8,1.035000483733278,1.216557649341675,1.0227298582770898,1.0066782752808807,1.0079617982598832,1.0114913016634135,0.003121308982372284,0.0031439363956451416,0.002294480800628662
1,512,transformer.h.2.attn.c_proj.weight,"(384, 384)",structural_int4_k8,structural_vq64_int3_k8,1.0256390816051233,1.183475355432805,1.043886482842731,1.0031982885350494,0.9870272933338118,0.9939099060584041,0.0023280680179595947,0.0028060004115104675,-0.004137158393859863
1,512,transformer.h.2.mlp.w1.weight,"(1024, 384)",structural_int4_k8,structural_vq64_int3_k8,1.1004982691569103,1.505825719157576,1.1833382089291598,1.0108779432195358,1.0624808147639802,1.049805285358605,0.014130592346191406,0.01677638664841652,0.003809511661529541
1,512,transformer.h.2.mlp.w2.weight,"(1024, 384)",structural_int4_k8,structural_vq64_int3_k8,1.105892945612956,1.5103541086084369,1.4122150608143484,1.027350480968139,1.0658241155372665,1.0554098292579954,0.014717653393745422,0.01725684478878975,0.0042694807052612305
1,512,transformer.h.2.mlp.c_proj.weight,"(384, 1024)",structural_int4_k8,structural_vq64_int3_k8,1.1002267303518822,1.451470723331005,1.7133140363041146,0.9838345371283238,0.9934327095447626,0.9775042413886651,0.015843942761421204,0.029365919530391693,-0.0004515647888183594
1,512,transformer.h.3.attn.c_attn.weight,"(1152, 384)",structural_int4_k8,structural_vq64_int3_k8,1.0349475782872153,1.11950280826264,0.8932513785432061,0.9979340848756597,1.003412542184217,1.0040675416594504,0.0030158013105392456,0.0019107535481452942,0.0010061264038085938
1,512,transformer.h.3.attn.c_proj.weight,"(384, 384)",structural_int4_k8,structural_vq64_int3_k8,1.026308231608748,1.1946684877759417,1.0481451931350376,1.007440599975872,0.9995905439168297,0.9997680118478358,0.0023559704422950745,0.003026979975402355,-0.0001327991485595703
1,512,transformer.h.3.mlp.w1.weight,"(1024, 384)",structural_int4_k8,structural_vq64_int3_k8,1.1129829084669427,1.610435199614864,1.8613142280002035,0.9992485071299537,1.0422230212498975,1.0314446417221494,0.01587808132171631,0.021974317729473114,0.0031006932258605957
1,512,transformer.h.3.mlp.w2.weight,"(1024, 384)",structural_int4_k8,structural_vq64_int3_k8,1.1273910430132041,1.6051866914523785,1.314416014993416,1.0150721054624274,1.0677350720550638,1.0559373623625703,0.017909929156303406,0.022682875394821167,0.0051195621490478516
1,512,transformer.h.3.mlp.c_proj.weight,"(384, 1024)",structural_int4_k8,structural_vq64_int3_k8,1.101854617292442,1.483406910638775,1.8861084806662594,0.9588201744854674,0.9477093930231115,0.9313500237987826,0.016241252422332764,0.028264962136745453,-0.0037169456481933594
1,512,transformer.h.4.attn.c_attn.weight,"(1152, 384)",structural_int4_k8,structural_vq64_int3_k8,1.0501032501846626,1.367769504377637,1.1290665809648024,1.0017912339519062,1.0143774547693771,1.0175728757494316,0.004223957657814026,0.005410229787230492,0.004525661468505859
1,512,transformer.h.4.attn.c_proj.weight,"(384, 384)",structural_int4_k8,structural_vq64_int3_k8,1.0315806759232513,1.2230399230258016,1.0406160053210336,0.9984302839993691,1.0085077370228497,1.0105591580703444,0.0029731914401054382,0.0042452123016119,0.00278317928314209
1,512,transformer.h.4.mlp.w1.weight,"(1024, 384)",structural_int4_k8,structural_vq64_int3_k8,1.1012775519582474,1.4878560447050644,1.186116905962765,1.0214164524559253,1.0454526936093198,1.0411093633974429,0.01324126124382019,0.013234416022896767,0.0039234161376953125
1,512,transformer.h.4.mlp.w2.weight,"(1024, 384)",structural_int4_k8,structural_vq64_int3_k8,1.1124858438569998,1.5331614996641032,1.3731165802061989,1.0190557479910278,1.0482175719017823,1.0462520714841725,0.014664560556411743,0.015430152416229248,0.004372835159301758
1,512,transformer.h.4.mlp.c_proj.weight,"(384, 1024)",structural_int4_k8,structural_vq64_int3_k8,1.0862211782500522,1.3575161640798012,1.0693281620890158,0.9690042192724904,0.9349424027249746,0.9164232714211447,0.012123018503189087,0.011013016104698181,-0.004626572132110596
1,512,transformer.h.5.attn.c_attn.weight,"(1152, 384)",structural_int4_k8,structural_vq64_int3_k8,1.0288314344253158,1.2732414650937665,1.2075052685063945,0.9950998298751507,0.9935405358169054,0.9992734061406353,0.0025534778833389282,0.005111370235681534,-0.002141237258911133
1,512,transformer.h.5.attn.c_proj.weight,"(384, 384)",structural_int4_k8,structural_vq64_int3_k8,1.033684458218926,1.1657776671854312,0.9193681945356633,1.0071877281381227,1.004693563511426,1.0108765603961751,0.0029052942991256714,0.002766041085124016,0.0015042424201965332
1,512,transformer.h.5.mlp.w1.weight,"(1024, 384)",structural_int4_k8,structural_vq64_int3_k8,1.096139702505726,1.5048443074338727,1.2964181401228596,0.9997597837205101,1.0196051672311068,1.0198212104329691,0.012010514736175537,0.013246795162558556,0.0019522905349731445
1,512,transformer.h.5.mlp.w2.weight,"(1024, 384)",structural_int4_k8,structural_vq64_int3_k8,1.0964700133198957,1.6536963201621229,1.5632066521577255,1.0091778631489197,1.0348174792523968,1.0353729202814608,0.012407839298248291,0.016965052112936974,0.003461122512817383
1,512,transformer.h.5.mlp.c_proj.weight,"(384, 1024)",structural_int4_k8,structural_vq64_int3_k8,1.0724843657610879,1.310874533322945,0.9942456596142407,0.978154570683633,0.9475321207679807,0.9326589646580563,0.009485974907875061,0.007253667339682579,-0.0036870837211608887
1,1024,transformer.h.0.attn.c_attn.weight,"(1152, 384)",structural_int4_k8,structural_vq64_int3_k8,1.0344388662725417,1.1724928014809948,0.9813196105459776,1.011706720955306,1.0265522828472948,1.0283434298928533,0.003191247582435608,0.0029296111315488815,0.0061449408531188965
1,1024,transformer.h.0.attn.c_proj.weight,"(384, 384)",structural_int4_k8,structural_vq64_int3_k8,1.0342471463827185,1.2238126810327496,1.031344042892343,0.9904271291419404,1.013402796213309,1.0207331613738868,0.0032074227929115295,0.004456076771020889,0.003629148006439209
1,1024,transformer.h.0.mlp.w1.weight,"(1024, 384)",structural_int4_k8,structural_vq64_int3_k8,1.0702825758710102,1.3630128767316763,1.1184257171736152,1.0118377135614256,1.046691720419308,1.0299151141189151,0.009225592017173767,0.007449250668287277,0.0018565654754638672
1,1024,transformer.h.0.mlp.w2.weight,"(1024, 384)",structural_int4_k8,structural_vq64_int3_k8,1.0762158341266308,1.3595215289116331,1.0321034186957438,1.0186135028404666,1.059572924627436,1.045875988563787,0.010194361209869385,0.00781690701842308,0.0023788809776306152
1,1024,transformer.h.0.mlp.c_proj.weight,"(384, 1024)",structural_int4_k8,structural_vq64_int3_k8,1.0729581723139974,1.3328829579062211,1.0603433876831236,0.9832637555784263,0.9414831089966668,0.9248792228519558,0.011136159300804138,0.014712594449520111,-0.003898799419403076
1,1024,transformer.h.1.attn.c_attn.weight,"(1152, 384)",structural_int4_k8,structural_vq64_int3_k8,1.0397139257430752,1.187502776245817,0.9823286625501041,0.9997076591566862,1.0063655497523247,1.0046384034038152,0.003690488636493683,0.002799045294523239,0.001721024513244629
1,1024,transformer.h.1.attn.c_proj.weight,"(384, 384)",structural_int4_k8,structural_vq64_int3_k8,1.0271363674453862,1.1733040173292517,1.1296541944491545,1.0109133525399847,1.0076738600252793,1.019963012516906,0.0023113787174224854,0.0021474743261933327,0.0022284388542175293
1,1024,transformer.h.1.mlp.w1.weight,"(1024, 384)",structural_int4_k8,structural_vq64_int3_k8,1.1097466444802793,1.4307091522176425,1.2015295760550906,1.01483402584636,1.077355844886046,1.0586611083397146,0.014314427971839905,0.00968785397708416,0.004034638404846191
1,1024,transformer.h.1.mlp.w2.weight,"(1024, 384)",structural_int4_k8,structural_vq64_int3_k8,1.1213866056677986,1.506181467666904,1.2848017252425588,1.0156643909867191,1.0871145651955296,1.06900439238653,0.015631496906280518,0.011248510330915451,0.004595339298248291
1,1024,transformer.h.1.mlp.c_proj.weight,"(384, 1024)",structural_int4_k8,structural_vq64_int3_k8,1.1095412713487043,1.4610770377742857,1.4551653686024737,0.9615668091120081,0.9580028680968129,0.9426439323236352,0.017022743821144104,0.02397456020116806,-0.002993643283843994
1,1024,transformer.h.2.attn.c_attn.weight,"(1152, 384)",structural_int4_k8,structural_vq64_int3_k8,1.0391205924224187,1.05214954102059,1.0199804917213062,1.0054394506422675,1.0045165058139518,1.0034855480037106,0.002289801836013794,0.0003386423923075199,0.0009620189666748047
1,1024,transformer.h.2.attn.c_proj.weight,"(384, 384)",structural_int4_k8,structural_vq64_int3_k8,1.0610100708329648,1.2821908042315056,1.10234880140161,0.9892527284955306,0.9114625547049171,0.9580297111068967,0.005483567714691162,0.0030191978439688683,-0.026005208492279053
1,1024,transformer.h.2.mlp.w1.weight,"(1024, 384)",structural_int4_k8,structural_vq64_int3_k8,1.099493560448197,1.491437192887251,1.1568169831212025,1.0250258929694158,1.0522968191171893,1.0408563777592814,0.013706550002098083,0.012603741139173508,0.0032840371131896973
1,1024,transformer.h.2.mlp.w2.weight,"(1024, 384)",structural_int4_k8,structural_vq64_int3_k8,1.1118379513200976,1.513143281502159,1.1368305675344028,1.0256244827950658,1.0739096846186311,1.0630630247924195,0.015363946557044983,0.01317429170012474,0.004926919937133789
1,1024,transformer.h.2.mlp.c_proj.weight,"(384, 1024)",structural_int4_k8,structural_vq64_int3_k8,1.0855286269092623,1.4038109452335854,1.6373576377798709,0.9760079933353542,0.9971259096745604,0.9823700190123916,0.014149144291877747,0.03214452415704727,-0.00018864870071411133
1,1024,transformer.h.3.attn.c_attn.weight,"(1152, 384)",structural_int4_k8,structural_vq64_int3_k8,1.0280067312914363,1.1635872156873435,1.030952198579594,0.9900597443083534,0.9942655438326375,0.9994523980966421,0.002392910420894623,0.0021351370960474014,-0.0016623139381408691
1,1024,transformer.h.3.attn.c_proj.weight,"(384, 384)",structural_int4_k8,structural_vq64_int3_k8,1.0269307629032067,1.1012626065444342,0.9172065655331739,1.0024367469091497,1.0134625462506424,1.0032600374384826,0.002282664179801941,0.0012174397706985474,0.003948986530303955
1,1024,transformer.h.3.mlp.w1.weight,"(1024, 384)",structural_int4_k8,structural_vq64_int3_k8,1.1053203019959112,1.5191139333196342,1.3858867737986205,1.0112689634780714,1.0632180414051193,1.0503707681954653,0.01433032751083374,0.01308598555624485,0.004462540149688721
1,1024,transformer.h.3.mlp.w2.weight,"(1024, 384)",structural_int4_k8,structural_vq64_int3_k8,1.1210453152680395,1.534071086980593,1.2814836439631598,1.0168653738466151,1.0578611232094957,1.0535241503812056,0.016550183296203613,0.014688989147543907,0.004236340522766113
1,1024,transformer.h.3.mlp.c_proj.weight,"(384, 1024)",structural_int4_k8,structural_vq64_int3_k8,1.095907906993814,1.468421086794249,1.604259574600893,0.9894556346018393,0.9599207147318168,0.941200419997,0.015888020396232605,0.03226059675216675,-0.002708137035369873
1,1024,transformer.h.4.attn.c_attn.weight,"(1152, 384)",structural_int4_k8,structural_vq64_int3_k8,1.0347592055438453,1.178181021651729,1.0555742788523312,0.9960345084107023,0.998765322834342,1.003318882933533,0.0031098946928977966,0.002596973441541195,-0.00033593177795410156
1,1024,transformer.h.4.attn.c_proj.weight,"(384, 384)",structural_int4_k8,structural_vq64_int3_k8,1.0614604022054808,1.1919913983682615,0.9288642139739397,0.9874680216529815,0.905944747013352,0.9324321052031006,0.005814447999000549,0.0024281395599246025,-0.028080880641937256
1,1024,transformer.h.4.mlp.w1.weight,"(1024, 384)",structural_int4_k8,structural_vq64_int3_k8,1.0918074096729087,1.5470248782553462,1.8313885676375101,1.0049164862682014,1.039411555027943,1.0296249672017301,0.013052240014076233,0.019249308854341507,0.002991974353790283
1,1024,transformer.h.4.mlp.w2.weight,"(1024, 384)",structural_int4_k8,structural_vq64_int3_k8,1.1029387012171585,1.5807935261361914,1.4717029093012521,1.0223211190782642,1.0466872134976188,1.038495157963632,0.014599323272705078,0.02191609889268875,0.0037461519241333008
1,1024,transformer.h.4.mlp.c_proj.weight,"(384, 1024)",structural_int4_k8,structural_vq64_int3_k8,1.0836945406043161,1.3309540604933339,0.948414255115399,0.9651673232718604,0.969373041920796,0.9550940781796966,0.012312382459640503,0.012351594865322113,-0.0018610954284667969
1,1024,transformer.h.5.attn.c_attn.weight,"(1152, 384)",structural_int4_k8,structural_vq64_int3_k8,1.0317005600371774,1.2163023685146803,1.0447189051230739,1.0017108572794402,0.9983548761186287,1.0029909679307827,0.0031622573733329773,0.005443491041660309,-0.0005562901496887207
1,1024,transformer.h.5.attn.c_proj.weight,"(384, 384)",structural_int4_k8,structural_vq64_int3_k8,1.0235304844216673,1.1590779924477619,0.9225794797486886,1.0070792441869476,0.9921905254975422,0.9917080010419034,0.002340085804462433,0.003358602523803711,-0.002486884593963623
1,1024,transformer.h.5.mlp.w1.weight,"(1024, 384)",structural_int4_k8,structural_vq64_int3_k8,1.1253935213115422,1.6967627137345984,1.4597253512735162,1.0044626114892483,1.0396924685606521,1.036310428641026,0.017591997981071472,0.02761690318584442,0.0035477280616760254
1,1024,transformer.h.5.mlp.w2.weight,"(1024, 384)",structural_int4_k8,structural_vq64_int3_k8,1.1110056660939225,1.5565715049057347,1.2884567154816187,1.0242695147594572,1.0398995139169223,1.0337307265408737,0.015512675046920776,0.023592114448547363,0.0035642385482788086
1,1024,transformer.h.5.mlp.c_proj.weight,"(384, 1024)",structural_int4_k8,structural_vq64_int3_k8,1.087614655570519,1.3126707205507,0.9674135925034467,0.9540889557829392,0.9479824637817715,0.9321018505897419,0.01147519052028656,0.007347710430622101,-0.003488004207611084
1,2048,transformer.h.0.attn.c_attn.weight,"(1152, 384)",structural_int4_k8,structural_vq64_int3_k8,1.0181428767117555,1.1093413844963187,1.0022509741292336,0.9922396400114811,0.9805567982109957,0.9896153851175702,0.0014861300587654114,0.001421176828444004,-0.004419505596160889
1,2048,transformer.h.0.attn.c_proj.weight,"(384, 384)",structural_int4_k8,structural_vq64_int3_k8,1.029701489998226,1.1007793507515962,0.9792985244256388,0.9916861501398736,1.0035535874705697,1.005850601925577,0.0022764280438423157,0.0013298606500029564,0.0008829832077026367
1,2048,transformer.h.0.mlp.w1.weight,"(1024, 384)",structural_int4_k8,structural_vq64_int3_k8,1.070574645422498,1.2871092236758916,1.1578129464455966,1.0222229861625922,1.0588474752627437,1.0426361213206754,0.008987516164779663,0.005473591387271881,0.002076566219329834
1,2048,transformer.h.0.mlp.w2.weight,"(1024, 384)",structural_int4_k8,structural_vq64_int3_k8,1.0630367876723124,1.2581962367035242,1.1849767656553172,1.0278416359324403,1.0489304416035956,1.0337283973935216,0.008087024092674255,0.004799341782927513,0.0017883777618408203
1,2048,transformer.h.0.mlp.c_proj.weight,"(384, 1024)",structural_int4_k8,structural_vq64_int3_k8,1.0549202792734058,1.3175311855303693,1.4051745730362948,0.9690583621176733,0.9087781571848281,0.8943994374479667,0.008237168192863464,0.012156195938587189,-0.00552058219909668
1,2048,transformer.h.1.attn.c_attn.weight,"(1152, 384)",structural_int4_k8,structural_vq64_int3_k8,1.0279435113674207,1.1589477255264344,1.116768421953994,0.9977055511750401,0.9995825276902298,1.0096161729372695,0.0024176016449928284,0.0019469913095235825,-0.00010466575622558594
1,2048,transformer.h.1.attn.c_proj.weight,"(384, 384)",structural_int4_k8,structural_vq64_int3_k8,1.0270510351539175,1.1211576992933108,0.979415758037963,1.0040895267973478,0.986579458887417,0.9762209003451567,0.00198981910943985,0.0010153241455554962,-0.0034860968589782715
1,2048,transformer.h.1.mlp.w1.weight,"(1024, 384)",structural_int4_k8,structural_vq64_int3_k8,1.0905824071796477,1.289043511737517,1.0161043150636393,1.0100916017635484,1.0661082450970534,1.0457247169631814,0.011317677795886993,0.005789671093225479,0.003056764602661133
1,2048,transformer.h.1.mlp.w2.weight,"(1024, 384)",structural_int4_k8,structural_vq64_int3_k8,1.1045726537733762,1.4103043531576627,1.2432429941584235,1.0136525826100713,1.0732394510433427,1.0500032570396471,0.01318928599357605,0.008276579901576042,0.0034102201461791992
1,2048,transformer.h.1.mlp.c_proj.weight,"(384, 1024)",structural_int4_k8,structural_vq64_int3_k8,1.0888752444585839,1.341980146315785,1.2480155552092846,0.9609599851130305,0.97044005480457,0.9511041493349117,0.01337502896785736,0.0157889723777771,-0.0017964839935302734
1,2048,transformer.h.2.attn.c_attn.weight,"(1152, 384)",structural_int4_k8,structural_vq64_int3_k8,1.0528883642862872,1.1192937423298683,1.1646668118950976,1.0026619298931712,1.013775386639828,1.0171839014781887,0.004033111035823822,0.0013439254835247993,0.002417266368865967
1,2048,transformer.h.2.attn.c_proj.weight,"(384, 384)",structural_int4_k8,structural_vq64_int3_k8,1.240841740426295,1.3539686785625051,0.8453788679619368,0.995595691797861,0.9320692570094522,0.9582622887878425,0.02228083461523056,0.0038869772106409073,-0.018134355545043945
1,2048,transformer.h.2.mlp.w1.weight,"(1024, 384)",structural_int4_k8,structural_vq64_int3_k8,1.0615743506863526,1.3865225066376712,0.98533434044982,1.0104441836671862,1.0278711756130428,1.0170835013321315,0.00902506709098816,0.01265459880232811,0.001550912857055664
1,2048,transformer.h.2.mlp.w2.weight,"(1024, 384)",structural_int4_k8,structural_vq64_int3_k8,1.094047573197213,1.5214056421293563,1.2999370215393933,1.0032633559540347,1.0625195122980213,1.0480253301533913,0.013863414525985718,0.01898214966058731,0.0035331249237060547
1,2048,transformer.h.2.mlp.c_proj.weight,"(384, 1024)",structural_int4_k8,structural_vq64_int3_k8,1.049721130010642,1.2801972122723473,1.6714112056217276,0.9889388598359182,0.9796733378290339,0.9646298544707851,0.008419275283813477,0.025898151099681854,-0.0010600090026855469
1,2048,transformer.h.3.attn.c_attn.weight,"(1152, 384)",structural_int4_k8,structural_vq64_int3_k8,1.0365821567592763,1.1789188546381562,1.017444600465788,1.000845793503987,1.0107466519505632,1.020935168906111,0.0035050436854362488,0.0028977040201425552,0.0028275251388549805
1,2048,transformer.h.3.attn.c_proj.weight,"(384, 384)",structural_int4_k8,structural_vq64_int3_k8,1.0512292882126189,1.3070694820253612,1.2171601182202467,0.9777706410016338,0.9225014667149198,0.9371271961098708,0.005450539290904999,0.004576937295496464,-0.021864712238311768
1,2048,transformer.h.3.mlp.w1.weight,"(1024, 384)",structural_int4_k8,structural_vq64_int3_k8,1.0738284235110724,1.4904848271969586,1.4939665917181733,1.0248927458872787,1.0416020782330742,1.0329251150386585,0.011269226670265198,0.019715525209903717,0.002319514751434326
1,2048,transformer.h.3.mlp.w2.weight,"(1024, 384)",structural_int4_k8,structural_vq64_int3_k8,1.0905062557387457,1.5276259475020768,1.758053100167277,1.0159843488897335,1.0566982477640603,1.045746935837615,0.013831660151481628,0.021313052624464035,0.003248453140258789
1,2048,transformer.h.3.mlp.c_proj.weight,"(384, 1024)",structural_int4_k8,structural_vq64_int3_k8,1.0492270789805658,1.2378473313533753,1.2663295709883058,0.9799080903895968,0.9858929645637667,0.9697095540118796,0.008318707346916199,0.02258133888244629,-0.0007254481315612793
1,2048,transformer.h.4.attn.c_attn.weight,"(1152, 384)",structural_int4_k8,structural_vq64_int3_k8,1.0188443162891878,1.0955107044919303,1.0618836201325854,1.002657038908527,0.979692675069307,0.9832722824106301,0.001988358795642853,0.002484820783138275,-0.004843771457672119
1,2048,transformer.h.4.attn.c_proj.weight,"(384, 384)",structural_int4_k8,structural_vq64_int3_k8,1.2101039707184669,1.5765813572718683,1.1070344594066834,0.9882099981586894,0.9452792712666027,0.9700637159188185,0.023661911487579346,0.00961729884147644,-0.01528477668762207
1,2048,transformer.h.4.mlp.w1.weight,"(1024, 384)",structural_int4_k8,structural_vq64_int3_k8,1.0665023814187755,1.475471561622838,1.2542844505199158,0.9987431022335514,1.0217009010681457,1.0083415296707414,0.01031506061553955,0.021743014454841614,0.001282036304473877
1,2048,transformer.h.4.mlp.w2.weight,"(1024, 384)",structural_int4_k8,structural_vq64_int3_k8,1.078437309764949,1.5177965679357648,1.8054557075419864,1.0089815165460698,1.0395085350837563,1.0308059218670056,0.012220829725265503,0.0263974666595459,0.0023925304412841797
1,2048,transformer.h.4.mlp.c_proj.weight,"(384, 1024)",structural_int4_k8,structural_vq64_int3_k8,1.0567158269361496,1.2587416352554865,1.3047936805704663,0.9819515425897035,0.9592494045251516,0.9443183586369396,0.009105458855628967,0.015539202839136124,-0.0021251440048217773
1,2048,transformer.h.5.attn.c_attn.weight,"(1152, 384)",structural_int4_k8,structural_vq64_int3_k8,1.0224346688765753,1.3132319187092998,1.3352005187082008,0.995065030219731,0.9894861938831141,0.9937560959803543,0.0025518983602523804,0.009745953604578972,-0.0035472512245178223
1,2048,transformer.h.5.attn.c_proj.weight,"(384, 384)",structural_int4_k8,structural_vq64_int3_k8,1.044331080500152,1.2086919852252265,0.9320285659072532,1.0092565002401035,1.0086874157933285,1.0119958160704359,0.004740551114082336,0.005054188892245293,0.002519667148590088
1,2048,transformer.h.5.mlp.w1.weight,"(1024, 384)",structural_int4_k8,structural_vq64_int3_k8,1.1056305083236655,1.5451903753520833,1.2045217454674357,1.0094387863357113,1.045545460060573,1.035955471255575,0.014814302325248718,0.018396463245153427,0.002908647060394287
1,2048,transformer.h.5.mlp.w2.weight,"(1024, 384)",structural_int4_k8,structural_vq64_int3_k8,1.0907550691632946,1.549702737904752,1.3806794487170915,0.9895957145689179,1.0132244675784174,1.0023607490725026,0.013419479131698608,0.024069394916296005,0.0008688569068908691
1,2048,transformer.h.5.mlp.c_proj.weight,"(384, 1024)",structural_int4_k8,structural_vq64_int3_k8,1.0949517118785492,1.376980249285923,1.0280411716399145,0.9640763237175863,0.9383634942352791,0.9176975221857062,0.012875303626060486,0.009258883073925972,-0.0038208961486816406
1,4096,transformer.h.0.attn.c_attn.weight,"(1152, 384)",structural_int4_k8,structural_vq64_int3_k8,1.0391514575626581,1.109174690987599,1.0706199019236717,1.0001425097377037,1.0156655459229618,1.0162015020169304,0.0030397549271583557,0.0013849707320332527,0.003154277801513672
1,4096,transformer.h.0.attn.c_proj.weight,"(384, 384)",structural_int4_k8,structural_vq64_int3_k8,1.0385429684289094,1.0550454616235765,0.9672812442248108,1.0011841652810933,1.004459298519359,0.9985232409352349,0.002613179385662079,0.0006103664636611938,0.0010080933570861816
1,4096,transformer.h.0.mlp.w1.weight,"(1024, 384)",structural_int4_k8,structural_vq64_int3_k8,1.0649603080637167,1.3206218661231441,1.0433344231187776,1.0332415180764551,1.0421638512855844,1.0273936249122264,0.008294284343719482,0.0059632305055856705,0.0014846324920654297
1,4096,transformer.h.0.mlp.w2.weight,"(1024, 384)",structural_int4_k8,structural_vq64_int3_k8,1.0655079229755995,1.2910438354569929,1.0473015799185845,1.008758317067941,1.0460183779725474,1.025544559465862,0.00857938826084137,0.005896406248211861,0.0016805529594421387
1,4096,transformer.h.0.mlp.c_proj.weight,"(384, 1024)",structural_int4_k8,structural_vq64_int3_k8,1.0547101666128658,1.2018283410933532,0.9242195057961885,0.9871091483235555,0.9425913132691229,0.9250303020041651,0.007477998733520508,0.005827132612466812,-0.0031551718711853027
1,4096,transformer.h.1.attn.c_attn.weight,"(1152, 384)",structural_int4_k8,structural_vq64_int3_k8,1.033841024430544,1.1018065111544872,0.9851525759235876,1.007445397582251,1.0276475608187887,1.0252598666996067,0.0025636106729507446,0.0009665424004197121,0.005920529365539551
1,4096,transformer.h.1.attn.c_proj.weight,"(384, 384)",structural_int4_k8,structural_vq64_int3_k8,1.027688704971311,1.1022195715832972,0.9925334291922222,1.0009558558841352,1.0109440861580448,1.0132772507953085,0.0017513185739517212,0.0006733783520758152,0.0024247169494628906
1,4096,transformer.h.1.mlp.w1.weight,"(1024, 384)",structural_int4_k8,structural_vq64_int3_k8,1.0892679674593035,1.320974580636951,1.1186256962962886,1.0269173862155063,1.0748534368395095,1.057599556267097,0.011190906167030334,0.005947744473814964,0.0032656192779541016
1,4096,transformer.h.1.mlp.w2.weight,"(1024, 384)",structural_int4_k8,structural_vq64_int3_k8,1.0957699316003755,1.29748634656223,1.0938333167704595,1.0360370379311994,1.067896311886479,1.0474863256467992,0.011599704623222351,0.005085280165076256,0.002953469753265381
1,4096,transformer.h.1.mlp.c_proj.weight,"(384, 1024)",structural_int4_k8,structural_vq64_int3_k8,1.0720157458815422,1.2784525835626732,0.9918018327679583,0.9781662389998211,0.9723105223902739,0.9592618374534941,0.010650843381881714,0.011912591755390167,-0.0016131401062011719
1,4096,transformer.h.2.attn.c_attn.weight,"(1152, 384)",structural_int4_k8,structural_vq64_int3_k8,1.0348683059823343,0.9871888598749898,0.9307241110293757,0.996828513094031,1.013925848639059,1.0128316168120821,0.0023482590913772583,-0.00013123173266649246,0.0019856691360473633
1,4096,transformer.h.2.attn.c_proj.weight,"(384, 384)",structural_int4_k8,structural_vq64_int3_k8,1.2903412348406582,1.3452494135189828,1.0288921922002887,0.9855230073350862,0.9593086295236644,0.9619249541566266,0.022676527500152588,0.0027614012360572815,-0.009484350681304932
1,4096,transformer.h.2.mlp.w1.weight,"(1024, 384)",structural_int4_k8,structural_vq64_int3_k8,1.0595986643241637,1.399632340658189,1.1641708718700887,1.011221577930549,1.0422763439361529,1.0316936353342927,0.008699536323547363,0.013680003583431244,0.0020791292190551758
1,4096,transformer.h.2.mlp.w2.weight,"(1024, 384)",structural_int4_k8,structural_vq64_int3_k8,1.067069743032492,1.4288857174662104,1.3068969247976514,1.0317522479827008,1.0456984079828042,1.0352720564561742,0.009876072406768799,0.014869574457406998,0.0023379921913146973
1,4096,transformer.h.2.mlp.c_proj.weight,"(384, 1024)",structural_int4_k8,structural_vq64_int3_k8,1.0369995147674809,1.2007805293810492,1.5579617180476322,0.9840021887150399,0.9907145371437576,0.9811947979692607,0.006181091070175171,0.018464140594005585,-0.0004355311393737793
1,4096,transformer.h.3.attn.c_attn.weight,"(1152, 384)",structural_int4_k8,structural_vq64_int3_k8,1.0158620796567543,1.0573160276687321,1.0070352942098104,1.000993482290683,0.9880167918844802,0.9910631372624483,0.0014255940914154053,0.0009731873869895935,-0.002561330795288086
1,4096,transformer.h.3.attn.c_proj.weight,"(384, 384)",structural_int4_k8,structural_vq64_int3_k8,1.1348788075795848,1.4025864187995076,1.100865407387731,0.9721255557963413,0.8925368402958386,0.9313222484912881,0.014805085957050323,0.006174542009830475,-0.02869236469268799
1,4096,transformer.h.3.mlp.w1.weight,"(1024, 384)",structural_int4_k8,structural_vq64_int3_k8,1.0603127061663067,1.4216518755478855,1.1962807614262454,1.0241226992767085,1.028763999659342,1.0179647322743237,0.009133979678153992,0.015881262719631195,0.0014293193817138672
1,4096,transformer.h.3.mlp.w2.weight,"(1024, 384)",structural_int4_k8,structural_vq64_int3_k8,1.0739037552170105,1.4684319725131942,1.281813918787671,1.0056951469268938,1.045528304068885,1.033055411837458,0.011113554239273071,0.01746746152639389,0.0022760629653930664
1,4096,transformer.h.3.mlp.c_proj.weight,"(384, 1024)",structural_int4_k8,structural_vq64_int3_k8,1.042705818798479,1.197182348726629,1.3249393899498685,0.9759402367447854,0.9956643503841504,0.9817940487907671,0.0071103572845458984,0.018101751804351807,-0.00020134449005126953
1,4096,transformer.h.4.attn.c_attn.weight,"(1152, 384)",structural_int4_k8,structural_vq64_int3_k8,1.0142071216930926,0.9947125688741882,0.8943292680246029,1.0000862598679257,0.9766111105732601,0.9867719227092326,0.0014197379350662231,-0.00012548454105854034,-0.004751920700073242
1,4096,transformer.h.4.attn.c_proj.weight,"(384, 384)",structural_int4_k8,structural_vq64_int3_k8,1.250766397574934,1.5390367400905596,1.0903443523184937,0.9798672137609429,0.9533905702225084,0.9728578627496202,0.026232995092868805,0.007408450357615948,-0.011649012565612793
1,4096,transformer.h.4.mlp.w1.weight,"(1024, 384)",structural_int4_k8,structural_vq64_int3_k8,1.0491849627868137,1.4102617153379093,1.6608458934791748,0.9985268219740226,1.0201516733395912,1.0112328475937205,0.007652387022972107,0.02041010931134224,0.0010032057762145996
1,4096,transformer.h.4.mlp.w2.weight,"(1024, 384)",structural_int4_k8,structural_vq64_int3_k8,1.061413005021679,1.4484462406347864,1.6820274779132849,1.0075131678363851,1.0282650121666783,1.0182556511433245,0.009596124291419983,0.023474276065826416,0.0014684796333312988
1,4096,transformer.h.4.mlp.c_proj.weight,"(384, 1024)",structural_int4_k8,structural_vq64_int3_k8,1.046898305869206,1.1794436634966834,0.9783287789632709,0.9911722239121111,0.9904408471939945,0.9773906319502633,0.007111728191375732,0.008872762322425842,-0.00043004751205444336
1,4096,transformer.h.5.attn.c_attn.weight,"(1152, 384)",structural_int4_k8,structural_vq64_int3_k8,1.0284989623953664,1.2893099125160739,1.408254989932386,1.0051457395296428,0.9929478888996728,1.0009703526226894,0.00325610488653183,0.008299194276332855,-0.0022347569465637207
1,4096,transformer.h.5.attn.c_proj.weight,"(384, 384)",structural_int4_k8,structural_vq64_int3_k8,1.0252029323660556,1.1544780744775425,0.9952526634657237,1.0053772797647942,1.0084538927748767,1.022438269541068,0.002865910530090332,0.004284035414457321,0.0022916793823242188
1,4096,transformer.h.5.mlp.w1.weight,"(1024, 384)",structural_int4_k8,structural_vq64_int3_k8,1.0857828915554495,1.6419594662214259,1.4924397690230762,0.9866459133529187,1.0014660624320695,0.9878093086415831,0.012587785720825195,0.02530631795525551,8.112192153930664e-05
1,4096,transformer.h.5.mlp.w2.weight,"(1024, 384)",structural_int4_k8,structural_vq64_int3_k8,1.0728704785788523,1.592967177961491,1.56339142758128,0.9819223914070139,0.9992610269619892,0.9892540969551479,0.011081993579864502,0.02721520885825157,-4.184246063232422e-05
1,4096,transformer.h.5.mlp.c_proj.weight,"(384, 1024)",structural_int4_k8,structural_vq64_int3_k8,1.1031969033543616,1.3460690917079825,0.9847216307514387,0.9577201389295609,0.9132675864427984,0.8884425675857263,0.012742817401885986,0.006481388583779335,-0.00547105073928833
