seed,update,parameter_id,shape,method_a,method_b,raw_relative_difference,raw_error_a,raw_error_b,gram_error_a,gram_error_b,update_distortion_a,update_distortion_b,smaller_gram_method,smaller_update_distortion_method,gram_orders_update
0,128,transformer.h.0.attn.c_attn.weight,"(1152, 384)",structural_int4_k8,structural_vq64_int3_k8,0.030899532698336358,0.08968377858400345,0.09249845147132874,0.016442446038126945,0.01892169378697872,0.20240181684494019,0.20371484756469727,structural_int4_k8,structural_int4_k8,True
0,128,transformer.h.0.attn.c_proj.weight,"(384, 384)",structural_int4_k8,structural_vq64_int3_k8,0.028763240915345482,0.08723220229148865,0.08977789431810379,0.015884529799222946,0.01821870356798172,0.23155415058135986,0.23434454202651978,structural_int4_k8,structural_int4_k8,True
0,128,transformer.h.1.attn.c_attn.weight,"(1152, 384)",structural_int4_k8,structural_vq64_int3_k8,0.027711748997039837,0.09265954047441483,0.09526337683200836,0.018275756388902664,0.021528832614421844,0.26869285106658936,0.26879405975341797,structural_int4_k8,structural_int4_k8,True
0,128,transformer.h.1.attn.c_proj.weight,"(384, 384)",structural_int4_k8,structural_vq64_int3_k8,0.01763793326012125,0.08824409544467926,0.08981438726186752,0.01581871695816517,0.017412357032299042,0.28338873386383057,0.28280913829803467,structural_int4_k8,structural_vq64_int3_k8,False
0,128,transformer.h.2.attn.c_attn.weight,"(1152, 384)",structural_int4_k8,structural_vq64_int3_k8,0.026263032967818914,0.08882353454828262,0.09118735045194626,0.015849614515900612,0.01791735738515854,0.2888765335083008,0.29007959365844727,structural_int4_k8,structural_int4_k8,True
0,128,transformer.h.2.attn.c_proj.weight,"(384, 384)",structural_int4_k8,structural_vq64_int3_k8,0.02769311784188664,0.08672954142093658,0.08916507661342621,0.015293429605662823,0.017697203904390335,0.3063497543334961,0.3026784658432007,structural_int4_k8,structural_vq64_int3_k8,False
0,128,transformer.h.3.attn.c_attn.weight,"(1152, 384)",structural_int4_k8,structural_vq64_int3_k8,0.02473083392644948,0.07979916036128998,0.08179736882448196,0.01225245837122202,0.014109479263424873,0.29278135299682617,0.29166513681411743,structural_int4_k8,structural_vq64_int3_k8,False
0,128,transformer.h.3.attn.c_proj.weight,"(384, 384)",structural_int4_k8,structural_vq64_int3_k8,0.016853169128938205,0.08121980726718903,0.08260025084018707,0.01207041647285223,0.013999072834849358,0.30817198753356934,0.3051973581314087,structural_int4_k8,structural_vq64_int3_k8,False
0,128,transformer.h.4.attn.c_attn.weight,"(1152, 384)",structural_int4_k8,structural_vq64_int3_k8,0.01537142861371993,0.06992745399475098,0.07101066410541534,0.008874213322997093,0.009527384303510189,0.28224003314971924,0.27480489015579224,structural_int4_k8,structural_vq64_int3_k8,False
0,128,transformer.h.4.attn.c_proj.weight,"(384, 384)",structural_int4_k8,structural_vq64_int3_k8,0.011174411818020648,0.0743878111243248,0.07522372156381607,0.011528326198458672,0.012581735849380493,0.3001784682273865,0.28984105587005615,structural_int4_k8,structural_vq64_int3_k8,False
0,128,transformer.h.5.attn.c_attn.weight,"(1152, 384)",structural_int4_k8,structural_vq64_int3_k8,0.019271163027648763,0.06055028736591339,0.06172851473093033,0.00823881383985281,0.00871751643717289,0.2653657793998718,0.2623522877693176,structural_int4_k8,structural_vq64_int3_k8,False
0,128,transformer.h.5.attn.c_proj.weight,"(384, 384)",structural_int4_k8,structural_vq64_int3_k8,0.016287199635127918,0.05666500702500343,0.057595498859882355,0.007391441613435745,0.007927839644253254,0.26924246549606323,0.26395416259765625,structural_int4_k8,structural_vq64_int3_k8,False
0,512,transformer.h.0.attn.c_attn.weight,"(1152, 384)",structural_int4_k8,structural_vq64_int3_k8,0.03047823965235459,0.08863911777734756,0.09138248860836029,0.016441060230135918,0.01928894780576229,0.22538292407989502,0.22678780555725098,structural_int4_k8,structural_int4_k8,True
0,512,transformer.h.0.attn.c_proj.weight,"(384, 384)",structural_int4_k8,structural_vq64_int3_k8,0.03547292197371444,0.09138479083776474,0.09468501061201096,0.018199382349848747,0.021602725610136986,0.2614702582359314,0.2632075548171997,structural_int4_k8,structural_int4_k8,True
0,512,transformer.h.1.attn.c_attn.weight,"(1152, 384)",structural_int4_k8,structural_vq64_int3_k8,0.03773437256420618,0.09472154825925827,0.09836453944444656,0.017430657520890236,0.021821405738592148,0.2705448865890503,0.2738977074623108,structural_int4_k8,structural_int4_k8,True
0,512,transformer.h.1.attn.c_proj.weight,"(384, 384)",structural_int4_k8,structural_vq64_int3_k8,0.02895358588139259,0.09342359006404877,0.09616827219724655,0.01623512990772724,0.01862034574151039,0.2946104407310486,0.29728513956069946,structural_int4_k8,structural_int4_k8,True
0,512,transformer.h.1.mlp.w1.weight,"(1024, 384)",direct_scalar_int4,structural_scalar_int3_p98_k8,0.03855929508272085,0.1929456889629364,0.18564656376838684,0.058165669441223145,0.0519719235599041,0.08831596374511719,0.08251893520355225,structural_scalar_int3_p98_k8,structural_scalar_int3_p98_k8,True
0,512,transformer.h.1.mlp.w2.weight,"(1024, 384)",direct_scalar_int4,structural_scalar_int3_p98_k8,0.03222925662086452,0.19391067326068878,0.18776018917560577,0.06141230836510658,0.05564416944980621,0.09132099151611328,0.0853998064994812,structural_scalar_int3_p98_k8,structural_scalar_int3_p98_k8,True
0,512,transformer.h.2.attn.c_attn.weight,"(1152, 384)",structural_int4_k8,structural_vq64_int3_k8,0.032036234048650115,0.08803460747003555,0.09090081602334976,0.01408638060092926,0.017303263768553734,0.28619295358657837,0.28584378957748413,structural_int4_k8,structural_vq64_int3_k8,False
0,512,transformer.h.2.attn.c_proj.weight,"(384, 384)",structural_int4_k8,structural_vq64_int3_k8,0.02633792105012823,0.09321282058954239,0.09570061415433884,0.015930555760860443,0.018749458715319633,0.31596803665161133,0.31363338232040405,structural_int4_k8,structural_vq64_int3_k8,False
0,512,transformer.h.2.mlp.w1.weight,"(1024, 384)",direct_scalar_int4,structural_scalar_int3_p98_k8,0.004970857670117417,0.1899767965078354,0.19092349708080292,0.05766630917787552,0.05951131507754326,0.09958654642105103,0.09967154264450073,direct_scalar_int4,direct_scalar_int4,True
0,512,transformer.h.2.mlp.w2.weight,"(1024, 384)",direct_scalar_int4,structural_scalar_int3_p98_k8,0.029690862036483107,0.1921621710062027,0.1865401715040207,0.061623331159353256,0.05340820550918579,0.10836291313171387,0.10254096984863281,structural_scalar_int3_p98_k8,structural_scalar_int3_p98_k8,True
0,512,transformer.h.3.attn.c_attn.weight,"(1152, 384)",structural_int4_k8,structural_vq64_int3_k8,0.0322653639508865,0.09230907261371613,0.09533629566431046,0.014402862638235092,0.01848767139017582,0.31369102001190186,0.3100869655609131,structural_int4_k8,structural_vq64_int3_k8,False
0,512,transformer.h.3.attn.c_proj.weight,"(384, 384)",structural_int4_k8,structural_vq64_int3_k8,0.023125736969984698,0.09540048986673355,0.0976325049996376,0.017932744696736336,0.022046521306037903,0.31977272033691406,0.3185455799102783,structural_int4_k8,structural_vq64_int3_k8,False
0,512,transformer.h.3.mlp.w1.weight,"(1024, 384)",direct_scalar_int4,structural_scalar_int3_p98_k8,0.03581529856800243,0.1928177773952484,0.1860334426164627,0.07587338984012604,0.057102836668491364,0.11451506614685059,0.11175906658172607,structural_scalar_int3_p98_k8,structural_scalar_int3_p98_k8,True
0,512,transformer.h.3.mlp.w2.weight,"(1024, 384)",direct_scalar_int4,structural_scalar_int3_p98_k8,0.021022610437169673,0.1914530247449875,0.18747004866600037,0.07226043194532394,0.06239346042275429,0.11549955606460571,0.11352330446243286,structural_scalar_int3_p98_k8,structural_scalar_int3_p98_k8,True
0,512,transformer.h.4.attn.c_attn.weight,"(1152, 384)",structural_int4_k8,structural_vq64_int3_k8,0.028765593869423182,0.09390117228031158,0.09664171189069748,0.01834305003285408,0.02286260575056076,0.31398648023605347,0.311490535736084,structural_int4_k8,structural_vq64_int3_k8,False
0,512,transformer.h.4.attn.c_proj.weight,"(384, 384)",structural_int4_k8,structural_vq64_int3_k8,0.016941297292163256,0.0959019809961319,0.09754056483507156,0.01963924616575241,0.02404201030731201,0.32342666387557983,0.3207154870033264,structural_int4_k8,structural_vq64_int3_k8,False
0,512,transformer.h.4.mlp.w1.weight,"(1024, 384)",direct_scalar_int4,structural_scalar_int3_p98_k8,0.03947863494326481,0.19362860918045044,0.18613238632678986,0.06549683213233948,0.058872759342193604,0.12869900465011597,0.12282192707061768,structural_scalar_int3_p98_k8,structural_scalar_int3_p98_k8,True
0,512,transformer.h.4.mlp.w2.weight,"(1024, 384)",direct_scalar_int4,structural_scalar_int3_p98_k8,0.04923412886413616,0.19397489726543427,0.18465416133403778,0.06428901851177216,0.05731518566608429,0.13519072532653809,0.12777596712112427,structural_scalar_int3_p98_k8,structural_scalar_int3_p98_k8,True
0,512,transformer.h.5.attn.c_attn.weight,"(1152, 384)",structural_int4_k8,structural_vq64_int3_k8,0.020538790257123952,0.08888895809650421,0.09073357284069061,0.017261439934372902,0.02141069807112217,0.32429540157318115,0.32397305965423584,structural_int4_k8,structural_vq64_int3_k8,False
0,512,transformer.h.5.attn.c_proj.weight,"(384, 384)",structural_int4_k8,structural_vq64_int3_k8,0.02356383934758814,0.08412126451730728,0.08612711727619171,0.014714410528540611,0.0170171819627285,0.3149632215499878,0.31512415409088135,structural_int4_k8,structural_int4_k8,True
0,512,transformer.h.5.mlp.c_proj.weight,"(384, 1024)",structural_int4_k8,structural_vq64_int3_k8,0.04833633048386524,0.13036295771598816,0.13682028651237488,0.022245893254876137,0.027708306908607483,0.06643480062484741,0.0612640380859375,structural_int4_k8,structural_vq64_int3_k8,False
0,1024,transformer.h.0.attn.c_attn.weight,"(1152, 384)",structural_int4_k8,structural_vq64_int3_k8,0.03497796565798274,0.09107348322868347,0.09431575238704681,0.017172567546367645,0.01998004876077175,0.2284345030784607,0.2306918501853943,structural_int4_k8,structural_int4_k8,True
0,1024,transformer.h.0.attn.c_proj.weight,"(384, 384)",structural_int4_k8,structural_vq64_int3_k8,0.021927691878767478,0.09320766478776932,0.09527415037155151,0.0188538059592247,0.02277987450361252,0.268313467502594,0.27015262842178345,structural_int4_k8,structural_int4_k8,True
0,1024,transformer.h.1.attn.c_attn.weight,"(1152, 384)",structural_int4_k8,structural_vq64_int3_k8,0.028127269749833834,0.09532183408737183,0.09804122149944305,0.0169727373868227,0.01959661766886711,0.26264286041259766,0.26363706588745117,structural_int4_k8,structural_int4_k8,True
0,1024,transformer.h.1.attn.c_proj.weight,"(384, 384)",structural_int4_k8,structural_vq64_int3_k8,0.024716409595901045,0.07597926259040833,0.07788069546222687,0.0088154012337327,0.009822938591241837,0.2824220061302185,0.2806064486503601,structural_int4_k8,structural_vq64_int3_k8,False
0,1024,transformer.h.2.attn.c_attn.weight,"(1152, 384)",structural_int4_k8,structural_vq64_int3_k8,0.030220739450353168,0.051978208124637604,0.053573127835989,0.007684301119297743,0.00878532137721777,0.20688354969024658,0.2042536735534668,structural_int4_k8,structural_vq64_int3_k8,False
0,1024,transformer.h.2.mlp.c_proj.weight,"(384, 1024)",direct_scalar_int4,structural_scalar_int3_p98_k8,0.035514234032086235,0.2193106710910797,0.21165791153907776,0.11044817417860031,0.11121994256973267,0.1061219573020935,0.09603822231292725,direct_scalar_int4,structural_scalar_int3_p98_k8,False
0,1024,transformer.h.3.attn.c_attn.weight,"(1152, 384)",structural_int4_k8,structural_vq64_int3_k8,0.02966725450732179,0.08272918313741684,0.08522048592567444,0.010423903353512287,0.012441052123904228,0.28099071979522705,0.2814006209373474,structural_int4_k8,structural_int4_k8,True
0,1024,transformer.h.3.attn.c_proj.weight,"(384, 384)",structural_int4_k8,structural_vq64_int3_k8,0.02132326870742578,0.08852245658636093,0.09043038636445999,0.013171074911952019,0.01449297834187746,0.289533793926239,0.28363674879074097,structural_int4_k8,structural_vq64_int3_k8,False
0,1024,transformer.h.3.mlp.w1.weight,"(1024, 384)",direct_scalar_int4,structural_scalar_int3_p98_k8,0.0037850833943427827,0.1925465613603592,0.19327674806118011,0.06971713155508041,0.06560119986534119,0.10510605573654175,0.10680657625198364,structural_scalar_int3_p98_k8,direct_scalar_int4,False
0,1024,transformer.h.3.mlp.w2.weight,"(1024, 384)",direct_scalar_int4,structural_scalar_int3_p98_k8,0.0021054862787423393,0.19340284168720245,0.19381047785282135,0.07176171243190765,0.06930822134017944,0.10921186208724976,0.110287606716156,structural_scalar_int3_p98_k8,direct_scalar_int4,False
0,1024,transformer.h.3.mlp.c_proj.weight,"(384, 1024)",direct_scalar_int4,structural_scalar_int3_p98_k8,0.04872919249252561,0.21992997825145721,0.20946787297725677,0.11435581743717194,0.10401438921689987,0.09827381372451782,0.08817625045776367,structural_scalar_int3_p98_k8,structural_scalar_int3_p98_k8,True
0,1024,transformer.h.4.attn.c_attn.weight,"(1152, 384)",structural_int4_k8,structural_vq64_int3_k8,0.029431686882470463,0.09968488663434982,0.1026626005768776,0.021959971636533737,0.026890577748417854,0.3096381425857544,0.3092312812805176,structural_int4_k8,structural_vq64_int3_k8,False
0,1024,transformer.h.4.attn.c_proj.weight,"(384, 384)",structural_int4_k8,structural_vq64_int3_k8,0.02214947196691778,0.1013464406132698,0.10361634939908981,0.02103918045759201,0.02493555098772049,0.3063330054283142,0.30714184045791626,structural_int4_k8,structural_int4_k8,True
0,1024,transformer.h.4.mlp.w1.weight,"(1024, 384)",direct_scalar_int4,structural_scalar_int3_p98_k8,0.010074556187571802,0.19892866909503937,0.20094293355941772,0.07634972035884857,0.08308833092451096,0.1115577220916748,0.11184585094451904,direct_scalar_int4,direct_scalar_int4,True
0,1024,transformer.h.4.mlp.w2.weight,"(1024, 384)",direct_scalar_int4,structural_scalar_int3_p98_k8,0.020804361749444694,0.19802771508693695,0.20219086110591888,0.0794033333659172,0.0861564427614212,0.11277145147323608,0.11676454544067383,direct_scalar_int4,direct_scalar_int4,True
0,1024,transformer.h.5.attn.c_attn.weight,"(1152, 384)",structural_int4_k8,structural_vq64_int3_k8,0.026120554851094345,0.0992465391755104,0.10187321901321411,0.022940196096897125,0.029042992740869522,0.33680838346481323,0.3355618119239807,structural_int4_k8,structural_vq64_int3_k8,False
0,1024,transformer.h.5.attn.c_proj.weight,"(384, 384)",structural_int4_k8,structural_vq64_int3_k8,0.022519796078219127,0.09800007939338684,0.10023215413093567,0.020929357036948204,0.0249980129301548,0.31416434049606323,0.3089357018470764,structural_int4_k8,structural_vq64_int3_k8,False
0,2048,transformer.h.0.attn.c_attn.weight,"(1152, 384)",structural_int4_k8,structural_vq64_int3_k8,0.03438925263584906,0.07725704461336136,0.07996033877134323,0.012462249025702477,0.013742034323513508,0.21496522426605225,0.21730756759643555,structural_int4_k8,structural_int4_k8,True
0,2048,transformer.h.0.attn.c_proj.weight,"(384, 384)",structural_int4_k8,structural_vq64_int3_k8,0.023356804730062897,0.0719272643327713,0.07362710684537888,0.012348209507763386,0.01394987665116787,0.24109196662902832,0.24238014221191406,structural_int4_k8,structural_int4_k8,True
0,2048,transformer.h.0.mlp.c_proj.weight,"(384, 1024)",structural_int4_k8,structural_vq64_int3_k8,0.048153564743554214,0.1534801572561264,0.1610531061887741,0.051384951919317245,0.06565586477518082,0.0584409236907959,0.05558651685714722,structural_int4_k8,structural_vq64_int3_k8,False
0,2048,transformer.h.1.attn.c_attn.weight,"(1152, 384)",structural_int4_k8,structural_vq64_int3_k8,0.042874667452597395,0.0788150206208229,0.08226821571588516,0.01105027087032795,0.01228572428226471,0.23654073476791382,0.242467999458313,structural_int4_k8,structural_int4_k8,True
0,2048,transformer.h.1.attn.c_proj.weight,"(384, 384)",structural_int4_k8,structural_vq64_int3_k8,0.02503939280050542,0.06968068331480026,0.07144756615161896,0.0079480716958642,0.008498742245137691,0.25663942098617554,0.2564789652824402,structural_int4_k8,structural_vq64_int3_k8,False
0,2048,transformer.h.2.attn.c_attn.weight,"(1152, 384)",structural_int4_k8,structural_vq64_int3_k8,0.03867544485699825,0.07782059162855148,0.08088968694210052,0.011764355935156345,0.011962445452809334,0.17454499006271362,0.17241257429122925,structural_int4_k8,structural_vq64_int3_k8,False
0,2048,transformer.h.2.mlp.w1.weight,"(1024, 384)",direct_scalar_int4,structural_scalar_int3_p98_k8,0.023343896452419213,0.1924193799495697,0.18797938525676727,0.05088945850729942,0.045598067343235016,0.09633022546768188,0.09283161163330078,structural_scalar_int3_p98_k8,structural_scalar_int3_p98_k8,True
0,2048,transformer.h.2.mlp.w2.weight,"(1024, 384)",direct_scalar_int4,structural_scalar_int3_p98_k8,0.01176528318464134,0.19243575632572174,0.19018493592739105,0.052944108843803406,0.04730340838432312,0.0987081527709961,0.09645664691925049,structural_scalar_int3_p98_k8,structural_scalar_int3_p98_k8,True
0,2048,transformer.h.2.mlp.c_proj.weight,"(384, 1024)",direct_scalar_int4,structural_scalar_int3_p98_k8,0.004244597739218334,0.2155008465051651,0.21641750633716583,0.11933553963899612,0.12306671589612961,0.08288109302520752,0.08186060190200806,direct_scalar_int4,structural_scalar_int3_p98_k8,False
0,2048,transformer.h.3.attn.c_attn.weight,"(1152, 384)",structural_int4_k8,structural_vq64_int3_k8,0.03138297705661522,0.09712498635053635,0.100221648812294,0.016624735668301582,0.018852978944778442,0.24018019437789917,0.23804563283920288,structural_int4_k8,structural_vq64_int3_k8,False
0,2048,transformer.h.3.mlp.c_proj.weight,"(384, 1024)",direct_scalar_int4,structural_scalar_int3_p98_k8,0.017624384234879626,0.21384723484516144,0.2176496684551239,0.12613831460475922,0.1272941529750824,0.0740848183631897,0.07518213987350464,direct_scalar_int4,direct_scalar_int4,True
0,2048,transformer.h.3.mlp.c_proj.weight,"(384, 1024)",structural_int4_k8,structural_vq64_int3_k8,0.03718860890426129,0.16856981813907623,0.17495746910572052,0.09299205988645554,0.1121908575296402,0.048362016677856445,0.04661840200424194,structural_int4_k8,structural_vq64_int3_k8,False
0,2048,transformer.h.4.attn.c_attn.weight,"(1152, 384)",structural_int4_k8,structural_vq64_int3_k8,0.030801761264703884,0.11073405295610428,0.11419820785522461,0.02958761528134346,0.036728523671627045,0.3069934844970703,0.30588483810424805,structural_int4_k8,structural_vq64_int3_k8,False
0,2048,transformer.h.4.attn.c_proj.weight,"(384, 384)",structural_int4_k8,structural_vq64_int3_k8,0.02872346820452153,0.11245233565568924,0.115729421377182,0.027650700882077217,0.033189330250024796,0.28193342685699463,0.2850298285484314,structural_int4_k8,structural_int4_k8,True
0,2048,transformer.h.4.mlp.c_proj.weight,"(384, 1024)",direct_scalar_int4,structural_scalar_int3_p98_k8,0.03645113381416297,0.21283762156963348,0.20521831512451172,0.09038691967725754,0.07769399136304855,0.08554995059967041,0.07751274108886719,structural_scalar_int3_p98_k8,structural_scalar_int3_p98_k8,True
0,2048,transformer.h.5.attn.c_attn.weight,"(1152, 384)",structural_int4_k8,structural_vq64_int3_k8,0.02206563604272094,0.11458543688058853,0.11714204400777817,0.03274564445018768,0.041806042194366455,0.339758038520813,0.33365464210510254,structural_int4_k8,structural_vq64_int3_k8,False
0,2048,transformer.h.5.attn.c_proj.weight,"(384, 384)",structural_int4_k8,structural_vq64_int3_k8,0.02423897258464772,0.10387974232435226,0.10642857104539871,0.020899221301078796,0.024947963654994965,0.2919158935546875,0.2922292947769165,structural_int4_k8,structural_int4_k8,True
0,4096,transformer.h.0.attn.c_attn.weight,"(1152, 384)",structural_int4_k8,structural_vq64_int3_k8,0.028316747023541346,0.07470832765102386,0.07685420662164688,0.01223368663340807,0.012906866148114204,0.20413273572921753,0.2013452649116516,structural_int4_k8,structural_vq64_int3_k8,False
0,4096,transformer.h.0.attn.c_proj.weight,"(384, 384)",structural_int4_k8,structural_vq64_int3_k8,0.023921203444272603,0.06280689686536789,0.06432750076055527,0.010180535726249218,0.010618249885737896,0.21555489301681519,0.21517479419708252,structural_int4_k8,structural_vq64_int3_k8,False
0,4096,transformer.h.0.mlp.c_proj.weight,"(384, 1024)",structural_int4_k8,structural_vq64_int3_k8,0.0464001102452015,0.14311835169792175,0.14991678297519684,0.036157190799713135,0.04443907365202904,0.056204795837402344,0.05375391244888306,structural_int4_k8,structural_vq64_int3_k8,False
0,4096,transformer.h.1.attn.c_attn.weight,"(1152, 384)",structural_int4_k8,structural_vq64_int3_k8,0.023850949691998385,0.0715763047337532,0.07330407202243805,0.008872111327946186,0.008944944478571415,0.2103603482246399,0.21298694610595703,structural_int4_k8,structural_int4_k8,True
0,4096,transformer.h.1.attn.c_proj.weight,"(384, 384)",structural_int4_k8,structural_vq64_int3_k8,0.03408691874857369,0.05718722939491272,0.05917036533355713,0.005825013853609562,0.00640614191070199,0.21470093727111816,0.21857142448425293,structural_int4_k8,structural_int4_k8,True
0,4096,transformer.h.2.attn.c_attn.weight,"(1152, 384)",structural_int4_k8,structural_vq64_int3_k8,0.03304800283561664,0.06593544781208038,0.068151094019413,0.010875442065298557,0.010783703066408634,0.13400113582611084,0.1341070532798767,structural_vq64_int3_k8,structural_int4_k8,False
0,4096,transformer.h.2.mlp.w1.weight,"(1024, 384)",direct_scalar_int4,structural_scalar_int3_p98_k8,0.016956813162832984,0.19247499108314514,0.18923866748809814,0.04951954632997513,0.04360435903072357,0.08710908889770508,0.08520811796188354,structural_scalar_int3_p98_k8,structural_scalar_int3_p98_k8,True
0,4096,transformer.h.2.mlp.w2.weight,"(1024, 384)",direct_scalar_int4,structural_scalar_int3_p98_k8,0.01712832533204584,0.19215112924575806,0.1888878494501114,0.05095984786748886,0.0443994402885437,0.08909344673156738,0.08663034439086914,structural_scalar_int3_p98_k8,structural_scalar_int3_p98_k8,True
0,4096,transformer.h.2.mlp.c_proj.weight,"(384, 1024)",direct_scalar_int4,structural_scalar_int3_p98_k8,0.021304984711042817,0.2090187668800354,0.2135198563337326,0.10886667668819427,0.10967706143856049,0.07453393936157227,0.07586723566055298,direct_scalar_int4,direct_scalar_int4,True
0,4096,transformer.h.2.mlp.c_proj.weight,"(384, 1024)",structural_int4_k8,structural_vq64_int3_k8,0.04324662335358243,0.165252223610878,0.1725567728281021,0.07942944765090942,0.09746254980564117,0.0492936372756958,0.04791492223739624,structural_int4_k8,structural_vq64_int3_k8,False
0,4096,transformer.h.3.attn.c_attn.weight,"(1152, 384)",structural_int4_k8,structural_vq64_int3_k8,0.015314214422565035,0.07750256359577179,0.07869861274957657,0.010905634611845016,0.011319480836391449,0.18421655893325806,0.18082290887832642,structural_int4_k8,structural_vq64_int3_k8,False
0,4096,transformer.h.3.mlp.w1.weight,"(1024, 384)",structural_int4_k8,structural_vq64_int3_k8,0.04771940556193671,0.1572260707616806,0.16491219401359558,0.05525561422109604,0.07924295961856842,0.04932081699371338,0.05001187324523926,structural_int4_k8,structural_int4_k8,True
0,4096,transformer.h.3.mlp.c_proj.weight,"(384, 1024)",direct_scalar_int4,structural_scalar_int3_p98_k8,0.04409601302186237,0.20716571807861328,0.21650685369968414,0.12140362709760666,0.12395644187927246,0.06432116031646729,0.06970280408859253,direct_scalar_int4,direct_scalar_int4,True
0,4096,transformer.h.3.mlp.c_proj.weight,"(384, 1024)",structural_int4_k8,structural_vq64_int3_k8,0.022830135359954252,0.16605481505393982,0.1698896437883377,0.09054388105869293,0.10378089547157288,0.04327040910720825,0.04220980405807495,structural_int4_k8,structural_vq64_int3_k8,False
0,4096,transformer.h.4.attn.c_attn.weight,"(1152, 384)",structural_int4_k8,structural_vq64_int3_k8,0.029277164464165836,0.1100471243262291,0.1133168563246727,0.024064064025878906,0.02970370091497898,0.2753129005432129,0.27227818965911865,structural_int4_k8,structural_vq64_int3_k8,False
0,4096,transformer.h.4.attn.c_proj.weight,"(384, 384)",structural_int4_k8,structural_vq64_int3_k8,0.016736412958669688,0.11505069583654404,0.11699248105287552,0.025723345577716827,0.028732286766171455,0.2471422553062439,0.25115615129470825,structural_int4_k8,structural_int4_k8,True
0,4096,transformer.h.4.mlp.c_proj.weight,"(384, 1024)",direct_scalar_int4,structural_scalar_int3_p98_k8,0.04143258040114826,0.20983818173408508,0.20132049918174744,0.08675705641508102,0.07197854667901993,0.07862597703933716,0.0719636082649231,structural_scalar_int3_p98_k8,structural_scalar_int3_p98_k8,True
0,4096,transformer.h.4.mlp.c_proj.weight,"(384, 1024)",structural_int4_k8,structural_vq64_int3_k8,0.03253862156390499,0.15725329518318176,0.1624547243118286,0.052517782896757126,0.06319738924503326,0.04727602005004883,0.04471385478973389,structural_int4_k8,structural_vq64_int3_k8,False
0,4096,transformer.h.5.attn.c_attn.weight,"(1152, 384)",structural_int4_k8,structural_vq64_int3_k8,0.02599773696801592,0.11289101839065552,0.1158645823597908,0.02967062033712864,0.03822701424360275,0.315224826335907,0.31469088792800903,structural_int4_k8,structural_vq64_int3_k8,False
0,4096,transformer.h.5.attn.c_proj.weight,"(384, 384)",structural_int4_k8,structural_vq64_int3_k8,0.022849640867354103,0.10850861668586731,0.1110166534781456,0.023801857605576515,0.027444027364253998,0.267081618309021,0.2686305046081543,structural_int4_k8,structural_int4_k8,True
1,128,transformer.h.0.attn.c_attn.weight,"(1152, 384)",structural_int4_k8,structural_vq64_int3_k8,0.028229094858653284,0.09006532281637192,0.09264418482780457,0.014517414383590221,0.0167461596429348,0.20607012510299683,0.20729678869247437,structural_int4_k8,structural_int4_k8,True
1,128,transformer.h.0.attn.c_proj.weight,"(384, 384)",structural_int4_k8,structural_vq64_int3_k8,0.03764450820009235,0.09038670361042023,0.09385453909635544,0.016660477966070175,0.018518269062042236,0.23425543308258057,0.2414754033088684,structural_int4_k8,structural_int4_k8,True
1,128,transformer.h.1.attn.c_attn.weight,"(1152, 384)",structural_int4_k8,structural_vq64_int3_k8,0.03850185340350533,0.09218389540910721,0.09580281376838684,0.017845483496785164,0.021344633772969246,0.26766735315322876,0.27628403902053833,structural_int4_k8,structural_int4_k8,True
1,128,transformer.h.1.attn.c_proj.weight,"(384, 384)",structural_int4_k8,structural_vq64_int3_k8,0.04273862682843241,0.08678233623504639,0.0905722826719284,0.015249386429786682,0.01810973882675171,0.2857890725135803,0.2890039086341858,structural_int4_k8,structural_int4_k8,True
1,128,transformer.h.2.attn.c_attn.weight,"(1152, 384)",structural_int4_k8,structural_vq64_int3_k8,0.0385042838535701,0.08373051881790161,0.08701778948307037,0.01459458190947771,0.016978411003947258,0.282978355884552,0.28690946102142334,structural_int4_k8,structural_int4_k8,True
1,128,transformer.h.2.attn.c_proj.weight,"(384, 384)",structural_int4_k8,structural_vq64_int3_k8,0.026480014926097056,0.08306460082530975,0.08529366552829742,0.014238988980650902,0.016014786437153816,0.29701006412506104,0.2991841435432434,structural_int4_k8,structural_int4_k8,True
1,128,transformer.h.3.attn.c_attn.weight,"(1152, 384)",structural_int4_k8,structural_vq64_int3_k8,0.03149221364413065,0.07680267095565796,0.07926005125045776,0.012440024875104427,0.013629678636789322,0.28680866956710815,0.2897082567214966,structural_int4_k8,structural_int4_k8,True
1,128,transformer.h.3.attn.c_proj.weight,"(384, 384)",structural_int4_k8,structural_vq64_int3_k8,0.035876448275166416,0.07779739797115326,0.08063947409391403,0.012447129003703594,0.014953766949474812,0.30554211139678955,0.3054981827735901,structural_int4_k8,structural_vq64_int3_k8,False
1,128,transformer.h.4.attn.c_attn.weight,"(1152, 384)",structural_int4_k8,structural_vq64_int3_k8,0.02749243812224899,0.065803661942482,0.06763797998428345,0.008162310346961021,0.008877246640622616,0.278014600276947,0.27791595458984375,structural_int4_k8,structural_vq64_int3_k8,False
1,128,transformer.h.4.attn.c_proj.weight,"(384, 384)",structural_int4_k8,structural_vq64_int3_k8,0.03212259885216866,0.07305103540420532,0.07543592900037766,0.01103676576167345,0.012173490598797798,0.3016743063926697,0.3026409149169922,structural_int4_k8,structural_int4_k8,True
1,128,transformer.h.5.attn.c_attn.weight,"(1152, 384)",structural_int4_k8,structural_vq64_int3_k8,0.03287378669827012,0.056941285729408264,0.058844443410634995,0.006596933584660292,0.006875710561871529,0.2669849395751953,0.2629457116127014,structural_int4_k8,structural_vq64_int3_k8,False
1,128,transformer.h.5.attn.c_proj.weight,"(384, 384)",structural_int4_k8,structural_vq64_int3_k8,0.027200818095868204,0.05916440859436989,0.060795918107032776,0.007926673628389835,0.008055177517235279,0.27828943729400635,0.2721576690673828,structural_int4_k8,structural_vq64_int3_k8,False
1,512,transformer.h.0.attn.c_attn.weight,"(1152, 384)",structural_int4_k8,structural_vq64_int3_k8,0.03677405056058488,0.0866551622748375,0.08990151435136795,0.015440201386809349,0.01770932227373123,0.2243611216545105,0.22602498531341553,structural_int4_k8,structural_int4_k8,True
1,512,transformer.h.0.attn.c_proj.weight,"(384, 384)",structural_int4_k8,structural_vq64_int3_k8,0.01953696500166525,0.09106767177581787,0.09286440908908844,0.017250265926122665,0.020349208265542984,0.2683318257331848,0.26542168855667114,structural_int4_k8,structural_vq64_int3_k8,False
1,512,transformer.h.1.attn.c_attn.weight,"(1152, 384)",structural_int4_k8,structural_vq64_int3_k8,0.04163011247512344,0.08973629027605057,0.09355143457651138,0.016705216839909554,0.01992768794298172,0.265652596950531,0.2696925401687622,structural_int4_k8,structural_int4_k8,True
1,512,transformer.h.1.attn.c_proj.weight,"(384, 384)",structural_int4_k8,structural_vq64_int3_k8,0.026599402318844556,0.08952077478170395,0.09193406999111176,0.015687694773077965,0.018180835992097855,0.2966844439506531,0.2941381335258484,structural_int4_k8,structural_vq64_int3_k8,False
1,512,transformer.h.1.mlp.w1.weight,"(1024, 384)",direct_scalar_int4,structural_scalar_int3_p98_k8,0.047852445288741385,0.1943044811487198,0.1852238029241562,0.056816667318344116,0.05045881122350693,0.08807098865509033,0.08072614669799805,structural_scalar_int3_p98_k8,structural_scalar_int3_p98_k8,True
1,512,transformer.h.2.attn.c_attn.weight,"(1152, 384)",structural_int4_k8,structural_vq64_int3_k8,0.03439850163481869,0.08917902410030365,0.09230033308267593,0.014517780393362045,0.017661716789007187,0.288186252117157,0.29048073291778564,structural_int4_k8,structural_int4_k8,True
1,512,transformer.h.2.attn.c_proj.weight,"(384, 384)",structural_int4_k8,structural_vq64_int3_k8,0.02531456056308589,0.09080153703689575,0.09312960505485535,0.015293609350919724,0.01809960976243019,0.3189125061035156,0.31477534770965576,structural_int4_k8,structural_vq64_int3_k8,False
1,512,transformer.h.2.mlp.w1.weight,"(1024, 384)",direct_scalar_int4,structural_scalar_int3_p98_k8,0.033099874752543175,0.1930186152458191,0.18673373758792877,0.056755442172288895,0.05260397121310234,0.10225892066955566,0.09716624021530151,structural_scalar_int3_p98_k8,structural_scalar_int3_p98_k8,True
1,512,transformer.h.2.mlp.w2.weight,"(1024, 384)",direct_scalar_int4,structural_scalar_int3_p98_k8,0.04928341966882053,0.19330783188343048,0.1840100735425949,0.059924181550741196,0.05320980027318001,0.10886454582214355,0.10153520107269287,structural_scalar_int3_p98_k8,structural_scalar_int3_p98_k8,True
1,512,transformer.h.3.attn.c_attn.weight,"(1152, 384)",structural_int4_k8,structural_vq64_int3_k8,0.03434739907809325,0.0862950012087822,0.08931080251932144,0.015989193692803383,0.017899947240948677,0.29483193159103394,0.29583805799484253,structural_int4_k8,structural_int4_k8,True
1,512,transformer.h.3.attn.c_proj.weight,"(384, 384)",structural_int4_k8,structural_vq64_int3_k8,0.025966663115079034,0.08955259621143341,0.09190856665372849,0.015549409203231335,0.01857638917863369,0.3243306279182434,0.32419782876968384,structural_int4_k8,structural_vq64_int3_k8,False
1,512,transformer.h.3.mlp.w1.weight,"(1024, 384)",direct_scalar_int4,structural_scalar_int3_p98_k8,0.036870174434615745,0.19422340393066406,0.18719197809696198,0.060704536736011505,0.059942737221717834,0.1199026107788086,0.11293399333953857,structural_scalar_int3_p98_k8,structural_scalar_int3_p98_k8,True
1,512,transformer.h.3.mlp.w2.weight,"(1024, 384)",direct_scalar_int4,structural_scalar_int3_p98_k8,0.026648174748625488,0.1928163319826126,0.18774569034576416,0.06605658680200577,0.06130308657884598,0.12093687057495117,0.11583060026168823,structural_scalar_int3_p98_k8,structural_scalar_int3_p98_k8,True
1,512,transformer.h.4.attn.c_attn.weight,"(1152, 384)",structural_int4_k8,structural_vq64_int3_k8,0.04887875786758498,0.0843050628900528,0.08852902054786682,0.0147109255194664,0.020121155306696892,0.31477487087249756,0.3193005323410034,structural_int4_k8,structural_int4_k8,True
1,512,transformer.h.4.attn.c_proj.weight,"(384, 384)",structural_int4_k8,structural_vq64_int3_k8,0.03108975813515208,0.09414590895175934,0.09711910039186478,0.019033418968319893,0.023278631269931793,0.3271350860595703,0.3299182653427124,structural_int4_k8,structural_int4_k8,True
1,512,transformer.h.5.attn.c_attn.weight,"(1152, 384)",structural_int4_k8,structural_vq64_int3_k8,0.028421715018904576,0.08856575936079025,0.09111923724412918,0.018706422299146652,0.023817792534828186,0.33148837089538574,0.3293471336364746,structural_int4_k8,structural_vq64_int3_k8,False
1,512,transformer.h.5.attn.c_proj.weight,"(384, 384)",structural_int4_k8,structural_vq64_int3_k8,0.03312653355125339,0.08625029027462006,0.08915558457374573,0.0166852455586195,0.019451286643743515,0.3204904794692993,0.32199472188949585,structural_int4_k8,structural_int4_k8,True
1,1024,transformer.h.0.attn.c_attn.weight,"(1152, 384)",structural_int4_k8,structural_vq64_int3_k8,0.03385588708855117,0.09266413003206253,0.09585537761449814,0.016983961686491966,0.019913572818040848,0.23142796754837036,0.23757290840148926,structural_int4_k8,structural_int4_k8,True
1,1024,transformer.h.0.attn.c_proj.weight,"(384, 384)",structural_int4_k8,structural_vq64_int3_k8,0.03367058564503,0.09365518391132355,0.09686260670423508,0.019909849390387535,0.024365926161408424,0.2707754373550415,0.2744045853614807,structural_int4_k8,structural_int4_k8,True
1,1024,transformer.h.1.attn.c_attn.weight,"(1152, 384)",structural_int4_k8,structural_vq64_int3_k8,0.03894068206511581,0.09292681515216827,0.09661730378866196,0.014928020536899567,0.017727065831422806,0.2703654170036316,0.2720864415168762,structural_int4_k8,structural_int4_k8,True
1,1024,transformer.h.1.attn.c_proj.weight,"(384, 384)",structural_int4_k8,structural_vq64_int3_k8,0.02677310503741165,0.08517642319202423,0.08748780190944672,0.012391370721161366,0.014538845047354698,0.2903934717178345,0.292621910572052,structural_int4_k8,structural_int4_k8,True
1,1024,transformer.h.2.attn.c_attn.weight,"(1152, 384)",structural_int4_k8,structural_vq64_int3_k8,0.03837006263169999,0.058531880378723145,0.06082168221473694,0.0064936792477965355,0.006832321640104055,0.21300071477890015,0.21396273374557495,structural_int4_k8,structural_int4_k8,True
1,1024,transformer.h.2.mlp.c_proj.weight,"(384, 1024)",direct_scalar_int4,structural_scalar_int3_p98_k8,0.00438874077307153,0.21175174415111542,0.21268311142921448,0.11003663390874863,0.11700545251369476,0.09898418188095093,0.0961982011795044,direct_scalar_int4,structural_scalar_int3_p98_k8,False
1,1024,transformer.h.3.attn.c_attn.weight,"(1152, 384)",structural_int4_k8,structural_vq64_int3_k8,0.027619958907731505,0.08544054627418518,0.0878334566950798,0.013051980175077915,0.015187117271125317,0.28988170623779297,0.2882193922996521,structural_int4_k8,structural_vq64_int3_k8,False
1,1024,transformer.h.3.attn.c_proj.weight,"(384, 384)",structural_int4_k8,structural_vq64_int3_k8,0.026572948021799644,0.08476047217845917,0.08704313635826111,0.012022599577903748,0.013240039348602295,0.2933313250541687,0.29728031158447266,structural_int4_k8,structural_int4_k8,True
1,1024,transformer.h.4.attn.c_attn.weight,"(1152, 384)",structural_int4_k8,structural_vq64_int3_k8,0.03416542404540187,0.08946967124938965,0.09257956594228745,0.01457491610199213,0.017171889543533325,0.272080659866333,0.2717447280883789,structural_int4_k8,structural_vq64_int3_k8,False
1,1024,transformer.h.4.mlp.w1.weight,"(1024, 384)",direct_scalar_int4,structural_scalar_int3_p98_k8,0.041181535032022244,0.19609780609607697,0.18818512558937073,0.1408582180738449,0.05749702453613281,0.11534136533737183,0.11503410339355469,structural_scalar_int3_p98_k8,structural_scalar_int3_p98_k8,True
1,1024,transformer.h.4.mlp.w2.weight,"(1024, 384)",direct_scalar_int4,structural_scalar_int3_p98_k8,0.04053896791012664,0.19589488208293915,0.18811127543449402,0.13243021070957184,0.060935840010643005,0.12334907054901123,0.12047988176345825,structural_scalar_int3_p98_k8,structural_scalar_int3_p98_k8,True
1,1024,transformer.h.5.attn.c_attn.weight,"(1152, 384)",structural_int4_k8,structural_vq64_int3_k8,0.031205937194403677,0.09975399076938629,0.10291624814271927,0.025166118517518044,0.030609609559178352,0.33814483880996704,0.3375885486602783,structural_int4_k8,structural_vq64_int3_k8,False
1,1024,transformer.h.5.attn.c_proj.weight,"(384, 384)",structural_int4_k8,structural_vq64_int3_k8,0.023256861809415556,0.09944911301136017,0.1017891988158226,0.02111293002963066,0.024471532553434372,0.31844455003738403,0.3159576654434204,structural_int4_k8,structural_vq64_int3_k8,False
1,2048,transformer.h.0.attn.c_attn.weight,"(1152, 384)",structural_int4_k8,structural_vq64_int3_k8,0.017979774297562673,0.08191259205341339,0.0833987221121788,0.012997611425817013,0.014418788254261017,0.2273033857345581,0.22288388013839722,structural_int4_k8,structural_vq64_int3_k8,False
1,2048,transformer.h.0.attn.c_proj.weight,"(384, 384)",structural_int4_k8,structural_vq64_int3_k8,0.02926685539187525,0.07664356380701065,0.07891999185085297,0.01319576520472765,0.014525625854730606,0.2484765648841858,0.24935954809188843,structural_int4_k8,structural_int4_k8,True
1,2048,transformer.h.1.attn.c_attn.weight,"(1152, 384)",structural_int4_k8,structural_vq64_int3_k8,0.027558471141613392,0.08651746064424515,0.08893506228923798,0.012249255552887917,0.014196246862411499,0.250713050365448,0.2506083846092224,structural_int4_k8,structural_vq64_int3_k8,False
1,2048,transformer.h.1.attn.c_proj.weight,"(384, 384)",structural_int4_k8,structural_vq64_int3_k8,0.02669003856813458,0.07355796545743942,0.07554778456687927,0.00838018674403429,0.009395510889589787,0.2597582936286926,0.25627219676971436,structural_int4_k8,structural_vq64_int3_k8,False
1,2048,transformer.h.2.mlp.w1.weight,"(1024, 384)",direct_scalar_int4,structural_scalar_int3_p98_k8,0.00663941508392864,0.1919236034154892,0.19320210814476013,0.05241745337843895,0.049549371004104614,0.08784842491149902,0.08880388736724854,structural_scalar_int3_p98_k8,direct_scalar_int4,False
1,2048,transformer.h.2.mlp.w2.weight,"(1024, 384)",direct_scalar_int4,structural_scalar_int3_p98_k8,0.016560092213438078,0.1931728720664978,0.1963985413312912,0.05703657492995262,0.05818015709519386,0.08942991495132446,0.09084367752075195,direct_scalar_int4,direct_scalar_int4,True
1,2048,transformer.h.2.mlp.c_proj.weight,"(384, 1024)",structural_int4_k8,structural_vq64_int3_k8,0.04851501922155019,0.1693299263715744,0.17774920165538788,0.0924282968044281,0.11832644790410995,0.05214869976043701,0.051088690757751465,structural_int4_k8,structural_vq64_int3_k8,False
1,2048,transformer.h.3.attn.c_attn.weight,"(1152, 384)",structural_int4_k8,structural_vq64_int3_k8,0.03592504887452006,0.09581293165683746,0.09931797534227371,0.0161956325173378,0.019093336537480354,0.2631075382232666,0.2659350633621216,structural_int4_k8,structural_int4_k8,True
1,2048,transformer.h.3.attn.c_proj.weight,"(384, 384)",structural_int4_k8,structural_vq64_int3_k8,0.049949840816926404,0.10639498382806778,0.11184552311897278,0.014905217103660107,0.01948215439915657,0.2821306586265564,0.26026594638824463,structural_int4_k8,structural_vq64_int3_k8,False
1,2048,transformer.h.3.mlp.w2.weight,"(1024, 384)",direct_scalar_int4,structural_scalar_int3_p98_k8,0.04644862936303007,0.193728506565094,0.20294088125228882,0.0613924078643322,0.06464194506406784,0.08597332239151001,0.09222960472106934,direct_scalar_int4,direct_scalar_int4,True
1,2048,transformer.h.3.mlp.c_proj.weight,"(384, 1024)",direct_scalar_int4,structural_scalar_int3_p98_k8,0.014093612971209082,0.22073321044445038,0.21764405071735382,0.13390979170799255,0.1311156451702118,0.08205687999725342,0.07891672849655151,structural_scalar_int3_p98_k8,structural_scalar_int3_p98_k8,True
1,2048,transformer.h.3.mlp.c_proj.weight,"(384, 1024)",structural_int4_k8,structural_vq64_int3_k8,0.048044532970992024,0.16898640990257263,0.17730511724948883,0.09494047611951828,0.11752181500196457,0.05142456293106079,0.05069911479949951,structural_int4_k8,structural_vq64_int3_k8,False
1,2048,transformer.h.4.attn.c_attn.weight,"(1152, 384)",structural_int4_k8,structural_vq64_int3_k8,0.01866841948845804,0.10551504045724869,0.10750339925289154,0.026016149669885635,0.02850097045302391,0.23852336406707764,0.23367959260940552,structural_int4_k8,structural_vq64_int3_k8,False
1,2048,transformer.h.4.mlp.w1.weight,"(1024, 384)",direct_scalar_int4,structural_scalar_int3_p98_k8,0.03146084102514247,0.19672559201717377,0.20301365852355957,0.13732747733592987,0.0719330683350563,0.08456778526306152,0.09261900186538696,structural_scalar_int3_p98_k8,direct_scalar_int4,False
1,2048,transformer.h.4.mlp.w2.weight,"(1024, 384)",direct_scalar_int4,structural_scalar_int3_p98_k8,0.04330917065877524,0.1965564489364624,0.2052575647830963,0.12710069119930267,0.08175314217805862,0.08636242151260376,0.09572333097457886,structural_scalar_int3_p98_k8,direct_scalar_int4,False
1,2048,transformer.h.5.attn.c_attn.weight,"(1152, 384)",structural_int4_k8,structural_vq64_int3_k8,0.0221858033011641,0.1137479841709137,0.11629988253116608,0.031114177778363228,0.0408601313829422,0.33738982677459717,0.33384257555007935,structural_int4_k8,structural_vq64_int3_k8,False
1,2048,transformer.h.5.attn.c_proj.weight,"(384, 384)",structural_int4_k8,structural_vq64_int3_k8,0.04336976620177037,0.10693515837192535,0.11167570948600769,0.02421841397881508,0.02927260287106037,0.2900364398956299,0.29255610704421997,structural_int4_k8,structural_int4_k8,True
1,2048,transformer.h.5.mlp.w2.weight,"(1024, 384)",direct_scalar_int4,structural_scalar_int3_p98_k8,0.03450217572844198,0.2017476111650467,0.19490492343902588,0.11452695727348328,0.07022883743047714,0.10163700580596924,0.10069000720977783,structural_scalar_int3_p98_k8,structural_scalar_int3_p98_k8,True
1,4096,transformer.h.0.attn.c_attn.weight,"(1152, 384)",structural_int4_k8,structural_vq64_int3_k8,0.03839975438553725,0.07764091342687607,0.08068066835403442,0.012685822322964668,0.014070793054997921,0.20135128498077393,0.2045055627822876,structural_int4_k8,structural_int4_k8,True
1,4096,transformer.h.0.attn.c_proj.weight,"(384, 384)",structural_int4_k8,structural_vq64_int3_k8,0.03781423205282165,0.06779912114143372,0.0704123005270958,0.011088406667113304,0.011698773130774498,0.22606545686721802,0.2270735502243042,structural_int4_k8,structural_int4_k8,True
1,4096,transformer.h.1.attn.c_attn.weight,"(1152, 384)",structural_int4_k8,structural_vq64_int3_k8,0.033277944563065584,0.07575452327728271,0.07831813395023346,0.009493915364146233,0.010460457764565945,0.21414291858673096,0.2200634479522705,structural_int4_k8,structural_int4_k8,True
1,4096,transformer.h.1.attn.c_proj.weight,"(384, 384)",structural_int4_k8,structural_vq64_int3_k8,0.02731060729728998,0.06325028836727142,0.06500160694122314,0.006587567739188671,0.007260946091264486,0.22155499458312988,0.22397971153259277,structural_int4_k8,structural_int4_k8,True
1,4096,transformer.h.2.attn.c_attn.weight,"(1152, 384)",structural_int4_k8,structural_vq64_int3_k8,0.03427082320740319,0.06734652072191238,0.06969477981328964,0.010243563912808895,0.010112332180142403,0.14258873462677002,0.14457440376281738,structural_vq64_int3_k8,structural_int4_k8,False
1,4096,transformer.h.2.mlp.w1.weight,"(1024, 384)",direct_scalar_int4,structural_scalar_int3_p98_k8,0.029433062910809046,0.18927662074565887,0.1949308216571808,0.05265197157859802,0.05291511118412018,0.07724595069885254,0.08195507526397705,direct_scalar_int4,direct_scalar_int4,True
1,4096,transformer.h.2.mlp.w2.weight,"(1024, 384)",direct_scalar_int4,structural_scalar_int3_p98_k8,0.021061814137893733,0.191025048494339,0.19509120285511017,0.05696273595094681,0.05466694012284279,0.08044439554214478,0.08364355564117432,structural_scalar_int3_p98_k8,direct_scalar_int4,False
1,4096,transformer.h.2.mlp.c_proj.weight,"(384, 1024)",structural_int4_k8,structural_vq64_int3_k8,0.03632746546992111,0.16705870628356934,0.1732397973537445,0.0919618085026741,0.11042594909667969,0.04690462350845337,0.04646909236907959,structural_int4_k8,structural_vq64_int3_k8,False
1,4096,transformer.h.3.attn.c_attn.weight,"(1152, 384)",structural_int4_k8,structural_vq64_int3_k8,0.01573726676723362,0.08987434953451157,0.09129994362592697,0.01697932370007038,0.017952511087059975,0.21374332904815674,0.21118199825286865,structural_int4_k8,structural_vq64_int3_k8,False
1,4096,transformer.h.3.mlp.w1.weight,"(1024, 384)",direct_scalar_int4,structural_scalar_int3_p98_k8,0.042877863666175096,0.19231726229190826,0.20074407756328583,0.057188306003808975,0.05818777531385422,0.07577341794967651,0.08098781108856201,direct_scalar_int4,direct_scalar_int4,True
1,4096,transformer.h.3.mlp.w2.weight,"(1024, 384)",direct_scalar_int4,structural_scalar_int3_p98_k8,0.04762416219531223,0.19116371870040894,0.200489804148674,0.055810295045375824,0.05913727730512619,0.07625842094421387,0.08218622207641602,direct_scalar_int4,direct_scalar_int4,True
1,4096,transformer.h.3.mlp.c_proj.weight,"(384, 1024)",direct_scalar_int4,structural_scalar_int3_p98_k8,0.006613109468237146,0.21497265994548798,0.21639901399612427,0.12769916653633118,0.1265283226966858,0.07310938835144043,0.07354247570037842,structural_scalar_int3_p98_k8,direct_scalar_int4,False
1,4096,transformer.h.3.mlp.c_proj.weight,"(384, 1024)",structural_int4_k8,structural_vq64_int3_k8,0.04181298981524289,0.16649621725082397,0.17360657453536987,0.09180209040641785,0.10990384221076965,0.046439290046691895,0.046237945556640625,structural_int4_k8,structural_vq64_int3_k8,False
1,4096,transformer.h.4.attn.c_attn.weight,"(1152, 384)",structural_int4_k8,structural_vq64_int3_k8,0.014106912382625623,0.09993142634630203,0.10135116428136826,0.023732610046863556,0.023607125505805016,0.20317000150680542,0.19841808080673218,structural_vq64_int3_k8,structural_vq64_int3_k8,True
1,4096,transformer.h.4.mlp.w1.weight,"(1024, 384)",direct_scalar_int4,structural_scalar_int3_p98_k8,0.02326105182693935,0.2000301480293274,0.2047378122806549,0.1392246037721634,0.07643753290176392,0.07346725463867188,0.0808001160621643,structural_scalar_int3_p98_k8,direct_scalar_int4,False
1,4096,transformer.h.4.mlp.w1.weight,"(1024, 384)",structural_int4_k8,structural_vq64_int3_k8,0.04800441510162553,0.15558387339115143,0.16323626041412354,0.04974899813532829,0.07015910744667053,0.049782752990722656,0.050785958766937256,structural_int4_k8,structural_int4_k8,True
1,4096,transformer.h.4.mlp.w2.weight,"(1024, 384)",direct_scalar_int4,structural_scalar_int3_p98_k8,0.0352948589163628,0.19910097122192383,0.20625445246696472,0.13116894662380219,0.081372931599617,0.07552146911621094,0.08353865146636963,structural_scalar_int3_p98_k8,direct_scalar_int4,False
1,4096,transformer.h.4.mlp.c_proj.weight,"(384, 1024)",structural_int4_k8,structural_vq64_int3_k8,0.04582377711167335,0.15164147317409515,0.1587532013654709,0.049445949494838715,0.05831871181726456,0.044988036155700684,0.04455798864364624,structural_int4_k8,structural_vq64_int3_k8,False
1,4096,transformer.h.5.attn.c_attn.weight,"(1152, 384)",structural_int4_k8,structural_vq64_int3_k8,0.028098572317447317,0.1142534539103508,0.11750955879688263,0.028686173260211945,0.0369853675365448,0.3168919086456299,0.31465715169906616,structural_int4_k8,structural_vq64_int3_k8,False
1,4096,transformer.h.5.attn.c_proj.weight,"(384, 384)",structural_int4_k8,structural_vq64_int3_k8,0.024889290809598827,0.11371337622404099,0.11657928675413132,0.02773232012987137,0.03201635554432869,0.27107977867126465,0.27337145805358887,structural_int4_k8,structural_int4_k8,True
