method,outcome,predictor,sample_count,pearson,spearman,scope
direct_scalar_int4,update_distortion,raw_relative_fro,300,-0.2837012282673441,-0.18829853665040722,per_method
direct_scalar_int4,update_distortion,raw_relative_spectral,300,-0.4482198006550891,-0.5437038189313214,per_method
direct_scalar_int4,update_distortion,right_gram_relative_fro,300,-0.4850711565420005,-0.4450445004944499,per_method
direct_scalar_int4,update_distortion,right_gram_relative_spectral,300,-0.37693879544102277,-0.2715003500038889,per_method
direct_scalar_int4,update_distortion,left_gram_relative_fro,300,-0.6740684240463337,-0.6769804108934543,per_method
direct_scalar_int4,update_distortion,left_gram_relative_spectral,300,-0.4178285471184288,-0.42029222546917183,per_method
direct_scalar_int4,update_distortion,right_gram_linear_relative_fro,300,-0.48763830364722904,-0.4513734597051078,per_method
direct_scalar_int4,update_distortion,spectrum_relative_l2,300,0.9797597416748668,0.988904321159124,per_method
direct_scalar_int4,update_distortion,tail_subspace_mean_sin,300,0.9436821283650815,0.9613800153335036,per_method
direct_scalar_int4,update_distortion,tail_gap_proxy,300,0.14477372396342195,0.8948126090289892,per_method
direct_scalar_int4,exact_polar_distortion,raw_relative_fro,300,-0.2818958890627834,-0.1954301714463494,per_method
direct_scalar_int4,exact_polar_distortion,raw_relative_spectral,300,-0.4481103326717961,-0.5546590517672418,per_method
direct_scalar_int4,exact_polar_distortion,right_gram_relative_fro,300,-0.4799237455047759,-0.44789786553183913,per_method
direct_scalar_int4,exact_polar_distortion,right_gram_relative_spectral,300,-0.3736074741950443,-0.27556128401426677,per_method
direct_scalar_int4,exact_polar_distortion,left_gram_relative_fro,300,-0.6664274546576183,-0.6803111145679396,per_method
direct_scalar_int4,exact_polar_distortion,left_gram_relative_spectral,300,-0.41644244096300476,-0.42423493594373274,per_method
direct_scalar_int4,exact_polar_distortion,right_gram_linear_relative_fro,300,-0.48245399496983826,-0.4543134923721375,per_method
direct_scalar_int4,exact_polar_distortion,spectrum_relative_l2,300,0.9755846386307191,0.9813820153557261,per_method
direct_scalar_int4,exact_polar_distortion,tail_subspace_mean_sin,300,0.9240858181555902,0.9403220035778176,per_method
direct_scalar_int4,exact_polar_distortion,tail_gap_proxy,300,0.1588450236239371,0.9046278291981021,per_method
structural_int4_k8,update_distortion,raw_relative_fro,300,-0.7969103504442968,-0.7295761064011821,per_method
structural_int4_k8,update_distortion,raw_relative_spectral,300,-0.6254941249671897,-0.6287136523739152,per_method
structural_int4_k8,update_distortion,right_gram_relative_fro,300,-0.5418742682945911,-0.5670725230280337,per_method
structural_int4_k8,update_distortion,right_gram_relative_spectral,300,-0.5144427801398076,-0.4937761530683674,per_method
structural_int4_k8,update_distortion,left_gram_relative_fro,300,-0.6168212789583838,-0.6481587573195258,per_method
structural_int4_k8,update_distortion,left_gram_relative_spectral,300,-0.5923910812366086,-0.6186064289603218,per_method
structural_int4_k8,update_distortion,right_gram_linear_relative_fro,300,-0.5441991231255053,-0.5703716707963421,per_method
structural_int4_k8,update_distortion,spectrum_relative_l2,300,0.8427661539416484,0.8759595106612295,per_method
structural_int4_k8,update_distortion,tail_subspace_mean_sin,300,0.9614852665549134,0.974413049033878,per_method
structural_int4_k8,update_distortion,tail_gap_proxy,300,0.15311257234438022,0.861638462649585,per_method
structural_int4_k8,exact_polar_distortion,raw_relative_fro,300,-0.7963366565067737,-0.7474389715441282,per_method
structural_int4_k8,exact_polar_distortion,raw_relative_spectral,300,-0.6269530665095708,-0.6577637529305881,per_method
structural_int4_k8,exact_polar_distortion,right_gram_relative_fro,300,-0.5378867059282006,-0.5967537417082411,per_method
structural_int4_k8,exact_polar_distortion,right_gram_relative_spectral,300,-0.5156910735581623,-0.5227102523361371,per_method
structural_int4_k8,exact_polar_distortion,left_gram_relative_fro,300,-0.6093824133091437,-0.6789186546517183,per_method
structural_int4_k8,exact_polar_distortion,left_gram_relative_spectral,300,-0.5896214675992297,-0.6483325370281892,per_method
structural_int4_k8,exact_polar_distortion,right_gram_linear_relative_fro,300,-0.5399787120499864,-0.5997466638518205,per_method
structural_int4_k8,exact_polar_distortion,spectrum_relative_l2,300,0.793660954841926,0.8466129623662485,per_method
structural_int4_k8,exact_polar_distortion,tail_subspace_mean_sin,300,0.9291786116251879,0.9507958977321969,per_method
structural_int4_k8,exact_polar_distortion,tail_gap_proxy,300,0.19011446595727943,0.8823071367459637,per_method
structural_scalar_int3_p98_k8,update_distortion,raw_relative_fro,300,-0.8110034226498106,-0.7377441971577462,per_method
structural_scalar_int3_p98_k8,update_distortion,raw_relative_spectral,300,-0.6636696861963806,-0.6380030889232102,per_method
structural_scalar_int3_p98_k8,update_distortion,right_gram_relative_fro,300,-0.5835860528976424,-0.5739405993399926,per_method
structural_scalar_int3_p98_k8,update_distortion,right_gram_relative_spectral,300,-0.5179468454380333,-0.5077083078700874,per_method
structural_scalar_int3_p98_k8,update_distortion,left_gram_relative_fro,300,-0.6359664697780432,-0.6233131479238658,per_method
structural_scalar_int3_p98_k8,update_distortion,left_gram_relative_spectral,300,-0.5817273896628424,-0.5922230247002744,per_method
structural_scalar_int3_p98_k8,update_distortion,right_gram_linear_relative_fro,300,-0.5923628515607803,-0.5864202935588173,per_method
structural_scalar_int3_p98_k8,update_distortion,spectrum_relative_l2,300,0.19233323364843938,0.3312303470038556,per_method
structural_scalar_int3_p98_k8,update_distortion,tail_subspace_mean_sin,300,0.9611706134417383,0.9700294447716085,per_method
structural_scalar_int3_p98_k8,update_distortion,tail_gap_proxy,300,0.16025809403203203,0.8657909532328136,per_method
structural_scalar_int3_p98_k8,exact_polar_distortion,raw_relative_fro,300,-0.8056232204132054,-0.7552786142068245,per_method
structural_scalar_int3_p98_k8,exact_polar_distortion,raw_relative_spectral,300,-0.6579089913884549,-0.6569952999477772,per_method
structural_scalar_int3_p98_k8,exact_polar_distortion,right_gram_relative_fro,300,-0.5776716315349393,-0.6019666885187613,per_method
structural_scalar_int3_p98_k8,exact_polar_distortion,right_gram_relative_spectral,300,-0.5156298501526503,-0.5355623951377237,per_method
structural_scalar_int3_p98_k8,exact_polar_distortion,left_gram_relative_fro,300,-0.6271081086868918,-0.6480347559417325,per_method
structural_scalar_int3_p98_k8,exact_polar_distortion,left_gram_relative_spectral,300,-0.5764536570850369,-0.6168477427526972,per_method
structural_scalar_int3_p98_k8,exact_polar_distortion,right_gram_linear_relative_fro,300,-0.58564683745228,-0.6133659262880697,per_method
structural_scalar_int3_p98_k8,exact_polar_distortion,spectrum_relative_l2,300,0.17822895802922864,0.288897432193691,per_method
structural_scalar_int3_p98_k8,exact_polar_distortion,tail_subspace_mean_sin,300,0.9330527062659836,0.9446127179190881,per_method
structural_scalar_int3_p98_k8,exact_polar_distortion,tail_gap_proxy,300,0.18616605613563694,0.8854862831809243,per_method
structural_vq64_int3_k8,update_distortion,raw_relative_fro,300,-0.82623070021664,-0.7291005455616173,per_method
structural_vq64_int3_k8,update_distortion,raw_relative_spectral,300,-0.6603886496210134,-0.6359337325970289,per_method
structural_vq64_int3_k8,update_distortion,right_gram_relative_fro,300,-0.6069065720072111,-0.6080569784108713,per_method
structural_vq64_int3_k8,update_distortion,right_gram_relative_spectral,300,-0.5136835462311884,-0.5463620706896742,per_method
structural_vq64_int3_k8,update_distortion,left_gram_relative_fro,300,-0.6462362663594653,-0.6418538696934304,per_method
structural_vq64_int3_k8,update_distortion,left_gram_relative_spectral,300,-0.548110274080447,-0.601274680829787,per_method
structural_vq64_int3_k8,update_distortion,right_gram_linear_relative_fro,300,-0.6145376334614597,-0.6186246513850153,per_method
structural_vq64_int3_k8,update_distortion,spectrum_relative_l2,300,-0.5788672265010547,-0.48385559839553777,per_method
structural_vq64_int3_k8,update_distortion,tail_subspace_mean_sin,300,0.9644127758097912,0.97724596939966,per_method
structural_vq64_int3_k8,update_distortion,tail_gap_proxy,300,0.1628294562870022,0.8711647907198968,per_method
structural_vq64_int3_k8,exact_polar_distortion,raw_relative_fro,300,-0.8239971241451006,-0.7425873620818009,per_method
structural_vq64_int3_k8,exact_polar_distortion,raw_relative_spectral,300,-0.6599068557911841,-0.6547579417549083,per_method
structural_vq64_int3_k8,exact_polar_distortion,right_gram_relative_fro,300,-0.6046528648853918,-0.637807531194791,per_method
structural_vq64_int3_k8,exact_polar_distortion,right_gram_relative_spectral,300,-0.5155475638548875,-0.5769019655773953,per_method
structural_vq64_int3_k8,exact_polar_distortion,left_gram_relative_fro,300,-0.6414277145845646,-0.6681981653349706,per_method
structural_vq64_int3_k8,exact_polar_distortion,left_gram_relative_spectral,300,-0.5454307378909165,-0.6263336259291769,per_method
structural_vq64_int3_k8,exact_polar_distortion,right_gram_linear_relative_fro,300,-0.6111572567322252,-0.6475103056700631,per_method
structural_vq64_int3_k8,exact_polar_distortion,spectrum_relative_l2,300,-0.5834250854679718,-0.49776686407626747,per_method
structural_vq64_int3_k8,exact_polar_distortion,tail_subspace_mean_sin,300,0.9321939488099311,0.9514550161668462,per_method
structural_vq64_int3_k8,exact_polar_distortion,tail_gap_proxy,300,0.199598302877484,0.8932619251325015,per_method
