seed,update,parameter_id,shape,error_norm,energy_r1,energy_r2,energy_r4,energy_r8
1,128,0,"(1152, 384)",0.15189839899539948,0.24850492179393768,0.3583182394504547,0.4344501197338104,0.5279373526573181
1,128,1,"(384, 384)",0.46293821930885315,0.21625502407550812,0.3104358911514282,0.3966728746891022,0.4906088411808014
1,128,2,"(1024, 384)",0.12152616679668427,0.11078061163425446,0.15688620507717133,0.21958795189857483,0.2979494035243988
1,128,3,"(1024, 384)",0.11841064691543579,0.11069221794605255,0.16278281807899475,0.22270376980304718,0.3022160530090332
1,128,4,"(384, 1024)",0.43763384222984314,0.10682269185781479,0.14241759479045868,0.20823416113853455,0.30489078164100647
1,128,5,"(1152, 384)",0.1377263367176056,0.24290697276592255,0.33265942335128784,0.4374943673610687,0.535512387752533
1,128,6,"(384, 384)",0.4272299110889435,0.26207518577575684,0.3255976438522339,0.4236902892589569,0.5259302854537964
1,128,7,"(1024, 384)",0.09244425594806671,0.12569580972194672,0.17437951266765594,0.2555430829524994,0.3459692895412445
1,128,8,"(1024, 384)",0.09212745726108551,0.1273358166217804,0.17572921514511108,0.2450159788131714,0.3446204662322998
1,128,9,"(384, 1024)",0.33606478571891785,0.07725585252046585,0.125240758061409,0.20033909380435944,0.30264946818351746
1,128,10,"(1152, 384)",0.12200146913528442,0.30805179476737976,0.3854268193244934,0.47934168577194214,0.5824475288391113
1,128,11,"(384, 384)",0.36585068702697754,0.2622276246547699,0.3369511365890503,0.4484366476535797,0.5539518594741821
1,128,12,"(1024, 384)",0.07908908277750015,0.1536891758441925,0.2055308222770691,0.2818063497543335,0.3819529414176941
1,128,13,"(1024, 384)",0.07727325707674026,0.1582731306552887,0.20709143579006195,0.2800149619579315,0.37696215510368347
1,128,14,"(384, 1024)",0.2790820300579071,0.08396373689174652,0.12959524989128113,0.2083597332239151,0.3171458840370178
1,128,15,"(1152, 384)",0.10688825696706772,0.3319209814071655,0.41175514459609985,0.5126309394836426,0.6092502474784851
1,128,16,"(384, 384)",0.3086346685886383,0.2373812347650528,0.3455519676208496,0.4452962279319763,0.5476158857345581
1,128,17,"(1024, 384)",0.06722106039524078,0.14815376698970795,0.19761712849140167,0.2768864035606384,0.38024428486824036
1,128,18,"(1024, 384)",0.0663871318101883,0.16093702614307404,0.21011757850646973,0.29672563076019287,0.39732906222343445
1,128,19,"(384, 1024)",0.2314300835132599,0.07546471059322357,0.13457971811294556,0.21583841741085052,0.32057473063468933
1,128,20,"(1152, 384)",0.09527544677257538,0.35092228651046753,0.4494185447692871,0.5566316843032837,0.6394349336624146
1,128,21,"(384, 384)",0.26847079396247864,0.22947674989700317,0.3517349362373352,0.4632541537284851,0.5554265975952148
1,128,22,"(1024, 384)",0.061350852251052856,0.15190598368644714,0.21829791367053986,0.2996792793273926,0.39446067810058594
1,128,23,"(1024, 384)",0.06051212549209595,0.15065929293632507,0.21424303948879242,0.30588066577911377,0.40730252861976624
1,128,24,"(384, 1024)",0.20810116827487946,0.09459146857261658,0.14675989747047424,0.21943554282188416,0.3219263255596161
1,128,25,"(1152, 384)",0.0860431119799614,0.3597598075866699,0.45906367897987366,0.568215548992157,0.6506299376487732
1,128,26,"(384, 384)",0.24421338737010956,0.2992386817932129,0.4075891673564911,0.5107967257499695,0.5912150740623474
1,128,27,"(1024, 384)",0.05421020835638046,0.1473180502653122,0.2187921553850174,0.2940850853919983,0.3920755684375763
1,128,28,"(1024, 384)",0.05257652327418327,0.157161146402359,0.22036296129226685,0.2943704426288605,0.3924967348575592
1,128,29,"(384, 1024)",0.17991308867931366,0.10889655351638794,0.15242727100849152,0.22555683553218842,0.32783377170562744
1,512,0,"(1152, 384)",0.23989874124526978,0.2821170389652252,0.4644283354282379,0.5676606893539429,0.6743826866149902
1,512,1,"(384, 384)",0.6183052062988281,0.2502172291278839,0.38042381405830383,0.4924295246601105,0.6074746251106262
1,512,2,"(1024, 384)",0.2076607346534729,0.2734944820404053,0.3181360960006714,0.37602734565734863,0.43335920572280884
1,512,3,"(1024, 384)",0.19887691736221313,0.2442517727613449,0.2911869287490845,0.3539343774318695,0.4156274199485779
1,512,4,"(384, 1024)",0.6681106686592102,0.19908744096755981,0.23529186844825745,0.2859853208065033,0.350812703371048
1,512,5,"(1152, 384)",0.2303236722946167,0.3246020972728729,0.44425588846206665,0.5579609274864197,0.6712355017662048
1,512,6,"(384, 384)",0.54381263256073,0.2923942804336548,0.3704172670841217,0.4684741795063019,0.5808140635490417
1,512,7,"(1024, 384)",0.15522384643554688,0.13683229684829712,0.21908962726593018,0.2835470139980316,0.3581511080265045
1,512,8,"(1024, 384)",0.15544793009757996,0.14121265709400177,0.218588188290596,0.28690457344055176,0.366890013217926
1,512,9,"(384, 1024)",0.4833647310733795,0.08998483419418335,0.1397736370563507,0.19206862151622772,0.27172160148620605
1,512,10,"(1152, 384)",0.1981317698955536,0.35720208287239075,0.46582818031311035,0.5696238875389099,0.6697661280632019
1,512,11,"(384, 384)",0.45428383350372314,0.28598934412002563,0.3577688932418823,0.45327794551849365,0.5642307996749878
1,512,12,"(1024, 384)",0.13148534297943115,0.1517547070980072,0.2020852118730545,0.276039719581604,0.3558703660964966
1,512,13,"(1024, 384)",0.1310891956090927,0.16550342738628387,0.21743784844875336,0.28756946325302124,0.36869725584983826
1,512,14,"(384, 1024)",0.3969212770462036,0.08990699797868729,0.13142737746238708,0.18823352456092834,0.26807692646980286
1,512,15,"(1152, 384)",0.17821399867534637,0.3905438184738159,0.474103182554245,0.5854781866073608,0.6941484212875366
1,512,16,"(384, 384)",0.39243823289871216,0.29830202460289,0.3564077317714691,0.4550623297691345,0.5635250806808472
1,512,17,"(1024, 384)",0.115965835750103,0.13310155272483826,0.18985216319561005,0.25698283314704895,0.34302929043769836
1,512,18,"(1024, 384)",0.11134203523397446,0.11974403262138367,0.17567172646522522,0.24432161450386047,0.3311300575733185
1,512,19,"(384, 1024)",0.3444135785102844,0.09475532919168472,0.1576555073261261,0.21250580251216888,0.29215651750564575
1,512,20,"(1152, 384)",0.17983128130435944,0.3861876130104065,0.4671015441417694,0.5754388570785522,0.69502192735672
1,512,21,"(384, 384)",0.33710986375808716,0.23092946410179138,0.30693042278289795,0.42891910672187805,0.5446955561637878
1,512,22,"(1024, 384)",0.11162227392196655,0.14738976955413818,0.2051771730184555,0.28748875856399536,0.37401750683784485
1,512,23,"(1024, 384)",0.10781078040599823,0.10767832398414612,0.18591728806495667,0.27420830726623535,0.3597143292427063
1,512,24,"(384, 1024)",0.319839209318161,0.1548789143562317,0.2435539960861206,0.28920915722846985,0.35818228125572205
1,512,25,"(1152, 384)",0.14824523031711578,0.2619326114654541,0.3642357587814331,0.495832622051239,0.6356407999992371
1,512,26,"(384, 384)",0.3104236423969269,0.24686776101589203,0.3751780390739441,0.49017098546028137,0.5887683629989624
1,512,27,"(1024, 384)",0.10473070293664932,0.09178905189037323,0.16794545948505402,0.2608983516693115,0.3533111810684204
1,512,28,"(1024, 384)",0.09945239871740341,0.08205801248550415,0.15086273849010468,0.24189995229244232,0.34107038378715515
1,512,29,"(384, 1024)",0.2938435673713684,0.2729625701904297,0.31893473863601685,0.36073926091194153,0.42196664214134216
1,1024,0,"(1152, 384)",0.2792111039161682,0.34010374546051025,0.5077242255210876,0.6130222082138062,0.7091737389564514
1,1024,1,"(384, 384)",0.6230661273002625,0.23871107399463654,0.35454341769218445,0.5148440003395081,0.6244701743125916
1,1024,2,"(1024, 384)",0.2580539286136627,0.2851044833660126,0.35800716280937195,0.418807715177536,0.47253870964050293
1,1024,3,"(1024, 384)",0.24713937938213348,0.2693731486797333,0.3420696258544922,0.4005279839038849,0.4594932198524475
1,1024,4,"(384, 1024)",0.7802620530128479,0.2181512415409088,0.2643010914325714,0.328290194272995,0.39656203985214233
1,1024,5,"(1152, 384)",0.27151694893836975,0.38707393407821655,0.49587008357048035,0.5859806537628174,0.680304229259491
1,1024,6,"(384, 384)",0.595847487449646,0.4219329357147217,0.48558899760246277,0.5705745816230774,0.6583199501037598
1,1024,7,"(1024, 384)",0.20993180572986603,0.25756582617759705,0.3531877100467682,0.4151821434497833,0.4861263334751129
1,1024,8,"(1024, 384)",0.20281271636486053,0.24650779366493225,0.33878815174102783,0.4049207270145416,0.479592502117157
1,1024,9,"(384, 1024)",0.5773867964744568,0.12381289899349213,0.19817671179771423,0.26636484265327454,0.34320706129074097
1,1024,10,"(1152, 384)",0.38361644744873047,0.5576391816139221,0.6349247694015503,0.7276215553283691,0.7990967631340027
1,1024,11,"(384, 384)",0.5769693851470947,0.43556198477745056,0.5161747932434082,0.5816828012466431,0.6601988077163696
1,1024,12,"(1024, 384)",0.1727687269449234,0.2125815898180008,0.2654092013835907,0.33760154247283936,0.41858863830566406
1,1024,13,"(1024, 384)",0.16996195912361145,0.2142503559589386,0.2646804749965668,0.3353075683116913,0.4189099967479706
1,1024,14,"(384, 1024)",0.45698580145835876,0.08520375937223434,0.1333053708076477,0.1866784244775772,0.2611602246761322
1,1024,15,"(1152, 384)",0.23390671610832214,0.4602126181125641,0.5619524121284485,0.6514499187469482,0.7428310513496399
1,1024,16,"(384, 384)",0.4211602509021759,0.3457358181476593,0.45165085792541504,0.53522127866745,0.6264820098876953
1,1024,17,"(1024, 384)",0.1617397665977478,0.237807497382164,0.28893595933914185,0.35331305861473083,0.43277665972709656
1,1024,18,"(1024, 384)",0.1540776789188385,0.20858272910118103,0.25761643052101135,0.32669782638549805,0.4108676314353943
1,1024,19,"(384, 1024)",0.42081406712532043,0.09700679779052734,0.15576981008052826,0.21149829030036926,0.28935506939888
1,1024,20,"(1152, 384)",0.2597822844982147,0.4209035336971283,0.49023234844207764,0.583343505859375,0.6863078474998474
1,1024,21,"(384, 384)",0.4492282569408417,0.35848867893218994,0.5020208358764648,0.5621151924133301,0.638491153717041
1,1024,22,"(1024, 384)",0.15792442858219147,0.10356609523296356,0.1800377368927002,0.26763272285461426,0.3530579209327698
1,1024,23,"(1024, 384)",0.15517868101596832,0.1101335734128952,0.17002572119235992,0.2621118724346161,0.3525950014591217
1,1024,24,"(384, 1024)",0.4266914129257202,0.1879115104675293,0.2473968267440796,0.2916819751262665,0.35750144720077515
1,1024,25,"(1152, 384)",0.16751305758953094,0.20755204558372498,0.3264428675174713,0.452551931142807,0.5799177885055542
1,1024,26,"(384, 384)",0.30933377146720886,0.2709546983242035,0.3555976450443268,0.47360631823539734,0.5716262459754944
1,1024,27,"(1024, 384)",0.1675899624824524,0.13852240145206451,0.20688402652740479,0.28523045778274536,0.38107895851135254
1,1024,28,"(1024, 384)",0.1572834700345993,0.1230115294456482,0.17440026998519897,0.2534601092338562,0.356901615858078
1,1024,29,"(384, 1024)",0.4369773268699646,0.36492684483528137,0.4008558392524719,0.4459232687950134,0.4996812641620636
1,2048,0,"(1152, 384)",0.32525038719177246,0.3980708718299866,0.5599904656410217,0.7025138735771179,0.7722296714782715
1,2048,1,"(384, 384)",0.6998468637466431,0.2731435298919678,0.49921536445617676,0.6334376335144043,0.7294498085975647
1,2048,2,"(1024, 384)",0.2995484173297882,0.30130183696746826,0.38329291343688965,0.43774110078811646,0.4913836717605591
1,2048,3,"(1024, 384)",0.2991018295288086,0.32082200050354004,0.4076922535896301,0.46219873428344727,0.5132085084915161
1,2048,4,"(384, 1024)",0.8562243580818176,0.23539945483207703,0.31086787581443787,0.3797692656517029,0.44594210386276245
1,2048,5,"(1152, 384)",0.30624401569366455,0.4663974642753601,0.5530438423156738,0.6543179750442505,0.7363453507423401
1,2048,6,"(384, 384)",0.6202341914176941,0.4839547872543335,0.5819642543792725,0.6606768369674683,0.7271742224693298
1,2048,7,"(1024, 384)",0.26620689034461975,0.29174235463142395,0.4435728192329407,0.4923475682735443,0.5514612197875977
1,2048,8,"(1024, 384)",0.2539306581020355,0.28023117780685425,0.4311867356300354,0.4775230288505554,0.5382971167564392
1,2048,9,"(384, 1024)",0.6718873977661133,0.16556885838508606,0.28392645716667175,0.3559502363204956,0.42448297142982483
1,2048,10,"(1152, 384)",0.5230662822723389,0.6897248029708862,0.7234283685684204,0.7664289474487305,0.8135895133018494
1,2048,11,"(384, 384)",0.7262135744094849,0.49412083625793457,0.617116391658783,0.6627001166343689,0.7188578248023987
1,2048,12,"(1024, 384)",0.22881026566028595,0.17129258811473846,0.24093513190746307,0.3070807456970215,0.38922861218452454
1,2048,13,"(1024, 384)",0.22502580285072327,0.1750440001487732,0.24120073020458221,0.3050001263618469,0.386865496635437
1,2048,14,"(384, 1024)",0.541154146194458,0.08418884128332138,0.13080404698848724,0.17988598346710205,0.24974629282951355
1,2048,15,"(1152, 384)",0.2999424338340759,0.4975890517234802,0.5592829585075378,0.6358352303504944,0.7208904027938843
1,2048,16,"(384, 384)",0.4137290418148041,0.32465147972106934,0.4303293228149414,0.498161256313324,0.5843358635902405
1,2048,17,"(1024, 384)",0.2093982845544815,0.16052570939064026,0.20568625628948212,0.26414355635643005,0.34103500843048096
1,2048,18,"(1024, 384)",0.20452232658863068,0.15977804362773895,0.2060496062040329,0.2642614245414734,0.3404385447502136
1,2048,19,"(384, 1024)",0.49449610710144043,0.06798461824655533,0.1103653535246849,0.15783916413784027,0.22806207835674286
1,2048,20,"(1152, 384)",0.3302050530910492,0.45277586579322815,0.5035359263420105,0.5674014687538147,0.653259813785553
1,2048,21,"(384, 384)",0.48314931988716125,0.3436262309551239,0.4590604305267334,0.522007167339325,0.6004506945610046
1,2048,22,"(1024, 384)",0.2090654820203781,0.08434439450502396,0.13940265774726868,0.21654145419597626,0.2988530099391937
1,2048,23,"(1024, 384)",0.20594587922096252,0.0751243382692337,0.13422252237796783,0.21840110421180725,0.30153796076774597
1,2048,24,"(384, 1024)",0.5084914565086365,0.1460626721382141,0.20158761739730835,0.2445908784866333,0.3049769401550293
1,2048,25,"(1152, 384)",0.17477574944496155,0.16642776131629944,0.2809150815010071,0.40429702401161194,0.5528866648674011
1,2048,26,"(384, 384)",0.2703839838504791,0.18896451592445374,0.2903580367565155,0.3992837369441986,0.5057497620582581
1,2048,27,"(1024, 384)",0.22306939959526062,0.12163394689559937,0.18673615157604218,0.25845611095428467,0.3457627296447754
1,2048,28,"(1024, 384)",0.21205060184001923,0.10705869644880295,0.16791769862174988,0.23940107226371765,0.33159467577934265
1,2048,29,"(384, 1024)",0.5901687741279602,0.41459009051322937,0.45016172528266907,0.4911649227142334,0.5441760420799255
1,4096,0,"(1152, 384)",0.3331393301486969,0.3481770157814026,0.5856749415397644,0.7422431707382202,0.8107339143753052
1,4096,1,"(384, 384)",0.7843000292778015,0.3664565980434418,0.5377151370048523,0.7146419286727905,0.806944727897644
1,4096,2,"(1024, 384)",0.3299599587917328,0.30116304755210876,0.40167611837387085,0.4692839980125427,0.5205715894699097
1,4096,3,"(1024, 384)",0.3302469253540039,0.3116341531276703,0.4279315769672394,0.4909936189651489,0.5406534671783447
1,4096,4,"(384, 1024)",0.9721410274505615,0.30483368039131165,0.38361477851867676,0.45326724648475647,0.5223168730735779
1,4096,5,"(1152, 384)",0.3678238093852997,0.6041442155838013,0.6894798874855042,0.7561684250831604,0.8171467185020447
1,4096,6,"(384, 384)",0.7444072365760803,0.5902329087257385,0.7016868591308594,0.7580068707466125,0.8115431070327759
1,4096,7,"(1024, 384)",0.30319032073020935,0.3291725218296051,0.4493192434310913,0.5015679001808167,0.5663843750953674
1,4096,8,"(1024, 384)",0.29581692814826965,0.33922886848449707,0.451267808675766,0.5022992491722107,0.5707982182502747
1,4096,9,"(384, 1024)",0.7717018127441406,0.20886997878551483,0.321445494890213,0.39034348726272583,0.46803560853004456
1,4096,10,"(1152, 384)",0.687998354434967,0.7650440335273743,0.7999840974807739,0.8320645093917847,0.8677302598953247
1,4096,11,"(384, 384)",0.992668092250824,0.6052229404449463,0.755955159664154,0.7842326164245605,0.8198713064193726
1,4096,12,"(1024, 384)",0.2699514627456665,0.1658366471529007,0.2201097458600998,0.28461754322052,0.37268465757369995
1,4096,13,"(1024, 384)",0.2645632028579712,0.1672613024711609,0.22300666570663452,0.28522512316703796,0.37131670117378235
1,4096,14,"(384, 1024)",0.611879825592041,0.07301265001296997,0.10822389274835587,0.15809854865074158,0.22783005237579346
1,4096,15,"(1152, 384)",0.3841860592365265,0.5292648673057556,0.5873152017593384,0.6669639945030212,0.7514822483062744
1,4096,16,"(384, 384)",0.46796032786369324,0.3096696436405182,0.44968143105506897,0.508750855922699,0.5879895687103271
1,4096,17,"(1024, 384)",0.2487534135580063,0.1603834480047226,0.20922882854938507,0.26681962609291077,0.34069886803627014
1,4096,18,"(1024, 384)",0.2432294338941574,0.16363978385925293,0.20897065103054047,0.2658306956291199,0.34356942772865295
1,4096,19,"(384, 1024)",0.5579952001571655,0.06550329178571701,0.10886195302009583,0.1558220386505127,0.22008377313613892
1,4096,20,"(1152, 384)",0.4056582450866699,0.5653033256530762,0.6061351895332336,0.6624888777732849,0.7285319566726685
1,4096,21,"(384, 384)",0.5225116014480591,0.3859574496746063,0.5159898400306702,0.568753182888031,0.6354038119316101
1,4096,22,"(1024, 384)",0.23106339573860168,0.05589846149086952,0.10237506031990051,0.17698922753334045,0.2638797461986542
1,4096,23,"(1024, 384)",0.23034076392650604,0.06330394744873047,0.10867767035961151,0.1776658147573471,0.2673904597759247
1,4096,24,"(384, 1024)",0.5508508086204529,0.14285774528980255,0.1989777833223343,0.24243196845054626,0.29835745692253113
1,4096,25,"(1152, 384)",0.1738293468952179,0.1867745816707611,0.30409497022628784,0.42997094988822937,0.5612764954566956
1,4096,26,"(384, 384)",0.25589659810066223,0.19835782051086426,0.2883770167827606,0.4062485098838806,0.5013319253921509
1,4096,27,"(1024, 384)",0.24675822257995605,0.1111680120229721,0.16998594999313354,0.23661556839942932,0.3178703188896179
1,4096,28,"(1024, 384)",0.2335841953754425,0.0809650793671608,0.133749321103096,0.20472368597984314,0.2909351885318756
1,4096,29,"(384, 1024)",0.6628558039665222,0.42611363530158997,0.46238183975219727,0.5092840194702148,0.5612611770629883
