row_bin_label,col_bin_label,energy,energy_fraction
"[-0.5,0)","[-1,-0.5)",0.0066916795948372965,0.004486499569231853
"[-0.5,0)","[-1.5,-1)",0.014387560087925522,0.00964627508265281
"[-0.5,0)","[-2,-1.5)",0.009877506704043526,0.0066224673409297505
"[-0.5,0)","[-2.5,-2)",0.004918781981057663,0.0032978436768231396
"[-0.5,0)","[-3,-2.5)",0.0037135149946152524,0.0024897610812883593
"[-0.5,0)","[-3.5,-3)",0.0015319272959359864,0.0010270950746975255
"[-0.5,0)","[-4,-3.5)",0.0005878619714252409,0.00039413759194357524
"[-0.5,0)","[-4.5,-4)",0.00020396805819444808,0.00013675230444871574
"[-0.5,0)","[-5,-4.5)",5.3435760949405164e-05,3.582650888814883e-05
"[-0.5,0)","[-5.5,-5)",2.096252254740749e-05,1.4054520549895431e-05
"[-0.5,0)","[-6,-5.5)",7.81000156635514e-06,5.236289061147794e-06
"[-1,-0.5)","[-0.5,0)",0.0063520265791510155,0.004258776007909451
"[-1,-0.5)","[-1.5,-1)",0.07382556772449789,0.04949704675785663
"[-1,-0.5)","[-2,-1.5)",0.04108822675243573,0.027547988365660202
"[-1,-0.5)","[-2.5,-2)",0.015562970486428185,0.010434340047780755
"[-1,-0.5)","[-3,-2.5)",0.011187731155587244,0.007500919656845044
"[-1,-0.5)","[-3.5,-3)",0.004659726166295286,0.0031241572674745653
"[-1,-0.5)","[-4,-3.5)",0.0016891821868512125,0.0011325280964601162
"[-1,-0.5)","[-4.5,-4)",0.0005777487867817399,0.0003873571121098374
"[-1,-0.5)","[-5,-4.5)",0.00018727339283941546,0.0001255592089242961
"[-1,-0.5)","[-5.5,-5)",7.861427636157714e-05,5.2707681536905e-05
"[-1,-0.5)","[-6,-5.5)",2.9759411972918315e-05,1.995247786521339e-05
"[-1.5,-1)","[-0.5,0)",0.015134083862847092,0.010146788974141422
"[-1.5,-1)","[-1,-0.5)",0.08405150559087815,0.056353123051154155
"[-1.5,-1)","[-2,-1.5)",0.13273168753926257,0.08899120923657995
"[-1.5,-1)","[-2.5,-2)",0.048896577729749424,0.032783170773849124
"[-1.5,-1)","[-3,-2.5)",0.0350597406977613,0.023506133147684138
"[-1.5,-1)","[-3.5,-3)",0.015072918944611047,0.0101057803790004
"[-1.5,-1)","[-4,-3.5)",0.005241610318307721,0.003514286974127101
"[-1.5,-1)","[-4.5,-4)",0.001791547963875928,0.001201160195175631
"[-1.5,-1)","[-5,-4.5)",0.0005740276749293116,0.0003848622576437235
"[-1.5,-1)","[-5.5,-5)",0.0002456560523569351,0.00016470241251970532
"[-1.5,-1)","[-6,-5.5)",9.690304511877912e-05,6.496955869167376e-05
"[-2,-1.5)","[-0.5,0)",0.010290479229865923,0.006899348657936654
"[-2,-1.5)","[-1,-0.5)",0.04961761294907774,0.03326659562333135
"[-2,-1.5)","[-1.5,-1)",0.14403753273029452,0.09657131956022737
"[-2,-1.5)","[-2.5,-2)",0.0772479050439756,0.05179158502616357
"[-2,-1.5)","[-3,-2.5)",0.05515326905515394,0.03697802836354915
"[-2,-1.5)","[-3.5,-3)",0.024805877856465486,0.016631334292113
"[-2,-1.5)","[-4,-3.5)",0.009044821199950093,0.006064185507127809
"[-2,-1.5)","[-4.5,-4)",0.0030071867295191623,0.0020161966476991058
"[-2,-1.5)","[-5,-4.5)",0.0009270824084524065,0.0006215711268323633
"[-2,-1.5)","[-5.5,-5)",0.000412319871429645,0.0002764437387262284
"[-2,-1.5)","[-6,-5.5)",0.00014274426848714938,9.570423837566944e-05
"[-2.5,-2)","[-0.5,0)",0.0039315127364254465,0.0026359197191704728
"[-2.5,-2)","[-1,-0.5)",0.014716397486154165,0.009866747211449645
"[-2.5,-2)","[-1.5,-1)",0.04638929282333493,0.031102138008734542
"[-2.5,-2)","[-2,-1.5)",0.07442849858102818,0.04990128742565351
"[-2.5,-2)","[-3,-2.5)",0.056952516810270026,0.03818435095623539
"[-2.5,-2)","[-3.5,-3)",0.02690585282999791,0.018039282278956202
"[-2.5,-2)","[-4,-3.5)",0.009959212626654335,0.006677247845794314
"[-2.5,-2)","[-4.5,-4)",0.003321626378237852,0.0022270156698193837
"[-2.5,-2)","[-5,-4.5)",0.0010599296044802031,0.000710639779822295
"[-2.5,-2)","[-5.5,-5)",0.0004265701752501627,0.0002859979890524845
"[-2.5,-2)","[-6,-5.5)",0.00015707154034316773,0.00010531009264578215
"[-3,-2.5)","[-0.5,0)",0.0025839094219008985,0.0017324063927442685
"[-3,-2.5)","[-1,-0.5)",0.009801628109016747,0.006571593822693132
"[-3,-2.5)","[-1.5,-1)",0.03126360653550364,0.02096097926780394
"[-3,-2.5)","[-2,-1.5)",0.050961645298229996,0.03416771476241229
"[-3,-2.5)","[-2.5,-2)",0.05416921715368517,0.03631826150390339
"[-3,-2.5)","[-3.5,-3)",0.020767730485886204,0.013923920378784536
"[-3,-2.5)","[-4,-3.5)",0.007554216938842728,0.0050647958500807345
"[-3,-2.5)","[-4.5,-4)",0.0026193755469421376,0.0017561849901000957
"[-3,-2.5)","[-5,-4.5)",0.0008177886945190949,0.0005482941276078548
"[-3,-2.5)","[-5.5,-5)",0.0003331450885752929,0.00022336026033552205
"[-3,-2.5)","[-6,-5.5)",0.000136588569603191,9.157709211891985e-05
"[-3.5,-3)","[-0.5,0)",0.001281172384636875,0.0008589740842074559
"[-3.5,-3)","[-1,-0.5)",0.00478131457319364,0.0032056773593202538
"[-3.5,-3)","[-1.5,-1)",0.015161779879399262,0.010165358029125259
"[-3.5,-3)","[-2,-1.5)",0.0248593791476992,0.016667204736397066
"[-3.5,-3)","[-2.5,-2)",0.026634231862516344,0.017857171444698602
"[-3.5,-3)","[-3,-2.5)",0.020461882084902072,0.013718861439572292
"[-3.5,-3)","[-4,-3.5)",0.004308030870561197,0.002888359846147159
"[-3.5,-3)","[-4.5,-4)",0.0014581879854063118,0.0009776558598878268
"[-3.5,-3)","[-5,-4.5)",0.000468289417710821,0.000313969047839105
"[-3.5,-3)","[-5.5,-5)",0.0001675986812301744,0.00011236811333930683
"[-3.5,-3)","[-6,-5.5)",7.3663383773237e-05,4.938830900119092e-05
"[-4,-3.5)","[-0.5,0)",0.00048203846082017776,0.00032318722320348885
"[-4,-3.5)","[-1,-0.5)",0.00177960408680633,0.0011931523103735776
"[-4,-3.5)","[-1.5,-1)",0.005768074748999652,0.003867260006986824
"[-4,-3.5)","[-2,-1.5)",0.009353276282013212,0.006270992120204628
"[-4,-3.5)","[-2.5,-2)",0.010000498679687553,0.006704928468651948
"[-4,-3.5)","[-3,-2.5)",0.007864300791084133,0.005272694487454248
"[-4,-3.5)","[-3.5,-3)",0.004312498264084752,0.002891355052183993
"[-4,-3.5)","[-4.5,-4)",0.0006027481335877383,0.00040411815948017497
"[-4,-3.5)","[-5,-4.5)",0.00019669862163596008,0.0001318784422851153
"[-4,-3.5)","[-5.5,-5)",7.558681789987531e-05,5.067789351555805e-05
"[-4,-3.5)","[-6,-5.5)",3.319765306741829e-05,2.2257678969176953e-05
"[-4.5,-4)","[-0.5,0)",0.00015820604623684176,0.00010607073280063752
"[-4.5,-4)","[-1,-0.5)",0.000617880777042501,0.00041426398271915855
"[-4.5,-4)","[-1.5,-1)",0.0019079119490470475,0.0012791775242998631
"[-4.5,-4)","[-2,-1.5)",0.003180430972861359,0.002132349881294798
"[-4.5,-4)","[-2.5,-2)",0.0034792743056186737,0.0023327122065797557
"[-4.5,-4)","[-3,-2.5)",0.0026563620392607845,0.0017809829320073907
"[-4.5,-4)","[-3.5,-3)",0.0014938077780470849,0.0010015374851321452
"[-4.5,-4)","[-4,-3.5)",0.0006285694998666713,0.000421430337543331
"[-4.5,-4)","[-5,-4.5)",7.04407631246795e-05,4.7227672654718865e-05
"[-4.5,-4)","[-5.5,-5)",2.3802977867859454e-05,1.5958930555040022e-05
"[-4.5,-4)","[-6,-5.5)",1.2935585905982094e-05,8.672785325783578e-06
"[-5,-4.5)","[-0.5,0)",5.361049608998414e-05,3.5943661707829865e-05
"[-5,-4.5)","[-1,-0.5)",0.0002027061042895184,0.00013590621557512032
"[-5,-4.5)","[-1.5,-1)",0.0005906790652261407,0.00039602633899804774
"[-5,-4.5)","[-2,-1.5)",0.0009701910433932426,0.0006504737168848592
"[-5,-4.5)","[-2.5,-2)",0.0010748085013574382,0.0007206154762800066
"[-5,-4.5)","[-3,-2.5)",0.0008695327064174307,0.0005829863874212681
"[-5,-4.5)","[-3.5,-3)",0.0004700867802114317,0.00031517410644516327
"[-5,-4.5)","[-4,-3.5)",0.00019116688773124224,0.0001281696392217156
"[-5,-4.5)","[-4.5,-4)",6.998472398933586e-05,4.692191692399759e-05
"[-5,-4.5)","[-5.5,-5)",8.53782720516838e-06,5.724266611287938e-06
"[-5,-4.5)","[-6,-5.5)",2.967557486632799e-06,1.989626848799017e-06
"[-5.5,-5)","[-0.5,0)",1.883252951473402e-05,1.2626446672758652e-05
"[-5.5,-5)","[-1,-0.5)",7.694096436239306e-05,5.1585793757143125e-05
"[-5.5,-5)","[-1.5,-1)",0.0002516929707780946,0.00016874992129716024
"[-5.5,-5)","[-2,-1.5)",0.00042987282972717367,0.0002882122848325549
"[-5.5,-5)","[-2.5,-2)",0.00046522196078058187,0.00031191244246804497
"[-5.5,-5)","[-3,-2.5)",0.0003498674955153547,0.00023457195546673987
"[-5.5,-5)","[-3.5,-3)",0.0001902732213352465,0.00012757047217496024
"[-5.5,-5)","[-4,-3.5)",7.059117119467828e-05,4.7328515160952896e-05
"[-5.5,-5)","[-4.5,-4)",2.3323038304212673e-05,1.5637150557202132e-05
"[-5.5,-5)","[-5,-4.5)",4.968755231487426e-06,3.3313487129428043e-06
"[-5.5,-5)","[-6,-5.5)",4.514019691370663e-07,3.0264669899113725e-07
"[-6,-5.5)","[-0.5,0)",9.701932933869895e-06,6.504752254143447e-06
"[-6,-5.5)","[-1,-0.5)",2.6611274734023027e-05,1.784177962181821e-05
"[-6,-5.5)","[-1.5,-1)",9.930046894623956e-05,6.65769340623454e-05
"[-6,-5.5)","[-2,-1.5)",0.00015181843434675102,0.00010178809828606477
"[-6,-5.5)","[-2.5,-2)",0.00016850661756961927,0.00011297684780396231
"[-6,-5.5)","[-3,-2.5)",0.00012578667195839444,8.433485817101e-05
"[-6,-5.5)","[-3.5,-3)",7.285017755975787e-05,4.884308724112853e-05
"[-6,-5.5)","[-4,-3.5)",3.3279103767824836e-05,2.2312288357912414e-05
"[-6,-5.5)","[-4.5,-4)",1.0220774402824873e-05,6.8526144005561415e-06
"[-6,-5.5)","[-5,-4.5)",1.4720354970521043e-06,9.869400544092908e-07
"[-6,-5.5)","[-5.5,-5)",8.054115674671625e-07,5.39995766277216e-07
