seed,update,parameter_id,parameter_name,shape,raw_relative_l2,raw_cosine,update_error,polar_update_error,effective_rank,baseline_update_cosine,baseline_update_relative_l2,polar_update_cosine
0,128,transformer.h.0.attn.c_attn.weight,transformer.h.0.attn.c_attn.weight,"[1152, 384]",0.17813079059123993,0.984199583530426,0.37573742866516113,0.3433516025543213,384,0.6242625713348389,0.8662538528442383,0.6566483974456787
0,128,transformer.h.0.attn.c_proj.weight,transformer.h.0.attn.c_proj.weight,"[384, 384]",0.1900058537721634,0.9819839596748352,0.42195767164230347,0.44990092515945435,384,0.5780423283576965,0.9399250745773315,0.5500990748405457
0,128,transformer.h.0.mlp.w1.weight,transformer.h.0.mlp.w1.weight,"[1024, 384]",0.18733878433704376,0.9824833273887634,0.08572065830230713,0.0878261923789978,384,0.9142793416976929,0.4166063070297241,0.9121738076210022
0,128,transformer.h.0.mlp.w2.weight,transformer.h.0.mlp.w2.weight,"[1024, 384]",0.18681688606739044,0.9825870990753174,0.08548682928085327,0.0881187915802002,384,0.9145131707191467,0.4161347448825836,0.9118812084197998
0,128,transformer.h.0.mlp.c_proj.weight,transformer.h.0.mlp.c_proj.weight,"[384, 1024]",0.22116975486278534,0.9754047989845276,0.15611392259597778,0.16393548250198364,384,0.8438860774040222,0.5611578822135925,0.8360645174980164
0,128,transformer.h.1.attn.c_attn.weight,transformer.h.1.attn.c_attn.weight,"[1152, 384]",0.18376359343528748,0.9831404089927673,0.43112969398498535,0.4215158224105835,384,0.5688703060150146,0.9444178342819214,0.5784841775894165
0,128,transformer.h.1.attn.c_proj.weight,transformer.h.1.attn.c_proj.weight,"[384, 384]",0.18688231706619263,0.9825796484947205,0.46144455671310425,0.5034363865852356,384,0.5385554432868958,0.9973449110984802,0.4965636134147644
0,128,transformer.h.1.mlp.w1.weight,transformer.h.1.mlp.w1.weight,"[1024, 384]",0.19061550498008728,0.9818564653396606,0.12389463186264038,0.12885528802871704,384,0.8761053681373596,0.499017596244812,0.871144711971283
0,128,transformer.h.1.mlp.w2.weight,transformer.h.1.mlp.w2.weight,"[1024, 384]",0.19078850746154785,0.9818307757377625,0.12499600648880005,0.13056719303131104,384,0.8750039935112,0.5012667179107666,0.869432806968689
0,128,transformer.h.1.mlp.c_proj.weight,transformer.h.1.mlp.c_proj.weight,"[384, 1024]",0.2299676388502121,0.9732839465141296,0.19947999715805054,0.2022087574005127,384,0.8005200028419495,0.6287870407104492,0.7977912425994873
0,128,transformer.h.2.attn.c_attn.weight,transformer.h.2.attn.c_attn.weight,"[1152, 384]",0.18812666833400726,0.9823247194290161,0.4692280888557434,0.471760630607605,384,0.5307719111442566,0.9996792078018188,0.528239369392395
0,128,transformer.h.2.attn.c_proj.weight,transformer.h.2.attn.c_proj.weight,"[384, 384]",0.1924431174993515,0.9815079569816589,0.4919874668121338,0.5372907817363739,384,0.5080125331878662,1.04104483127594,0.4627092182636261
0,128,transformer.h.2.mlp.w1.weight,transformer.h.2.mlp.w1.weight,"[1024, 384]",0.19071868062019348,0.9818148612976074,0.1823522448539734,0.1762692928314209,384,0.8176477551460266,0.5978706479072571,0.8237307071685791
0,128,transformer.h.2.mlp.w2.weight,transformer.h.2.mlp.w2.weight,"[1024, 384]",0.19136880338191986,0.9817337989807129,0.18667012453079224,0.179659903049469,384,0.8133298754692078,0.6043349504470825,0.820340096950531
0,128,transformer.h.2.mlp.c_proj.weight,transformer.h.2.mlp.c_proj.weight,"[384, 1024]",0.22534488141536713,0.9743679165840149,0.21798193454742432,0.21630430221557617,384,0.7820180654525757,0.6540921926498413,0.7836956977844238
0,128,transformer.h.3.attn.c_attn.weight,transformer.h.3.attn.c_attn.weight,"[1152, 384]",0.1992119997739792,0.9801381826400757,0.5001667737960815,0.516154021024704,384,0.49983322620391846,1.045671820640564,0.483845978975296
0,128,transformer.h.3.attn.c_proj.weight,transformer.h.3.attn.c_proj.weight,"[384, 384]",0.19287680089473724,0.9814147353172302,0.5081837773323059,0.5551920533180237,384,0.4918162226676941,1.0638861656188965,0.4448079466819763
0,128,transformer.h.3.mlp.w1.weight,transformer.h.3.mlp.w1.weight,"[1024, 384]",0.18826396763324738,0.9823282361030579,0.22670042514801025,0.20943206548690796,384,0.7732995748519897,0.6603936553001404,0.790567934513092
0,128,transformer.h.3.mlp.w2.weight,transformer.h.3.mlp.w2.weight,"[1024, 384]",0.18625923991203308,0.982681930065155,0.23091208934783936,0.20872902870178223,384,0.7690879106521606,0.6642628312110901,0.7912709712982178
0,128,transformer.h.3.mlp.c_proj.weight,transformer.h.3.mlp.c_proj.weight,"[384, 1024]",0.22489292919635773,0.9744769334793091,0.23516297340393066,0.2298474907875061,384,0.7648370265960693,0.6780970692634583,0.7701525092124939
0,128,transformer.h.4.attn.c_attn.weight,transformer.h.4.attn.c_attn.weight,"[1152, 384]",0.18866373598575592,0.9822251200675964,0.5135930776596069,0.5364750027656555,384,0.48640692234039307,1.0690826177597046,0.4635249972343445
0,128,transformer.h.4.attn.c_proj.weight,transformer.h.4.attn.c_proj.weight,"[384, 384]",0.19307395815849304,0.9813591241836548,0.5242783725261688,0.5733542442321777,384,0.4757216274738312,1.0856568813323975,0.42664575576782227
0,128,transformer.h.4.mlp.w1.weight,transformer.h.4.mlp.w1.weight,"[1024, 384]",0.18852896988391876,0.9822323322296143,0.2660559415817261,0.23981022834777832,384,0.7339440584182739,0.7095724940299988,0.7601897716522217
0,128,transformer.h.4.mlp.w2.weight,transformer.h.4.mlp.w2.weight,"[1024, 384]",0.18941837549209595,0.9820935726165771,0.2612614631652832,0.23746824264526367,384,0.7387385368347168,0.703188955783844,0.7625317573547363
0,128,transformer.h.4.mlp.c_proj.weight,transformer.h.4.mlp.c_proj.weight,"[384, 1024]",0.21865621209144592,0.9759160876274109,0.25443798303604126,0.24388402700424194,384,0.7455620169639587,0.7015199661254883,0.7561159729957581
0,128,transformer.h.5.attn.c_attn.weight,transformer.h.5.attn.c_attn.weight,"[1152, 384]",0.1879076510667801,0.9823610782623291,0.5366685092449188,0.5675475001335144,384,0.4633314907550812,1.1027864217758179,0.4324524998664856
0,128,transformer.h.5.attn.c_proj.weight,transformer.h.5.attn.c_proj.weight,"[384, 384]",0.18804746866226196,0.9823344349861145,0.5589013993740082,0.6160545647144318,384,0.4410986006259918,1.1408506631851196,0.38394543528556824
0,128,transformer.h.5.mlp.w1.weight,transformer.h.5.mlp.w1.weight,"[1024, 384]",0.18690404295921326,0.9825521111488342,0.2997850179672241,0.267015278339386,384,0.7002149820327759,0.7494101524353027,0.732984721660614
0,128,transformer.h.5.mlp.w2.weight,transformer.h.5.mlp.w2.weight,"[1024, 384]",0.18789219856262207,0.9823580980300903,0.2966993451118469,0.2650794982910156,384,0.7033006548881531,0.7453073859214783,0.7349205017089844
0,128,transformer.h.5.mlp.c_proj.weight,transformer.h.5.mlp.c_proj.weight,"[384, 1024]",0.22857670485973358,0.9736018180847168,0.28486955165863037,0.2690674662590027,384,0.7151304483413696,0.7389942407608032,0.7309325337409973
0,512,transformer.h.0.attn.c_attn.weight,transformer.h.0.attn.c_attn.weight,"[1152, 384]",0.182791069149971,0.9833477139472961,0.4108702540397644,0.3821392059326172,384,0.5891297459602356,0.91032475233078,0.6178607940673828
0,512,transformer.h.0.attn.c_proj.weight,transformer.h.0.attn.c_proj.weight,"[384, 384]",0.19148167967796326,0.9816883206367493,0.44084906578063965,0.4666900634765625,384,0.5591509342193604,0.9624216556549072,0.5333099365234375
0,512,transformer.h.0.mlp.w1.weight,transformer.h.0.mlp.w1.weight,"[1024, 384]",0.187323197722435,0.9824904203414917,0.0768858790397644,0.07884091138839722,384,0.9231141209602356,0.39399394392967224,0.9211590886116028
0,512,transformer.h.0.mlp.w2.weight,transformer.h.0.mlp.w2.weight,"[1024, 384]",0.1891905814409256,0.9821022748947144,0.07746660709381104,0.07935357093811035,384,0.922533392906189,0.3954657018184662,0.9206464290618896
0,512,transformer.h.0.mlp.c_proj.weight,transformer.h.0.mlp.c_proj.weight,"[384, 1024]",0.22068998217582703,0.9754934906959534,0.11417853832244873,0.12061983346939087,384,0.8858214616775513,0.4812588095664978,0.8793801665306091
0,512,transformer.h.1.attn.c_attn.weight,transformer.h.1.attn.c_attn.weight,"[1152, 384]",0.18704670667648315,0.9825369119644165,0.42888742685317993,0.41047561168670654,384,0.5711125731468201,0.9342045783996582,0.5895243883132935
0,512,transformer.h.1.attn.c_proj.weight,transformer.h.1.attn.c_proj.weight,"[384, 384]",0.1844218522310257,0.9830532073974609,0.44872117042541504,0.48605239391326904,384,0.551278829574585,0.9827387928962708,0.513947606086731
0,512,transformer.h.1.mlp.w1.weight,transformer.h.1.mlp.w1.weight,"[1024, 384]",0.1929456889629364,0.9814074635505676,0.08831584453582764,0.09377413988113403,384,0.9116841554641724,0.42246970534324646,0.906225860118866
0,512,transformer.h.1.mlp.w2.weight,transformer.h.1.mlp.w2.weight,"[1024, 384]",0.19391067326068878,0.9811890721321106,0.09132081270217896,0.09730809926986694,384,0.908679187297821,0.4294179081916809,0.9026919007301331
0,512,transformer.h.1.mlp.c_proj.weight,transformer.h.1.mlp.c_proj.weight,"[384, 1024]",0.22540171444416046,0.9743581414222717,0.12262928485870361,0.12954914569854736,384,0.8773707151412964,0.4987705647945404,0.8704508543014526
0,512,transformer.h.2.attn.c_attn.weight,transformer.h.2.attn.c_attn.weight,"[1152, 384]",0.19258613884449005,0.9814459085464478,0.46959394216537476,0.4609510898590088,384,0.5304060578346252,0.9936093091964722,0.5390489101409912
0,512,transformer.h.2.attn.c_proj.weight,transformer.h.2.attn.c_proj.weight,"[384, 384]",0.19195114076137543,0.9815993905067444,0.4786716103553772,0.519203245639801,384,0.5213283896446228,1.0201696157455444,0.480796754360199
0,512,transformer.h.2.mlp.w1.weight,transformer.h.2.mlp.w1.weight,"[1024, 384]",0.1899767965078354,0.9819936156272888,0.09958690404891968,0.1060832142829895,384,0.9004130959510803,0.4478406310081482,0.8939167857170105
0,512,transformer.h.2.mlp.w2.weight,transformer.h.2.mlp.w2.weight,"[1024, 384]",0.1921621710062027,0.9815189838409424,0.10836279392242432,0.11486601829528809,384,0.8916372060775757,0.46622878313064575,0.8851339817047119
0,512,transformer.h.2.mlp.c_proj.weight,transformer.h.2.mlp.c_proj.weight,"[384, 1024]",0.22241376340389252,0.9750790596008301,0.11539798974990845,0.1212618350982666,384,0.8846020102500916,0.4838106334209442,0.8787381649017334
0,512,transformer.h.3.attn.c_attn.weight,transformer.h.3.attn.c_attn.weight,"[1152, 384]",0.19100676476955414,0.9817976355552673,0.48167097568511963,0.4754641056060791,384,0.5183290243148804,1.014466404914856,0.5245358943939209
0,512,transformer.h.3.attn.c_proj.weight,transformer.h.3.attn.c_proj.weight,"[384, 384]",0.19435061514377594,0.9811315536499023,0.4848906993865967,0.5249209702014923,383,0.5151093006134033,1.027978539466858,0.4750790297985077
0,512,transformer.h.3.mlp.w1.weight,transformer.h.3.mlp.w1.weight,"[1024, 384]",0.1928177773952484,0.9814206957817078,0.11451494693756104,0.12064319849014282,384,0.885485053062439,0.4788016974925995,0.8793568015098572
0,512,transformer.h.3.mlp.w2.weight,transformer.h.3.mlp.w2.weight,"[1024, 384]",0.1914530247449875,0.9816958904266357,0.11549949645996094,0.12117791175842285,384,0.8845005035400391,0.4806927740573883,0.8788220882415771
0,512,transformer.h.3.mlp.c_proj.weight,transformer.h.3.mlp.c_proj.weight,"[384, 1024]",0.22237831354141235,0.9750983715057373,0.11739939451217651,0.1236257553100586,384,0.8826006054878235,0.48801112174987793,0.8763742446899414
0,512,transformer.h.4.attn.c_attn.weight,transformer.h.4.attn.c_attn.weight,"[1152, 384]",0.18745437264442444,0.9824649095535278,0.47005897760391235,0.4683085083961487,384,0.5299410223960876,1.0014967918395996,0.5316914916038513
0,512,transformer.h.4.attn.c_proj.weight,transformer.h.4.attn.c_proj.weight,"[384, 384]",0.1866670548915863,0.9826310276985168,0.47704339027404785,0.5164939165115356,384,0.5229566097259521,1.0198004245758057,0.48350608348846436
0,512,transformer.h.4.mlp.w1.weight,transformer.h.4.mlp.w1.weight,"[1024, 384]",0.19362860918045044,0.9812470078468323,0.1286991834640503,0.13345444202423096,384,0.8713008165359497,0.5060880184173584,0.866545557975769
0,512,transformer.h.4.mlp.w2.weight,transformer.h.4.mlp.w2.weight,"[1024, 384]",0.19397489726543427,0.981183648109436,0.13519084453582764,0.1392558217048645,384,0.8648091554641724,0.5180106163024902,0.8607441782951355
0,512,transformer.h.4.mlp.c_proj.weight,transformer.h.4.mlp.c_proj.weight,"[384, 1024]",0.22092290222644806,0.9754230380058289,0.13334029912948608,0.14097213745117188,384,0.8666597008705139,0.5199114680290222,0.8590278625488281
0,512,transformer.h.5.attn.c_attn.weight,transformer.h.5.attn.c_attn.weight,"[1152, 384]",0.18728365004062653,0.9824968576431274,0.49326854944229126,0.5031852126121521,384,0.5067314505577087,1.0336778163909912,0.4968147873878479
0,512,transformer.h.5.attn.c_proj.weight,transformer.h.5.attn.c_proj.weight,"[384, 384]",0.1877290904521942,0.9824252128601074,0.5041647553443909,0.5485906898975372,384,0.49583524465560913,1.0549683570861816,0.45140931010246277
0,512,transformer.h.5.mlp.w1.weight,transformer.h.5.mlp.w1.weight,"[1024, 384]",0.19430068135261536,0.9811369180679321,0.1624612808227539,0.16069400310516357,384,0.8375387191772461,0.5647366642951965,0.8393059968948364
0,512,transformer.h.5.mlp.w2.weight,transformer.h.5.mlp.w2.weight,"[1024, 384]",0.19323162734508514,0.9813257455825806,0.16173231601715088,0.15959542989730835,384,0.8382676839828491,0.5630935430526733,0.8404045701026917
0,512,transformer.h.5.mlp.c_proj.weight,transformer.h.5.mlp.c_proj.weight,"[384, 1024]",0.23036211729049683,0.9732417464256287,0.15847641229629517,0.16676419973373413,384,0.8415235877037048,0.5665347576141357,0.8332358002662659
0,1024,transformer.h.0.attn.c_attn.weight,transformer.h.0.attn.c_attn.weight,"[1152, 384]",0.1865624487400055,0.9826838970184326,0.40784209966659546,0.38375431299209595,384,0.5921579003334045,0.9112908244132996,0.616245687007904
0,1024,transformer.h.0.attn.c_proj.weight,transformer.h.0.attn.c_proj.weight,"[384, 384]",0.19516102969646454,0.9809412360191345,0.4465569257736206,0.47630804777145386,384,0.5534430742263794,0.9685721397399902,0.5236919522285461
0,1024,transformer.h.0.mlp.w1.weight,transformer.h.0.mlp.w1.weight,"[1024, 384]",0.19053633511066437,0.981870710849762,0.07628333568572998,0.07873368263244629,384,0.92371666431427,0.39227285981178284,0.9212663173675537
0,1024,transformer.h.0.mlp.w2.weight,transformer.h.0.mlp.w2.weight,"[1024, 384]",0.1901867389678955,0.9819357395172119,0.07649809122085571,0.07879668474197388,384,0.9235019087791443,0.39284488558769226,0.9212033152580261
0,1024,transformer.h.0.mlp.c_proj.weight,transformer.h.0.mlp.c_proj.weight,"[384, 1024]",0.22229458391666412,0.9751632213592529,0.11490893363952637,0.12160813808441162,384,0.8850910663604736,0.4826037287712097,0.8783918619155884
0,1024,transformer.h.1.attn.c_attn.weight,transformer.h.1.attn.c_attn.weight,"[1152, 384]",0.18948262929916382,0.9820621013641357,0.42201393842697144,0.40252435207366943,384,0.5779860615730286,0.9264276623725891,0.5974756479263306
0,1024,transformer.h.1.attn.c_proj.weight,transformer.h.1.attn.c_proj.weight,"[384, 384]",0.1848946213722229,0.9829278588294983,0.48760920763015747,0.5310738682746887,384,0.5123907923698425,1.035280704498291,0.4689261317253113
0,1024,transformer.h.1.mlp.w1.weight,transformer.h.1.mlp.w1.weight,"[1024, 384]",0.19158627092838287,0.9816555976867676,0.11328083276748657,0.11888724565505981,384,0.8867191672325134,0.47669517993927,0.8811127543449402
0,1024,transformer.h.1.mlp.w2.weight,transformer.h.1.mlp.w2.weight,"[1024, 384]",0.1907973289489746,0.9818101525306702,0.11535227298736572,0.12069308757781982,384,0.8846477270126343,0.48046553134918213,0.8793069124221802
0,1024,transformer.h.1.mlp.c_proj.weight,transformer.h.1.mlp.c_proj.weight,"[384, 1024]",0.22467027604579926,0.9745221138000488,0.13859015703201294,0.14669424295425415,384,0.8614098429679871,0.5279964804649353,0.8533057570457458
0,1024,transformer.h.2.attn.c_attn.weight,transformer.h.2.attn.c_attn.weight,"[1152, 384]",0.20595452189445496,0.9787231683731079,0.495802104473114,0.5092182159423828,384,0.504197895526886,1.07113516330719,0.4907817840576172
0,1024,transformer.h.2.attn.c_proj.weight,transformer.h.2.attn.c_proj.weight,"[384, 384]",0.2017393559217453,0.9796192646026611,0.4883396625518799,0.5334612429141998,384,0.5116603374481201,1.0328996181488037,0.46653875708580017
0,1024,transformer.h.2.mlp.w1.weight,transformer.h.2.mlp.w1.weight,"[1024, 384]",0.19428987801074982,0.9811114072799683,0.1185351014137268,0.12423855066299438,384,0.8814648985862732,0.48710450530052185,0.8757614493370056
0,1024,transformer.h.2.mlp.w2.weight,transformer.h.2.mlp.w2.weight,"[1024, 384]",0.19622187316417694,0.9807501435279846,0.1213255524635315,0.12722241878509521,384,0.8786744475364685,0.4929635226726532,0.8727775812149048
0,1024,transformer.h.2.mlp.c_proj.weight,transformer.h.2.mlp.c_proj.weight,"[384, 1024]",0.2193106710910797,0.9758085608482361,0.10612213611602783,0.11211913824081421,384,0.8938778638839722,0.4636724889278412,0.8878808617591858
0,1024,transformer.h.3.attn.c_attn.weight,transformer.h.3.attn.c_attn.weight,"[1152, 384]",0.20096635818481445,0.979760468006134,0.4879300594329834,0.47929275035858154,384,0.5120699405670166,1.0137145519256592,0.5207072496414185
0,1024,transformer.h.3.attn.c_proj.weight,transformer.h.3.attn.c_proj.weight,"[384, 384]",0.19179867208003998,0.9816300868988037,0.4640468955039978,0.5028250217437744,384,0.5359531044960022,0.9975627660751343,0.4971749782562256
0,1024,transformer.h.3.mlp.w1.weight,transformer.h.3.mlp.w1.weight,"[1024, 384]",0.1925465613603592,0.9814954996109009,0.1051061749458313,0.11166858673095703,384,0.8948938250541687,0.4598093032836914,0.888331413269043
0,1024,transformer.h.3.mlp.w2.weight,transformer.h.3.mlp.w2.weight,"[1024, 384]",0.19340284168720245,0.981301486492157,0.10921192169189453,0.11534196138381958,384,0.8907880783081055,0.4678855836391449,0.8846580386161804
0,1024,transformer.h.3.mlp.c_proj.weight,transformer.h.3.mlp.c_proj.weight,"[384, 1024]",0.21992997825145721,0.9756481051445007,0.09827369451522827,0.10215544700622559,384,0.9017263054847717,0.4461217522621155,0.8978445529937744
0,1024,transformer.h.4.attn.c_attn.weight,transformer.h.4.attn.c_attn.weight,"[1152, 384]",0.1916809231042862,0.9816623330116272,0.4560897946357727,0.4488258957862854,384,0.5439102053642273,0.9797584414482117,0.5511741042137146
0,1024,transformer.h.4.attn.c_proj.weight,transformer.h.4.attn.c_proj.weight,"[384, 384]",0.1895366758108139,0.9820557236671448,0.44211792945861816,0.4790647029876709,384,0.5578820705413818,0.9745455384254456,0.5209352970123291
0,1024,transformer.h.4.mlp.w1.weight,transformer.h.4.mlp.w1.weight,"[1024, 384]",0.19892866909503937,0.9801944494247437,0.11155742406845093,0.11869341135025024,384,0.8884425759315491,0.47349175810813904,0.8813065886497498
0,1024,transformer.h.4.mlp.w2.weight,transformer.h.4.mlp.w2.weight,"[1024, 384]",0.19802771508693695,0.9803558588027954,0.11277145147323608,0.11900699138641357,384,0.8872285485267639,0.475713312625885,0.8809930086135864
0,1024,transformer.h.4.mlp.c_proj.weight,transformer.h.4.mlp.c_proj.weight,"[384, 1024]",0.21316233277320862,0.9771867394447327,0.10489445924758911,0.11071938276290894,384,0.8951055407524109,0.4609508812427521,0.8892806172370911
0,1024,transformer.h.5.attn.c_attn.weight,transformer.h.5.attn.c_attn.weight,"[1152, 384]",0.20371289551258087,0.9792072176933289,0.49224036931991577,0.5030252933502197,384,0.5077596306800842,1.0291197299957275,0.4969747066497803
0,1024,transformer.h.5.attn.c_proj.weight,transformer.h.5.attn.c_proj.weight,"[384, 384]",0.1852477788925171,0.9828745126724243,0.46229004859924316,0.5031224191188812,384,0.5377099514007568,1.0014005899429321,0.4968775808811188
0,1024,transformer.h.5.mlp.w1.weight,transformer.h.5.mlp.w1.weight,"[1024, 384]",0.19791175425052643,0.9803619980812073,0.1341158151626587,0.13780850172042847,384,0.8658841848373413,0.5165197849273682,0.8621914982795715
0,1024,transformer.h.5.mlp.w2.weight,transformer.h.5.mlp.w2.weight,"[1024, 384]",0.20053695142269135,0.9798735976219177,0.13664501905441284,0.13964486122131348,384,0.8633549809455872,0.5204002857208252,0.8603551387786865
0,1024,transformer.h.5.mlp.c_proj.weight,transformer.h.5.mlp.c_proj.weight,"[384, 1024]",0.22368621826171875,0.9748293161392212,0.1502813696861267,0.15781164169311523,384,0.8497186303138733,0.5513216257095337,0.8421883583068848
0,2048,transformer.h.0.attn.c_attn.weight,transformer.h.0.attn.c_attn.weight,"[1152, 384]",0.20226529240608215,0.9794961810112,0.45078617334365845,0.44297438859939575,384,0.5492138266563416,0.9701792001724243,0.5570256114006042
0,2048,transformer.h.0.attn.c_proj.weight,transformer.h.0.attn.c_proj.weight,"[384, 384]",0.20889736711978912,0.9781239032745361,0.5028429329395294,0.5390216410160065,384,0.4971570670604706,1.0358792543411255,0.46097835898399353
0,2048,transformer.h.0.mlp.w1.weight,transformer.h.0.mlp.w1.weight,"[1024, 384]",0.193632572889328,0.9812813997268677,0.07148617506027222,0.07251846790313721,384,0.9285138249397278,0.37948161363601685,0.9274815320968628
0,2048,transformer.h.0.mlp.w2.weight,transformer.h.0.mlp.w2.weight,"[1024, 384]",0.19738419353961945,0.9805121421813965,0.07570171356201172,0.0771569013595581,384,0.9242982864379883,0.39081668853759766,0.9228430986404419
0,2048,transformer.h.0.mlp.c_proj.weight,transformer.h.0.mlp.c_proj.weight,"[384, 1024]",0.22570236027240753,0.9743331670761108,0.11008930206298828,0.11596506834030151,384,0.8899106979370117,0.47222980856895447,0.8840349316596985
0,2048,transformer.h.1.attn.c_attn.weight,transformer.h.1.attn.c_attn.weight,"[1152, 384]",0.19039571285247803,0.9819485545158386,0.4404277801513672,0.43682438135147095,384,0.5595722198486328,0.9607388973236084,0.563175618648529
0,2048,transformer.h.1.attn.c_proj.weight,transformer.h.1.attn.c_proj.weight,"[384, 384]",0.18544192612171173,0.9828435778617859,0.49267876148223877,0.5366991758346558,383,0.5073212385177612,1.0403978824615479,0.46330082416534424
0,2048,transformer.h.1.mlp.w1.weight,transformer.h.1.mlp.w1.weight,"[1024, 384]",0.19397863745689392,0.9811647534370422,0.09922224283218384,0.10561442375183105,384,0.9007777571678162,0.4473790228366852,0.894385576248169
0,2048,transformer.h.1.mlp.w2.weight,transformer.h.1.mlp.w2.weight,"[1024, 384]",0.1932891309261322,0.9813204407691956,0.10132431983947754,0.10824006795883179,384,0.8986756801605225,0.452057421207428,0.8917599320411682
0,2048,transformer.h.1.mlp.c_proj.weight,transformer.h.1.mlp.c_proj.weight,"[384, 1024]",0.2231784462928772,0.9748826026916504,0.1255682110786438,0.13359588384628296,384,0.8744317889213562,0.5034538507461548,0.866404116153717
0,2048,transformer.h.2.attn.c_attn.weight,transformer.h.2.attn.c_attn.weight,"[1152, 384]",0.21690499782562256,0.9763862490653992,0.43976277112960815,0.4325662851333618,384,0.5602372288703918,0.965307354927063,0.5674337148666382
0,2048,transformer.h.2.attn.c_proj.weight,transformer.h.2.attn.c_proj.weight,"[384, 384]",0.1965348869562149,0.9806795120239258,0.44160032272338867,0.48885416984558105,384,0.5583996772766113,0.9798254370689392,0.511145830154419
0,2048,transformer.h.2.mlp.w1.weight,transformer.h.2.mlp.w1.weight,"[1024, 384]",0.1924193799495697,0.9815062284469604,0.09633010625839233,0.1029999852180481,384,0.9036698937416077,0.44075295329093933,0.8970000147819519
0,2048,transformer.h.2.mlp.w2.weight,transformer.h.2.mlp.w2.weight,"[1024, 384]",0.19243575632572174,0.981478214263916,0.09870773553848267,0.10523247718811035,384,0.9012922644615173,0.44617822766304016,0.8947675228118896
0,2048,transformer.h.2.mlp.c_proj.weight,transformer.h.2.mlp.c_proj.weight,"[384, 1024]",0.2155008465051651,0.9766921401023865,0.08288097381591797,0.08471137285232544,384,0.917119026184082,0.4090898931026459,0.9152886271476746
0,2048,transformer.h.3.attn.c_attn.weight,transformer.h.3.attn.c_attn.weight,"[1152, 384]",0.19971033930778503,0.980023980140686,0.4160299301147461,0.392598032951355,384,0.5839700698852539,0.9255664348602295,0.607401967048645
0,2048,transformer.h.3.attn.c_proj.weight,transformer.h.3.attn.c_proj.weight,"[384, 384]",0.19544728100299835,0.9808844327926636,0.41899949312210083,0.4474916458129883,384,0.5810005068778992,0.9388625621795654,0.5525083541870117
0,2048,transformer.h.3.mlp.w1.weight,transformer.h.3.mlp.w1.weight,"[1024, 384]",0.1929376870393753,0.9813999533653259,0.08222723007202148,0.0874437689781189,384,0.9177727699279785,0.4076286256313324,0.9125562310218811
0,2048,transformer.h.3.mlp.w2.weight,transformer.h.3.mlp.w2.weight,"[1024, 384]",0.19085216522216797,0.9818037748336792,0.0815272331237793,0.08750361204147339,384,0.9184727668762207,0.4060840904712677,0.9124963879585266
0,2048,transformer.h.3.mlp.c_proj.weight,transformer.h.3.mlp.c_proj.weight,"[384, 1024]",0.21384723484516144,0.9770371317863464,0.07408463954925537,0.07428860664367676,384,0.9259153604507446,0.3863939046859741,0.9257113933563232
0,2048,transformer.h.4.attn.c_attn.weight,transformer.h.4.attn.c_attn.weight,"[1152, 384]",0.1954520344734192,0.9809223413467407,0.42983728647232056,0.42281097173690796,384,0.5701627135276794,0.9479892253875732,0.577189028263092
0,2048,transformer.h.4.attn.c_proj.weight,transformer.h.4.attn.c_proj.weight,"[384, 384]",0.18526440858840942,0.9828630089759827,0.3879396319389343,0.4195055365562439,384,0.6120603680610657,0.905647873878479,0.5804944634437561
0,2048,transformer.h.4.mlp.w1.weight,transformer.h.4.mlp.w1.weight,"[1024, 384]",0.19779977202415466,0.9804320335388184,0.08284229040145874,0.08757638931274414,384,0.9171577095985413,0.4089292883872986,0.9124236106872559
0,2048,transformer.h.4.mlp.w2.weight,transformer.h.4.mlp.w2.weight,"[1024, 384]",0.1990896314382553,0.9801701903343201,0.08535635471343994,0.09003734588623047,384,0.9146436452865601,0.41549429297447205,0.9099626541137695
0,2048,transformer.h.4.mlp.c_proj.weight,transformer.h.4.mlp.c_proj.weight,"[384, 1024]",0.21283762156963348,0.9772874712944031,0.08554989099502563,0.08774358034133911,384,0.9144501090049744,0.41556787490844727,0.9122564196586609
0,2048,transformer.h.5.attn.c_attn.weight,transformer.h.5.attn.c_attn.weight,"[1152, 384]",0.2066354751586914,0.9786055684089661,0.46125489473342896,0.47433483600616455,384,0.538745105266571,0.9941577315330505,0.5256651639938354
0,2048,transformer.h.5.attn.c_proj.weight,transformer.h.5.attn.c_proj.weight,"[384, 384]",0.18637634813785553,0.9826595187187195,0.4220116138458252,0.46146637201309204,383,0.5779883861541748,0.9520823955535889,0.538533627986908
0,2048,transformer.h.5.mlp.w1.weight,transformer.h.5.mlp.w1.weight,"[1024, 384]",0.21111522614955902,0.9775819778442383,0.11439907550811768,0.1200525164604187,384,0.8856009244918823,0.4785422086715698,0.8799474835395813
0,2048,transformer.h.5.mlp.w2.weight,transformer.h.5.mlp.w2.weight,"[1024, 384]",0.2068072408437729,0.978589653968811,0.11019617319107056,0.11542552709579468,384,0.8898038268089294,0.4692397713661194,0.8845744729042053
0,2048,transformer.h.5.mlp.c_proj.weight,transformer.h.5.mlp.c_proj.weight,"[384, 1024]",0.22448627650737762,0.9745948910713196,0.14691197872161865,0.1546339988708496,384,0.8530880212783813,0.5451886653900146,0.8453660011291504
0,4096,transformer.h.0.attn.c_attn.weight,transformer.h.0.attn.c_attn.weight,"[1152, 384]",0.20489484071731567,0.9789349436759949,0.4478529691696167,0.4419865012168884,384,0.5521470308303833,0.9679778814315796,0.5580134987831116
0,4096,transformer.h.0.attn.c_proj.weight,transformer.h.0.attn.c_proj.weight,"[384, 384]",0.20989933609962463,0.9778779745101929,0.5177656710147858,0.5535503327846527,384,0.48223432898521423,1.0565627813339233,0.4464496672153473
0,4096,transformer.h.0.mlp.w1.weight,transformer.h.0.mlp.w1.weight,"[1024, 384]",0.20000310242176056,0.9799617528915405,0.07932049036026001,0.08097904920578003,384,0.92067950963974,0.40004032850265503,0.91902095079422
0,4096,transformer.h.0.mlp.w2.weight,transformer.h.0.mlp.w2.weight,"[1024, 384]",0.20347504317760468,0.9792479276657104,0.08542728424072266,0.08719491958618164,384,0.9145727157592773,0.4151931703090668,0.9128050804138184
0,4096,transformer.h.0.mlp.c_proj.weight,transformer.h.0.mlp.c_proj.weight,"[384, 1024]",0.23137813806533813,0.9729418158531189,0.1218332052230835,0.12882393598556519,384,0.8781667947769165,0.4967428743839264,0.8711760640144348
0,4096,transformer.h.1.attn.c_attn.weight,transformer.h.1.attn.c_attn.weight,"[1152, 384]",0.19675154983997345,0.9806201457977295,0.4431595206260681,0.4431303143501282,384,0.5568404793739319,0.9660521149635315,0.5568696856498718
0,4096,transformer.h.1.attn.c_proj.weight,transformer.h.1.attn.c_proj.weight,"[384, 384]",0.18741226196289062,0.9824528098106384,0.50511234998703,0.5486458837985992,384,0.49488765001296997,1.0576237440109253,0.45135411620140076
0,4096,transformer.h.1.mlp.w1.weight,transformer.h.1.mlp.w1.weight,"[1024, 384]",0.19477467238903046,0.9810205101966858,0.09955227375030518,0.10608303546905518,384,0.9004477262496948,0.44831252098083496,0.8939169645309448
0,4096,transformer.h.1.mlp.w2.weight,transformer.h.1.mlp.w2.weight,"[1024, 384]",0.19626644253730774,0.980711817741394,0.10118603706359863,0.10716736316680908,384,0.8988139629364014,0.45210909843444824,0.8928326368331909
0,4096,transformer.h.1.mlp.c_proj.weight,transformer.h.1.mlp.c_proj.weight,"[384, 1024]",0.22370906174182892,0.9747397899627686,0.12811338901519775,0.13626492023468018,384,0.8718866109848022,0.5088106393814087,0.8637350797653198
0,4096,transformer.h.2.attn.c_attn.weight,transformer.h.2.attn.c_attn.weight,"[1152, 384]",0.2189941257238388,0.9759039282798767,0.43225520849227905,0.4324691891670227,384,0.567744791507721,0.9613665342330933,0.5675308108329773
0,4096,transformer.h.2.attn.c_proj.weight,transformer.h.2.attn.c_proj.weight,"[384, 384]",0.19531431794166565,0.9808902144432068,0.43225401639938354,0.4817095994949341,384,0.5677459836006165,0.9674826264381409,0.5182904005050659
0,4096,transformer.h.2.mlp.w1.weight,transformer.h.2.mlp.w1.weight,"[1024, 384]",0.19247499108314514,0.9814746379852295,0.08710920810699463,0.09281820058822632,384,0.9128907918930054,0.4195438623428345,0.9071817994117737
0,4096,transformer.h.2.mlp.w2.weight,transformer.h.2.mlp.w2.weight,"[1024, 384]",0.19215112924575806,0.9815356135368347,0.08909332752227783,0.09480583667755127,384,0.9109066724777222,0.42429959774017334,0.9051941633224487
0,4096,transformer.h.2.mlp.c_proj.weight,transformer.h.2.mlp.c_proj.weight,"[384, 1024]",0.2090187668800354,0.9780802130699158,0.07453387975692749,0.07505369186401367,384,0.9254661202430725,0.3876149356365204,0.9249463081359863
0,4096,transformer.h.3.attn.c_attn.weight,transformer.h.3.attn.c_attn.weight,"[1152, 384]",0.19906321167945862,0.9801252484321594,0.4085049629211426,0.3941960334777832,384,0.5914950370788574,0.9241943359375,0.6058039665222168
0,4096,transformer.h.3.attn.c_proj.weight,transformer.h.3.attn.c_proj.weight,"[384, 384]",0.1952381581068039,0.980929970741272,0.3955339789390564,0.4262993335723877,384,0.6044660210609436,0.9075617790222168,0.5737006664276123
0,4096,transformer.h.3.mlp.w1.weight,transformer.h.3.mlp.w1.weight,"[1024, 384]",0.1896170973777771,0.9820744395256042,0.0685572624206543,0.07083553075790405,384,0.9314427375793457,0.3717626929283142,0.929164469242096
0,4096,transformer.h.3.mlp.w2.weight,transformer.h.3.mlp.w2.weight,"[1024, 384]",0.19241826236248016,0.981521487236023,0.07218903303146362,0.07504093647003174,384,0.9278109669685364,0.38184070587158203,0.9249590635299683
0,4096,transformer.h.3.mlp.c_proj.weight,transformer.h.3.mlp.c_proj.weight,"[384, 1024]",0.20716571807861328,0.9785076379776001,0.06432116031646729,0.06322240829467773,384,0.9356788396835327,0.35949504375457764,0.9367775917053223
0,4096,transformer.h.4.attn.c_attn.weight,transformer.h.4.attn.c_attn.weight,"[1152, 384]",0.20108965039253235,0.9797618985176086,0.40044456720352173,0.387898325920105,384,0.5995554327964783,0.9065726399421692,0.612101674079895
0,4096,transformer.h.4.attn.c_proj.weight,transformer.h.4.attn.c_proj.weight,"[384, 384]",0.18779079616069794,0.9824262261390686,0.3563638925552368,0.3841853737831116,384,0.6436361074447632,0.8621406555175781,0.6158146262168884
0,4096,transformer.h.4.mlp.w1.weight,transformer.h.4.mlp.w1.weight,"[1024, 384]",0.19854982197284698,0.980290949344635,0.0710524320602417,0.07237231731414795,384,0.9289475679397583,0.37872934341430664,0.927627682685852
0,4096,transformer.h.4.mlp.w2.weight,transformer.h.4.mlp.w2.weight,"[1024, 384]",0.1988091617822647,0.9802494645118713,0.0716586709022522,0.0735355019569397,384,0.9283413290977478,0.38035306334495544,0.9264644980430603
0,4096,transformer.h.4.mlp.c_proj.weight,transformer.h.4.mlp.c_proj.weight,"[384, 1024]",0.20983818173408508,0.9779202342033386,0.07862609624862671,0.07941550016403198,384,0.9213739037513733,0.39828404784202576,0.920584499835968
0,4096,transformer.h.5.attn.c_attn.weight,transformer.h.5.attn.c_attn.weight,"[1152, 384]",0.21506913006305695,0.9767650365829468,0.446617066860199,0.46062982082366943,384,0.553382933139801,0.9783999919891357,0.5393701791763306
0,4096,transformer.h.5.attn.c_proj.weight,transformer.h.5.attn.c_proj.weight,"[384, 384]",0.1834418624639511,0.9832293391227722,0.37974780797958374,0.4179903268814087,384,0.6202521920204163,0.9001851081848145,0.5820096731185913
0,4096,transformer.h.5.mlp.w1.weight,transformer.h.5.mlp.w1.weight,"[1024, 384]",0.21962356567382812,0.9756832718849182,0.0938723087310791,0.09969919919967651,384,0.9061276912689209,0.43547356128692627,0.9003008008003235
0,4096,transformer.h.5.mlp.w2.weight,transformer.h.5.mlp.w2.weight,"[1024, 384]",0.21901947259902954,0.9758556485176086,0.0957561731338501,0.1019030213356018,384,0.9042438268661499,0.43961530923843384,0.8980969786643982
0,4096,transformer.h.5.mlp.c_proj.weight,transformer.h.5.mlp.c_proj.weight,"[384, 1024]",0.22554495930671692,0.9743669629096985,0.15795737504959106,0.1630711555480957,384,0.8420426249504089,0.5646657347679138,0.8369288444519043
1,128,transformer.h.0.attn.c_attn.weight,transformer.h.0.attn.c_attn.weight,"[1152, 384]",0.17502816021442413,0.9847562313079834,0.37139344215393066,0.3420727252960205,384,0.6286065578460693,0.8608026504516602,0.6579272747039795
1,128,transformer.h.0.attn.c_proj.weight,transformer.h.0.attn.c_proj.weight,"[384, 384]",0.1906626671552658,0.9818690419197083,0.41654640436172485,0.44367581605911255,384,0.5834535956382751,0.9342555403709412,0.5563241839408875
1,128,transformer.h.0.mlp.w1.weight,transformer.h.0.mlp.w1.weight,"[1024, 384]",0.189488485455513,0.9820694923400879,0.09039962291717529,0.09366720914840698,384,0.9096003770828247,0.4280470013618469,0.906332790851593
1,128,transformer.h.0.mlp.w2.weight,transformer.h.0.mlp.w2.weight,"[1024, 384]",0.18835300207138062,0.9823226928710938,0.08802032470703125,0.09074914455413818,384,0.9119796752929688,0.42232686281204224,0.9092508554458618
1,128,transformer.h.0.mlp.c_proj.weight,transformer.h.0.mlp.c_proj.weight,"[384, 1024]",0.22263646125793457,0.9750149846076965,0.1688440442085266,0.1751195788383484,384,0.8311559557914734,0.5824697017669678,0.8248804211616516
1,128,transformer.h.1.attn.c_attn.weight,transformer.h.1.attn.c_attn.weight,"[1152, 384]",0.1908312886953354,0.9818279147148132,0.4397192597389221,0.4293453097343445,384,0.5602807402610779,0.954357922077179,0.5706546902656555
1,128,transformer.h.1.attn.c_proj.weight,transformer.h.1.attn.c_proj.weight,"[384, 384]",0.1856454610824585,0.9827885627746582,0.4637718200683594,0.5057179927825928,384,0.5362281799316406,1.0019282102584839,0.4942820072174072
1,128,transformer.h.1.mlp.w1.weight,transformer.h.1.mlp.w1.weight,"[1024, 384]",0.1916680932044983,0.9816285967826843,0.1326999068260193,0.13760745525360107,384,0.8673000931739807,0.5162017345428467,0.8623925447463989
1,128,transformer.h.1.mlp.w2.weight,transformer.h.1.mlp.w2.weight,"[1024, 384]",0.19099242985248566,0.9817726016044617,0.13321703672409058,0.1376941204071045,384,0.8667829632759094,0.5167062282562256,0.8623058795928955
1,128,transformer.h.1.mlp.c_proj.weight,transformer.h.1.mlp.c_proj.weight,"[384, 1024]",0.22784171998500824,0.9738010168075562,0.20012104511260986,0.20285815000534058,384,0.7998789548873901,0.6296463012695312,0.7971418499946594
1,128,transformer.h.2.attn.c_attn.weight,transformer.h.2.attn.c_attn.weight,"[1152, 384]",0.19641715288162231,0.9807177186012268,0.48459893465042114,0.4903372526168823,384,0.5154010653495789,1.0185470581054688,0.5096627473831177
1,128,transformer.h.2.attn.c_proj.weight,transformer.h.2.attn.c_proj.weight,"[384, 384]",0.18837152421474457,0.9822796583175659,0.48725181818008423,0.5322301983833313,384,0.5127481818199158,1.0367149114608765,0.4677698016166687
1,128,transformer.h.2.mlp.w1.weight,transformer.h.2.mlp.w1.weight,"[1024, 384]",0.19106540083885193,0.9817710518836975,0.1852574348449707,0.17879319190979004,384,0.8147425651550293,0.6021025776863098,0.82120680809021
1,128,transformer.h.2.mlp.w2.weight,transformer.h.2.mlp.w2.weight,"[1024, 384]",0.1929558515548706,0.9813812375068665,0.19102931022644043,0.1836303472518921,384,0.8089706897735596,0.6111913919448853,0.8163696527481079
1,128,transformer.h.2.mlp.c_proj.weight,transformer.h.2.mlp.c_proj.weight,"[384, 1024]",0.22870026528835297,0.9735990166664124,0.2297244668006897,0.22603148221969604,384,0.7702755331993103,0.6705778241157532,0.773968517780304
1,128,transformer.h.3.attn.c_attn.weight,transformer.h.3.attn.c_attn.weight,"[1152, 384]",0.18937307596206665,0.9820746183395386,0.5000012516975403,0.5171713829040527,384,0.4999987483024597,1.0467220544815063,0.48282861709594727
1,128,transformer.h.3.attn.c_proj.weight,transformer.h.3.attn.c_proj.weight,"[384, 384]",0.19109728932380676,0.9817773699760437,0.5141286551952362,0.5605669021606445,383,0.4858713448047638,1.0740824937820435,0.43943309783935547
1,128,transformer.h.3.mlp.w1.weight,transformer.h.3.mlp.w1.weight,"[1024, 384]",0.19247610867023468,0.981497585773468,0.23915404081344604,0.22008371353149414,384,0.760845959186554,0.6765403151512146,0.7799162864685059
1,128,transformer.h.3.mlp.w2.weight,transformer.h.3.mlp.w2.weight,"[1024, 384]",0.19148410856723785,0.9816464781761169,0.2417508363723755,0.22239702939987183,384,0.7582491636276245,0.6796756386756897,0.7776029706001282
1,128,transformer.h.3.mlp.c_proj.weight,transformer.h.3.mlp.c_proj.weight,"[384, 1024]",0.22554752230644226,0.9743520617485046,0.2517387866973877,0.24368226528167725,384,0.7482612133026123,0.6981350779533386,0.7563177347183228
1,128,transformer.h.4.attn.c_attn.weight,transformer.h.4.attn.c_attn.weight,"[1152, 384]",0.19091272354125977,0.9817705154418945,0.5296751856803894,0.5552386045455933,384,0.4703248143196106,1.091813564300537,0.44476139545440674
1,128,transformer.h.4.attn.c_proj.weight,transformer.h.4.attn.c_proj.weight,"[384, 384]",0.1928221732378006,0.9814273715019226,0.5275959372520447,0.5776710212230682,384,0.4724040627479553,1.0934332609176636,0.42232897877693176
1,128,transformer.h.4.mlp.w1.weight,transformer.h.4.mlp.w1.weight,"[1024, 384]",0.19322475790977478,0.9813529849052429,0.2815207242965698,0.2510603666305542,384,0.7184792757034302,0.7286859750747681,0.7489396333694458
1,128,transformer.h.4.mlp.w2.weight,transformer.h.4.mlp.w2.weight,"[1024, 384]",0.19270090758800507,0.9814092516899109,0.2806604504585266,0.2508789896965027,384,0.7193395495414734,0.727279782295227,0.7491210103034973
1,128,transformer.h.4.mlp.c_proj.weight,transformer.h.4.mlp.c_proj.weight,"[384, 1024]",0.23007576167583466,0.9732262492179871,0.28284841775894165,0.26833444833755493,384,0.7171515822410583,0.736562192440033,0.7316655516624451
1,128,transformer.h.5.attn.c_attn.weight,transformer.h.5.attn.c_attn.weight,"[1152, 384]",0.1957380473613739,0.9808237552642822,0.5553061664104462,0.5877864062786102,384,0.44469383358955383,1.1288152933120728,0.41221359372138977
1,128,transformer.h.5.attn.c_proj.weight,transformer.h.5.attn.c_proj.weight,"[384, 384]",0.19446933269500732,0.9810959100723267,0.5661784112453461,0.6166808009147644,384,0.43382158875465393,1.146391749382019,0.3833191990852356
1,128,transformer.h.5.mlp.w1.weight,transformer.h.5.mlp.w1.weight,"[1024, 384]",0.1881934553384781,0.9823151230812073,0.2891748547554016,0.25870370864868164,384,0.7108251452445984,0.7365810871124268,0.7412962913513184
1,128,transformer.h.5.mlp.w2.weight,transformer.h.5.mlp.w2.weight,"[1024, 384]",0.18665067851543427,0.9826105237007141,0.28702312707901,0.2560942769050598,384,0.71297687292099,0.7338231205940247,0.7439057230949402
1,128,transformer.h.5.mlp.c_proj.weight,transformer.h.5.mlp.c_proj.weight,"[384, 1024]",0.2277989387512207,0.9738206267356873,0.2685505747795105,0.258892297744751,384,0.7314494252204895,0.7192051410675049,0.741107702255249
1,512,transformer.h.0.attn.c_attn.weight,transformer.h.0.attn.c_attn.weight,"[1152, 384]",0.17956556379795074,0.9839181900024414,0.4088645577430725,0.3838079571723938,384,0.5911354422569275,0.9094001054763794,0.6161920428276062
1,512,transformer.h.0.attn.c_proj.weight,transformer.h.0.attn.c_proj.weight,"[384, 384]",0.19132860004901886,0.9817411303520203,0.44957464933395386,0.47781407833099365,384,0.5504253506660461,0.974116861820221,0.5221859216690063
1,512,transformer.h.0.mlp.w1.weight,transformer.h.0.mlp.w1.weight,"[1024, 384]",0.1892600655555725,0.9821124076843262,0.07671475410461426,0.07841318845748901,384,0.9232852458953857,0.3937244415283203,0.921586811542511
1,512,transformer.h.0.mlp.w2.weight,transformer.h.0.mlp.w2.weight,"[1024, 384]",0.18862417340278625,0.9822388887405396,0.07687479257583618,0.07876676321029663,384,0.9231252074241638,0.3940531313419342,0.9212332367897034
1,512,transformer.h.0.mlp.c_proj.weight,transformer.h.0.mlp.c_proj.weight,"[384, 1024]",0.22803901135921478,0.9737210273742676,0.13119298219680786,0.13872474431991577,384,0.8688070178031921,0.5158550143241882,0.8612752556800842
1,512,transformer.h.1.attn.c_attn.weight,transformer.h.1.attn.c_attn.weight,"[1152, 384]",0.19093406200408936,0.9817922115325928,0.44346481561660767,0.42815423011779785,384,0.5565351843833923,0.9524961709976196,0.5718457698822021
1,512,transformer.h.1.attn.c_proj.weight,transformer.h.1.attn.c_proj.weight,"[384, 384]",0.19160036742687225,0.9816706776618958,0.47207725048065186,0.5091022849082947,384,0.5279227495193481,1.007125735282898,0.4908977150917053
1,512,transformer.h.1.mlp.w1.weight,transformer.h.1.mlp.w1.weight,"[1024, 384]",0.1943044811487198,0.9811458587646484,0.08807104825973511,0.093433678150177,384,0.9119289517402649,0.4219997525215149,0.906566321849823
1,512,transformer.h.1.mlp.w2.weight,transformer.h.1.mlp.w2.weight,"[1024, 384]",0.19572634994983673,0.9808441400527954,0.09467190504074097,0.10108959674835205,384,0.905328094959259,0.4372892677783966,0.898910403251648
1,512,transformer.h.1.mlp.c_proj.weight,transformer.h.1.mlp.c_proj.weight,"[384, 1024]",0.21772655844688416,0.9761764407157898,0.11306631565093994,0.1200452446937561,384,0.8869336843490601,0.4786151349544525,0.8799547553062439
1,512,transformer.h.2.attn.c_attn.weight,transformer.h.2.attn.c_attn.weight,"[1152, 384]",0.19725337624549866,0.9805549383163452,0.47963422536849976,0.46901053190231323,384,0.5203657746315002,1.0013103485107422,0.5309894680976868
1,512,transformer.h.2.attn.c_proj.weight,transformer.h.2.attn.c_proj.weight,"[384, 384]",0.19293111562728882,0.9814099669456482,0.4852064847946167,0.5320112705230713,384,0.5147935152053833,1.0290143489837646,0.4679887294769287
1,512,transformer.h.2.mlp.w1.weight,transformer.h.2.mlp.w1.weight,"[1024, 384]",0.1930186152458191,0.9813657402992249,0.10225880146026611,0.10876321792602539,384,0.8977411985397339,0.45411473512649536,0.8912367820739746
1,512,transformer.h.2.mlp.w2.weight,transformer.h.2.mlp.w2.weight,"[1024, 384]",0.19330783188343048,0.9812995791435242,0.1088646650314331,0.11526679992675781,384,0.8911353349685669,0.4678785502910614,0.8847332000732422
1,512,transformer.h.2.mlp.c_proj.weight,transformer.h.2.mlp.c_proj.weight,"[384, 1024]",0.21680140495300293,0.9763748645782471,0.11460506916046143,0.1210281252861023,384,0.8853949308395386,0.48190730810165405,0.8789718747138977
1,512,transformer.h.3.attn.c_attn.weight,transformer.h.3.attn.c_attn.weight,"[1152, 384]",0.19554303586483002,0.9808925986289978,0.48231202363967896,0.4799160361289978,384,0.517687976360321,1.0134068727493286,0.5200839638710022
1,512,transformer.h.3.attn.c_proj.weight,transformer.h.3.attn.c_proj.weight,"[384, 384]",0.1906503438949585,0.981818675994873,0.49321454763412476,0.5339338481426239,383,0.5067854523658752,1.0409667491912842,0.4660661518573761
1,512,transformer.h.3.mlp.w1.weight,transformer.h.3.mlp.w1.weight,"[1024, 384]",0.19422340393066406,0.9811065793037415,0.11990255117416382,0.12594199180603027,384,0.8800974488258362,0.4901653826236725,0.8740580081939697
1,512,transformer.h.3.mlp.w2.weight,transformer.h.3.mlp.w2.weight,"[1024, 384]",0.1928163319826126,0.9814103841781616,0.12093687057495117,0.12664896249771118,384,0.8790631294250488,0.4917439818382263,0.8733510375022888
1,512,transformer.h.3.mlp.c_proj.weight,transformer.h.3.mlp.c_proj.weight,"[384, 1024]",0.22572341561317444,0.9743056893348694,0.12381577491760254,0.1315351128578186,384,0.8761842250823975,0.5006231069564819,0.8684648871421814
1,512,transformer.h.4.attn.c_attn.weight,transformer.h.4.attn.c_attn.weight,"[1152, 384]",0.19425898790359497,0.9811645746231079,0.5111014544963837,0.5099668502807617,384,0.48889854550361633,1.0535916090011597,0.4900331497192383
1,512,transformer.h.4.attn.c_proj.weight,transformer.h.4.attn.c_proj.weight,"[384, 384]",0.18983758985996246,0.9820276498794556,0.48888564109802246,0.5288139581680298,384,0.5111143589019775,1.0350394248962402,0.4711860418319702
1,512,transformer.h.4.mlp.w1.weight,transformer.h.4.mlp.w1.weight,"[1024, 384]",0.19249357283115387,0.9815090894699097,0.13741201162338257,0.13845211267471313,384,0.8625879883766174,0.5211793780326843,0.8615478873252869
1,512,transformer.h.4.mlp.w2.weight,transformer.h.4.mlp.w2.weight,"[1024, 384]",0.19128070771694183,0.9816676378250122,0.1455363631248474,0.14510363340377808,384,0.8544636368751526,0.5354652404785156,0.8548963665962219
1,512,transformer.h.4.mlp.c_proj.weight,transformer.h.4.mlp.c_proj.weight,"[384, 1024]",0.24081826210021973,0.9705869555473328,0.15769368410110474,0.1650407314300537,384,0.8423063158988953,0.5651204586029053,0.8349592685699463
1,512,transformer.h.5.attn.c_attn.weight,transformer.h.5.attn.c_attn.weight,"[1152, 384]",0.1957325041294098,0.9808461666107178,0.5078676640987396,0.5179109871387482,384,0.4921323359012604,1.053519606590271,0.48208901286125183
1,512,transformer.h.5.attn.c_proj.weight,transformer.h.5.attn.c_proj.weight,"[384, 384]",0.18993131816387177,0.9819897413253784,0.5065499544143677,0.5537487268447876,384,0.4934500455856323,1.0561959743499756,0.4462512731552124
1,512,transformer.h.5.mlp.w1.weight,transformer.h.5.mlp.w1.weight,"[1024, 384]",0.1948607712984085,0.9809888005256653,0.16584563255310059,0.1621711254119873,384,0.8341543674468994,0.5696268677711487,0.8378288745880127
1,512,transformer.h.5.mlp.w2.weight,transformer.h.5.mlp.w2.weight,"[1024, 384]",0.19389505684375763,0.9812076091766357,0.1620200276374817,0.15951305627822876,384,0.8379799723625183,0.563301146030426,0.8404869437217712
1,512,transformer.h.5.mlp.c_proj.weight,transformer.h.5.mlp.c_proj.weight,"[384, 1024]",0.23606351017951965,0.9718366861343384,0.16790783405303955,0.17571896314620972,384,0.8320921659469604,0.5824724435806274,0.8242810368537903
1,1024,transformer.h.0.attn.c_attn.weight,transformer.h.0.attn.c_attn.weight,"[1152, 384]",0.18647567927837372,0.9826542735099792,0.40945959091186523,0.38442063331604004,384,0.5905404090881348,0.9124610424041748,0.61557936668396
1,1024,transformer.h.0.attn.c_proj.weight,transformer.h.0.attn.c_proj.weight,"[384, 384]",0.1885112076997757,0.9822765588760376,0.4442007541656494,0.4717000722885132,384,0.5557992458343506,0.9657184481620789,0.5282999277114868
1,1024,transformer.h.0.mlp.w1.weight,transformer.h.0.mlp.w1.weight,"[1024, 384]",0.19269509613513947,0.9814710021018982,0.07767558097839355,0.07958984375,384,0.9223244190216064,0.3961937725543976,0.92041015625
1,1024,transformer.h.0.mlp.w2.weight,transformer.h.0.mlp.w2.weight,"[1024, 384]",0.19227734208106995,0.9815473556518555,0.07645249366760254,0.07831013202667236,384,0.9235475063323975,0.39270758628845215,0.9216898679733276
1,1024,transformer.h.0.mlp.c_proj.weight,transformer.h.0.mlp.c_proj.weight,"[384, 1024]",0.22735007107257843,0.9738937616348267,0.12383008003234863,0.13113749027252197,384,0.8761699199676514,0.5011649131774902,0.868862509727478
1,1024,transformer.h.1.attn.c_attn.weight,transformer.h.1.attn.c_attn.weight,"[1152, 384]",0.19587856531143188,0.9807960987091064,0.4419047236442566,0.42494815587997437,384,0.5580952763557434,0.9500879645347595,0.5750518441200256
1,1024,transformer.h.1.attn.c_proj.weight,transformer.h.1.attn.c_proj.weight,"[384, 384]",0.20037849247455597,0.9799108505249023,0.4870370030403137,0.5242550075054169,384,0.5129629969596863,1.0287816524505615,0.47574499249458313
1,1024,transformer.h.1.mlp.w1.weight,transformer.h.1.mlp.w1.weight,"[1024, 384]",0.19674864411354065,0.9806460738182068,0.10206270217895508,0.10872757434844971,384,0.8979372978210449,0.45386457443237305,0.8912724256515503
1,1024,transformer.h.1.mlp.w2.weight,transformer.h.1.mlp.w2.weight,"[1024, 384]",0.19467206299304962,0.9810543656349182,0.10399395227432251,0.11096960306167603,384,0.8960060477256775,0.45755112171173096,0.889030396938324
1,1024,transformer.h.1.mlp.c_proj.weight,transformer.h.1.mlp.c_proj.weight,"[384, 1024]",0.22596955299377441,0.9742385149002075,0.12593483924865723,0.13378512859344482,384,0.8740651607513428,0.5046965479850769,0.8662148714065552
1,1024,transformer.h.2.attn.c_attn.weight,transformer.h.2.attn.c_attn.weight,"[1152, 384]",0.1938215047121048,0.9812445640563965,0.4778962731361389,0.4815821051597595,384,0.5221037268638611,1.0316163301467896,0.5184178948402405
1,1024,transformer.h.2.attn.c_proj.weight,transformer.h.2.attn.c_proj.weight,"[384, 384]",0.1941172033548355,0.9811574816703796,0.4726833701133728,0.5093476176261902,384,0.5273166298866272,1.0101674795150757,0.4906523823738098
1,1024,transformer.h.2.mlp.w1.weight,transformer.h.2.mlp.w1.weight,"[1024, 384]",0.19239799678325653,0.9815071821212769,0.10665792226791382,0.11362117528915405,384,0.8933420777320862,0.46288883686065674,0.886378824710846
1,1024,transformer.h.2.mlp.w2.weight,transformer.h.2.mlp.w2.weight,"[1024, 384]",0.19489888846874237,0.9810060262680054,0.11435472965240479,0.12017583847045898,384,0.8856452703475952,0.4788910150527954,0.879824161529541
1,1024,transformer.h.2.mlp.c_proj.weight,transformer.h.2.mlp.c_proj.weight,"[384, 1024]",0.21175174415111542,0.9775237441062927,0.0989840030670166,0.1045491099357605,384,0.9010159969329834,0.4476412236690521,0.8954508900642395
1,1024,transformer.h.3.attn.c_attn.weight,transformer.h.3.attn.c_attn.weight,"[1152, 384]",0.19290517270565033,0.9814156293869019,0.480549156665802,0.4829983115196228,384,0.519450843334198,1.0139940977096558,0.5170016884803772
1,1024,transformer.h.3.attn.c_proj.weight,transformer.h.3.attn.c_proj.weight,"[384, 384]",0.18891163170337677,0.9821990132331848,0.4751814603805542,0.5162189900875092,384,0.5248185396194458,1.0179582834243774,0.48378100991249084
1,1024,transformer.h.3.mlp.w1.weight,transformer.h.3.mlp.w1.weight,"[1024, 384]",0.19371533393859863,0.9812631011009216,0.11884582042694092,0.12415766716003418,384,0.8811541795730591,0.48760175704956055,0.8758423328399658
1,1024,transformer.h.3.mlp.w2.weight,transformer.h.3.mlp.w2.weight,"[1024, 384]",0.1951698660850525,0.9809415340423584,0.12232905626296997,0.12704747915267944,384,0.87767094373703,0.4941850006580353,0.8729525208473206
1,1024,transformer.h.3.mlp.c_proj.weight,transformer.h.3.mlp.c_proj.weight,"[384, 1024]",0.22518762946128845,0.9744626879692078,0.11075937747955322,0.11634999513626099,384,0.8892406225204468,0.4737769663333893,0.883650004863739
1,1024,transformer.h.4.attn.c_attn.weight,transformer.h.4.attn.c_attn.weight,"[1152, 384]",0.19749978184700012,0.9804641008377075,0.4656268358230591,0.4559142589569092,384,0.5343731641769409,0.9951981902122498,0.5440857410430908
1,1024,transformer.h.4.attn.c_proj.weight,transformer.h.4.attn.c_proj.weight,"[384, 384]",0.1973903328180313,0.9805001616477966,0.46103984117507935,0.49896156787872314,384,0.5389601588249207,0.9992865324020386,0.5010384321212769
1,1024,transformer.h.4.mlp.w1.weight,transformer.h.4.mlp.w1.weight,"[1024, 384]",0.19609780609607697,0.9807543754577637,0.11534136533737183,0.12131500244140625,384,0.8846586346626282,0.4797627925872803,0.8786849975585938
1,1024,transformer.h.4.mlp.w2.weight,transformer.h.4.mlp.w2.weight,"[1024, 384]",0.19589488208293915,0.9807952642440796,0.12334918975830078,0.1285480260848999,384,0.8766508102416992,0.4958231449127197,0.8714519739151001
1,1024,transformer.h.4.mlp.c_proj.weight,transformer.h.4.mlp.c_proj.weight,"[384, 1024]",0.2345990687608719,0.9721729159355164,0.12886112928390503,0.135617196559906,384,0.871138870716095,0.5113438963890076,0.864382803440094
1,1024,transformer.h.5.attn.c_attn.weight,transformer.h.5.attn.c_attn.weight,"[1152, 384]",0.20375260710716248,0.9792135953903198,0.4929500222206116,0.5037623345851898,384,0.5070499777793884,1.029213786125183,0.4962376654148102
1,1024,transformer.h.5.attn.c_proj.weight,transformer.h.5.attn.c_proj.weight,"[384, 384]",0.18503451347351074,0.9829389452934265,0.45810699462890625,0.4973124861717224,384,0.5418930053710938,0.9946438670158386,0.5026875138282776
1,1024,transformer.h.5.mlp.w1.weight,transformer.h.5.mlp.w1.weight,"[1024, 384]",0.20365209877490997,0.9792090058326721,0.14201056957244873,0.14502722024917603,384,0.8579894304275513,0.5302402973175049,0.854972779750824
1,1024,transformer.h.5.mlp.w2.weight,transformer.h.5.mlp.w2.weight,"[1024, 384]",0.2024940401315689,0.9794356226921082,0.14123892784118652,0.1436346173286438,384,0.8587610721588135,0.5288373827934265,0.8563653826713562
1,1024,transformer.h.5.mlp.c_proj.weight,transformer.h.5.mlp.c_proj.weight,"[384, 1024]",0.22400571405887604,0.9747136831283569,0.15084338188171387,0.15827035903930664,384,0.8491566181182861,0.5518771409988403,0.8417296409606934
1,2048,transformer.h.0.attn.c_attn.weight,transformer.h.0.attn.c_attn.weight,"[1152, 384]",0.20619967579841614,0.9786838293075562,0.4464527368545532,0.43795692920684814,384,0.5535472631454468,0.9635264873504639,0.5620430707931519
1,2048,transformer.h.0.attn.c_proj.weight,transformer.h.0.attn.c_proj.weight,"[384, 384]",0.19654814898967743,0.9806685447692871,0.48625659942626953,0.5187442004680634,384,0.5137434005737305,1.0172799825668335,0.48125579953193665
1,2048,transformer.h.0.mlp.w1.weight,transformer.h.0.mlp.w1.weight,"[1024, 384]",0.19789202511310577,0.9804008603096008,0.07651960849761963,0.07775980234146118,384,0.9234803915023804,0.3930787146091461,0.9222401976585388
1,2048,transformer.h.0.mlp.w2.weight,transformer.h.0.mlp.w2.weight,"[1024, 384]",0.19713948667049408,0.9805380702018738,0.07769548892974854,0.07947009801864624,384,0.9223045110702515,0.3956041634082794,0.9205299019813538
1,2048,transformer.h.0.mlp.c_proj.weight,transformer.h.0.mlp.c_proj.weight,"[384, 1024]",0.23380045592784882,0.9723480939865112,0.12059241533279419,0.12702345848083496,384,0.8794075846672058,0.49476146697998047,0.872976541519165
1,2048,transformer.h.1.attn.c_attn.weight,transformer.h.1.attn.c_attn.weight,"[1152, 384]",0.20518934726715088,0.9788857698440552,0.4460301995277405,0.44088250398635864,384,0.5539698004722595,0.9625129103660583,0.5591174960136414
1,2048,transformer.h.1.attn.c_proj.weight,transformer.h.1.attn.c_proj.weight,"[384, 384]",0.20967881381511688,0.9779631495475769,0.4980558156967163,0.5396977365016937,384,0.5019441843032837,1.0398287773132324,0.4603022634983063
1,2048,transformer.h.1.mlp.w1.weight,transformer.h.1.mlp.w1.weight,"[1024, 384]",0.1951194554567337,0.9809682369232178,0.09733390808105469,0.103415846824646,384,0.9026660919189453,0.4432855248451233,0.896584153175354
1,2048,transformer.h.1.mlp.w2.weight,transformer.h.1.mlp.w2.weight,"[1024, 384]",0.195985347032547,0.9807802438735962,0.09816670417785645,0.10424882173538208,384,0.9018332958221436,0.445295125246048,0.8957511782646179
1,2048,transformer.h.1.mlp.c_proj.weight,transformer.h.1.mlp.c_proj.weight,"[384, 1024]",0.2225203514099121,0.9750415086746216,0.11444544792175293,0.12157320976257324,384,0.8855545520782471,0.48151737451553345,0.8784267902374268
1,2048,transformer.h.2.attn.c_attn.weight,transformer.h.2.attn.c_attn.weight,"[1152, 384]",0.20425105094909668,0.9790828227996826,0.4299466013908386,0.42095947265625,384,0.5700533986091614,0.95931476354599,0.57904052734375
1,2048,transformer.h.2.attn.c_proj.weight,transformer.h.2.attn.c_proj.weight,"[384, 384]",0.19558042287826538,0.9808629751205444,0.43870675563812256,0.4838019013404846,384,0.5612932443618774,0.9721536040306091,0.5161980986595154
1,2048,transformer.h.2.mlp.w1.weight,transformer.h.2.mlp.w1.weight,"[1024, 384]",0.1919236034154892,0.9816285371780396,0.08784842491149902,0.09380704164505005,384,0.912151575088501,0.42132145166397095,0.90619295835495
1,2048,transformer.h.2.mlp.w2.weight,transformer.h.2.mlp.w2.weight,"[1024, 384]",0.1931728720664978,0.9813535809516907,0.08942991495132446,0.09535878896713257,384,0.9105700850486755,0.4248500168323517,0.9046412110328674
1,2048,transformer.h.2.mlp.c_proj.weight,transformer.h.2.mlp.c_proj.weight,"[384, 1024]",0.2068726271390915,0.9785750508308411,0.07452720403671265,0.07539397478103638,384,0.9254727959632874,0.38776591420173645,0.9246060252189636
1,2048,transformer.h.3.attn.c_attn.weight,transformer.h.3.attn.c_attn.weight,"[1152, 384]",0.1991002857685089,0.9801405668258667,0.4352073669433594,0.42119544744491577,384,0.5647926330566406,0.9553349018096924,0.5788045525550842
1,2048,transformer.h.3.attn.c_proj.weight,transformer.h.3.attn.c_proj.weight,"[384, 384]",0.1970626413822174,0.9805873036384583,0.4210306406021118,0.44972020387649536,384,0.5789693593978882,0.9430806040763855,0.5502797961235046
1,2048,transformer.h.3.mlp.w1.weight,transformer.h.3.mlp.w1.weight,"[1024, 384]",0.19137661159038544,0.9817112684249878,0.08292949199676514,0.08802300691604614,384,0.9170705080032349,0.40928488969802856,0.9119769930839539
1,2048,transformer.h.3.mlp.w2.weight,transformer.h.3.mlp.w2.weight,"[1024, 384]",0.193728506565094,0.9812602400779724,0.08597332239151001,0.09119981527328491,384,0.91402667760849,0.4166736304759979,0.9088001847267151
1,2048,transformer.h.3.mlp.c_proj.weight,transformer.h.3.mlp.c_proj.weight,"[384, 1024]",0.22073321044445038,0.9755036234855652,0.08205664157867432,0.0825013518333435,384,0.9179433584213257,0.4068199396133423,0.9174986481666565
1,2048,transformer.h.4.attn.c_attn.weight,transformer.h.4.attn.c_attn.weight,"[1152, 384]",0.19804620742797852,0.9803333878517151,0.39392369985580444,0.37814927101135254,384,0.6060763001441956,0.9067930579185486,0.6218507289886475
1,2048,transformer.h.4.attn.c_proj.weight,transformer.h.4.attn.c_proj.weight,"[384, 384]",0.2013292908668518,0.979708731174469,0.4103977084159851,0.4473235607147217,384,0.5896022915840149,0.9333513975143433,0.5526764392852783
1,2048,transformer.h.4.mlp.w1.weight,transformer.h.4.mlp.w1.weight,"[1024, 384]",0.19672559201717377,0.9806402921676636,0.08456802368164062,0.08988732099533081,384,0.9154319763183594,0.4132155478000641,0.9101126790046692
1,2048,transformer.h.4.mlp.w2.weight,transformer.h.4.mlp.w2.weight,"[1024, 384]",0.1965564489364624,0.9806854128837585,0.08636254072189331,0.09179091453552246,384,0.9136374592781067,0.4174833297729492,0.9082090854644775
1,2048,transformer.h.4.mlp.c_proj.weight,transformer.h.4.mlp.c_proj.weight,"[384, 1024]",0.2298291176557541,0.9733290076255798,0.09635013341903687,0.0982590913772583,384,0.9036498665809631,0.44155216217041016,0.9017409086227417
1,2048,transformer.h.5.attn.c_attn.weight,transformer.h.5.attn.c_attn.weight,"[1152, 384]",0.21245114505290985,0.9773328304290771,0.4686771631240845,0.48354649543762207,384,0.5313228368759155,1.0015672445297241,0.5164535045623779
1,2048,transformer.h.5.attn.c_proj.weight,transformer.h.5.attn.c_proj.weight,"[384, 384]",0.18409059941768646,0.9831041693687439,0.4116017818450928,0.448752760887146,384,0.5883982181549072,0.9395734071731567,0.551247239112854
1,2048,transformer.h.5.mlp.w1.weight,transformer.h.5.mlp.w1.weight,"[1024, 384]",0.20197908580303192,0.9795881509780884,0.10402065515518188,0.11116188764572144,384,0.8959793448448181,0.45693209767341614,0.8888381123542786
1,2048,transformer.h.5.mlp.w2.weight,transformer.h.5.mlp.w2.weight,"[1024, 384]",0.2017476111650467,0.9795738458633423,0.10163700580596924,0.10838186740875244,384,0.8983629941940308,0.45223182439804077,0.8916181325912476
1,2048,transformer.h.5.mlp.c_proj.weight,transformer.h.5.mlp.c_proj.weight,"[384, 1024]",0.21862256526947021,0.9759363532066345,0.13174426555633545,0.1391366720199585,384,0.8682557344436646,0.5166359543800354,0.8608633279800415
1,4096,transformer.h.0.attn.c_attn.weight,transformer.h.0.attn.c_attn.weight,"[1152, 384]",0.2085237205028534,0.9781326055526733,0.43897950649261475,0.4330008625984192,384,0.5610204935073853,0.9573445320129395,0.5669991374015808
1,4096,transformer.h.0.attn.c_proj.weight,transformer.h.0.attn.c_proj.weight,"[384, 384]",0.19621504843235016,0.9807084202766418,0.4919787049293518,0.5269721448421478,384,0.5080212950706482,1.0244485139846802,0.4730278551578522
1,4096,transformer.h.0.mlp.w1.weight,transformer.h.0.mlp.w1.weight,"[1024, 384]",0.20058351755142212,0.9798550009727478,0.07838904857635498,0.07970213890075684,384,0.921610951423645,0.39762336015701294,0.9202978610992432
1,4096,transformer.h.0.mlp.w2.weight,transformer.h.0.mlp.w2.weight,"[1024, 384]",0.20131917297840118,0.9797046184539795,0.078438401222229,0.07978653907775879,384,0.921561598777771,0.3980143666267395,0.9202134609222412
1,4096,transformer.h.0.mlp.c_proj.weight,transformer.h.0.mlp.c_proj.weight,"[384, 1024]",0.23835010826587677,0.9712098836898804,0.12943273782730103,0.13630110025405884,384,0.870567262172699,0.5124472975730896,0.8636988997459412
1,4096,transformer.h.1.attn.c_attn.weight,transformer.h.1.attn.c_attn.weight,"[1152, 384]",0.20224778354167938,0.9794870018959045,0.4415910243988037,0.4400147795677185,384,0.5584089756011963,0.9632730484008789,0.5599852204322815
1,4096,transformer.h.1.attn.c_proj.weight,transformer.h.1.attn.c_proj.weight,"[384, 384]",0.20717193186283112,0.9785119891166687,0.5044272243976593,0.5466175377368927,384,0.4955727756023407,1.04936683177948,0.4533824622631073
1,4096,transformer.h.1.mlp.w1.weight,transformer.h.1.mlp.w1.weight,"[1024, 384]",0.19665390253067017,0.9806488156318665,0.09337323904037476,0.09921789169311523,384,0.9066267609596252,0.4343585968017578,0.9007821083068848
1,4096,transformer.h.1.mlp.w2.weight,transformer.h.1.mlp.w2.weight,"[1024, 384]",0.1982518434524536,0.980314314365387,0.09869223833084106,0.10532516241073608,384,0.9013077616691589,0.44630110263824463,0.8946748375892639
1,4096,transformer.h.1.mlp.c_proj.weight,transformer.h.1.mlp.c_proj.weight,"[384, 1024]",0.22057773172855377,0.9754911661148071,0.11212670803070068,0.11916512250900269,384,0.8878732919692993,0.4765004813671112,0.8808348774909973
1,4096,transformer.h.2.attn.c_attn.weight,transformer.h.2.attn.c_attn.weight,"[1152, 384]",0.20536139607429504,0.9788485765457153,0.43184560537338257,0.43513041734695435,384,0.5681543946266174,0.9678115248680115,0.5648695826530457
1,4096,transformer.h.2.attn.c_proj.weight,transformer.h.2.attn.c_proj.weight,"[384, 384]",0.2010619193315506,0.9797706007957458,0.4553210735321045,0.5007894337177277,384,0.5446789264678955,0.9942334294319153,0.49921056628227234
1,4096,transformer.h.2.mlp.w1.weight,transformer.h.2.mlp.w1.weight,"[1024, 384]",0.18927662074565887,0.9821513891220093,0.07724595069885254,0.08149141073226929,384,0.9227540493011475,0.3953761160373688,0.9185085892677307
1,4096,transformer.h.2.mlp.w2.weight,transformer.h.2.mlp.w2.weight,"[1024, 384]",0.191025048494339,0.9817811250686646,0.0804445743560791,0.08478164672851562,384,0.9195554256439209,0.4031633734703064,0.9152183532714844
1,4096,transformer.h.2.mlp.c_proj.weight,transformer.h.2.mlp.c_proj.weight,"[384, 1024]",0.20367836952209473,0.9792453050613403,0.06666404008865356,0.0666012167930603,384,0.9333359599113464,0.3661211133003235,0.9333987832069397
1,4096,transformer.h.3.attn.c_attn.weight,transformer.h.3.attn.c_attn.weight,"[1152, 384]",0.20662225782871246,0.9785747528076172,0.4101818799972534,0.3972676396369934,384,0.5898181200027466,0.9277655482292175,0.6027323603630066
1,4096,transformer.h.3.attn.c_proj.weight,transformer.h.3.attn.c_proj.weight,"[384, 384]",0.20182040333747864,0.9795904755592346,0.4008292555809021,0.4317407011985779,384,0.5991707444190979,0.9193185567855835,0.5682592988014221
1,4096,transformer.h.3.mlp.w1.weight,transformer.h.3.mlp.w1.weight,"[1024, 384]",0.19231726229190826,0.9815454483032227,0.07577341794967651,0.07896244525909424,384,0.9242265820503235,0.39123427867889404,0.9210375547409058
1,4096,transformer.h.3.mlp.w2.weight,transformer.h.3.mlp.w2.weight,"[1024, 384]",0.19116371870040894,0.9817416667938232,0.07625842094421387,0.0798448920249939,384,0.9237415790557861,0.3926197588443756,0.9201551079750061
1,4096,transformer.h.3.mlp.c_proj.weight,transformer.h.3.mlp.c_proj.weight,"[384, 1024]",0.21497265994548798,0.9768096804618835,0.07310950756072998,0.07257932424545288,384,0.92689049243927,0.3834950029850006,0.9274206757545471
1,4096,transformer.h.4.attn.c_attn.weight,transformer.h.4.attn.c_attn.weight,"[1152, 384]",0.2016385793685913,0.9796231389045715,0.37108635902404785,0.3562515377998352,384,0.6289136409759521,0.8804007172584534,0.6437484622001648
1,4096,transformer.h.4.attn.c_proj.weight,transformer.h.4.attn.c_proj.weight,"[384, 384]",0.20310422778129578,0.9793674349784851,0.399105429649353,0.4352980852127075,383,0.600894570350647,0.9208709001541138,0.5647019147872925
1,4096,transformer.h.4.mlp.w1.weight,transformer.h.4.mlp.w1.weight,"[1024, 384]",0.2000301480293274,0.9800110459327698,0.07346737384796143,0.07603305578231812,384,0.9265326261520386,0.3852088153362274,0.9239669442176819
1,4096,transformer.h.4.mlp.w2.weight,transformer.h.4.mlp.w2.weight,"[1024, 384]",0.19910097122192383,0.9801807999610901,0.07552146911621094,0.07831597328186035,384,0.9244785308837891,0.39054009318351746,0.9216840267181396
1,4096,transformer.h.4.mlp.c_proj.weight,transformer.h.4.mlp.c_proj.weight,"[384, 1024]",0.22844664752483368,0.9736846685409546,0.09257441759109497,0.09363663196563721,384,0.907425582408905,0.4322490394115448,0.9063633680343628
1,4096,transformer.h.5.attn.c_attn.weight,transformer.h.5.attn.c_attn.weight,"[1152, 384]",0.21859057247638702,0.9759818911552429,0.45350468158721924,0.4671199917793274,384,0.5464953184127808,0.9855981469154358,0.5328800082206726
1,4096,transformer.h.5.attn.c_proj.weight,transformer.h.5.attn.c_proj.weight,"[384, 384]",0.18232862651348114,0.9834603071212769,0.368463397026062,0.4042919874191284,383,0.631536602973938,0.8855217099189758,0.5957080125808716
1,4096,transformer.h.5.mlp.w1.weight,transformer.h.5.mlp.w1.weight,"[1024, 384]",0.20695854723453522,0.9785138964653015,0.09048175811767578,0.09654492139816284,384,0.9095182418823242,0.4272685945034027,0.9034550786018372
1,4096,transformer.h.5.mlp.w2.weight,transformer.h.5.mlp.w2.weight,"[1024, 384]",0.209748774766922,0.9778942465782166,0.09142416715621948,0.09673041105270386,384,0.9085758328437805,0.4299619495868683,0.9032695889472961
1,4096,transformer.h.5.mlp.c_proj.weight,transformer.h.5.mlp.c_proj.weight,"[384, 1024]",0.21310558915138245,0.9771828055381775,0.14285635948181152,0.14902955293655396,384,0.8571436405181885,0.536960244178772,0.850970447063446
