rank,family,size,component,index,value_0,value_1
4,mse,32,0,0,0.0,0.0
4,mse,32,0,1,-0.498576819896698,0.2933425009250641
4,mse,32,0,2,0.5659513473510742,0.23734928667545319
4,mse,32,0,3,-0.01796606555581093,-0.36042681336402893
4,mse,32,0,4,0.8049942255020142,-0.5325385332107544
4,mse,32,0,5,-0.14213837683200836,0.1414496749639511
4,mse,32,0,6,0.48370546102523804,-0.2993234097957611
4,mse,32,0,7,0.056868404150009155,0.5306318402290344
4,mse,32,0,8,-0.5412188172340393,-0.40214765071868896
4,mse,32,0,9,-0.06577758491039276,-0.8479121923446655
4,mse,32,0,10,-0.5689228773117065,-0.07457150518894196
4,mse,32,0,11,0.0931030660867691,0.020008433610200882
4,mse,32,0,12,0.2590301036834717,0.8553537726402283
4,mse,32,0,13,-0.3318222165107727,0.04484644904732704
4,mse,32,0,14,0.8482729196548462,0.012975551187992096
4,mse,32,0,15,0.4124232828617096,-0.029411524534225464
4,mse,32,0,16,-0.7125377655029297,0.7254264950752258
4,mse,32,0,17,0.40800315141677856,-0.8455927968025208
4,mse,32,0,18,0.3663484454154968,0.47669723629951477
4,mse,32,0,19,-0.8710428476333618,0.20450587570667267
4,mse,32,0,20,-0.08811090886592865,-0.10526692867279053
4,mse,32,0,21,-0.23039455711841583,-0.544890820980072
4,mse,32,0,22,0.03247113898396492,0.2700824737548828
4,mse,32,0,23,-0.21150006353855133,0.8430702090263367
4,mse,32,0,24,-0.2867204248905182,-0.24075700342655182
4,mse,32,0,25,0.22835610806941986,-0.4988698959350586
4,mse,32,0,26,-0.9008952379226685,-0.3144167959690094
4,mse,32,0,27,-0.23977893590927124,0.4451873302459717
4,mse,32,0,28,0.25550007820129395,0.19035468995571136
4,mse,32,0,29,0.8090165853500366,0.6767351627349854
4,mse,32,0,30,-0.6190571188926697,-0.8389754891395569
4,mse,32,0,31,0.17697469890117645,-0.19480864703655243
4,mse,64,0,0,0.0,0.0
4,mse,64,0,1,-0.5825867056846619,0.46079954504966736
4,mse,64,0,2,0.2262960970401764,0.33717793226242065
4,mse,64,0,3,-0.073634073138237,-0.2294366955757141
4,mse,64,0,4,0.9094685912132263,-0.42191794514656067
4,mse,64,0,5,-0.16864609718322754,0.07198432832956314
4,mse,64,0,6,0.6053569316864014,-0.3178284764289856
4,mse,64,0,7,0.05886013060808182,0.3176373541355133
4,mse,64,0,8,-0.4188632667064667,-0.37870046496391296
4,mse,64,0,9,-0.09540549665689468,-0.9282753467559814
4,mse,64,0,10,-0.5868942141532898,-0.011897366493940353
4,mse,64,0,11,-0.045047711580991745,-0.039366595447063446
4,mse,64,0,12,0.42382892966270447,0.6544655561447144
4,mse,64,0,13,-0.35659241676330566,0.0353812612593174
4,mse,64,0,14,0.7206113934516907,0.05287539213895798
4,mse,64,0,15,0.527087926864624,0.09139493107795715
4,mse,64,0,16,-0.8125587701797485,0.88615483045578
4,mse,64,0,17,0.18759362399578094,-0.8871842622756958
4,mse,64,0,18,0.379893958568573,0.4322722852230072
4,mse,64,0,19,-0.8367456197738647,0.16549310088157654
4,mse,64,0,20,-0.19689829647541046,-0.10355767607688904
4,mse,64,0,21,-0.33152639865875244,-0.8457709550857544
4,mse,64,0,22,-0.11599435657262802,0.2405804842710495
4,mse,64,0,23,-0.4238942563533783,0.8163108229637146
4,mse,64,0,24,-0.3950038552284241,-0.1529204398393631
4,mse,64,0,25,0.5487529039382935,-0.5917394757270813
4,mse,64,0,26,-0.9217284917831421,-0.1001189574599266
4,mse,64,0,27,-0.3188004791736603,0.46192076802253723
4,mse,64,0,28,0.19263511896133423,0.15429112315177917
4,mse,64,0,29,0.9161252975463867,0.28609970211982727
4,mse,64,0,30,-0.8730231523513794,-0.7850661873817444
4,mse,64,0,31,0.2567605674266815,-0.1681579053401947
4,mse,64,0,32,-0.5177369713783264,0.21887899935245514
4,mse,64,0,33,-0.2395627200603485,-0.30283311009407043
4,mse,64,0,34,-0.09195012599229813,0.4397563636302948
4,mse,64,0,35,0.8508092761039734,-0.8141226768493652
4,mse,64,0,36,-0.26730644702911377,-0.5544620156288147
4,mse,64,0,37,0.5579742789268494,0.933857262134552
4,mse,64,0,38,0.12774604558944702,-0.4625779390335083
4,mse,64,0,39,-0.9263808131217957,-0.42244866490364075
4,mse,64,0,40,-0.1323811113834381,0.6526845693588257
4,mse,64,0,41,-0.3045305907726288,0.22814348340034485
4,mse,64,0,42,0.015019536018371582,0.1210901141166687
4,mse,64,0,43,0.2870515286922455,-0.5838800072669983
4,mse,64,0,44,-0.03514754772186279,-0.6494812965393066
4,mse,64,0,45,0.06727886945009232,-0.13926982879638672
4,mse,64,0,46,0.8701161742210388,0.7378469705581665
4,mse,64,0,47,0.3475596606731415,-0.3502371609210968
4,mse,64,0,48,0.38804054260253906,0.20819438993930817
4,mse,64,0,49,0.13432277739048004,-0.004158686846494675
4,mse,64,0,50,-0.5913330912590027,-0.9300518035888672
4,mse,64,0,51,0.32351192831993103,0.005672375205904245
4,mse,64,0,52,-0.5894869565963745,-0.5616890788078308
4,mse,64,0,53,0.9326425194740295,-0.09467306733131409
4,mse,64,0,54,-0.9003936052322388,0.4609664976596832
4,mse,64,0,55,0.12460830807685852,0.5653859972953796
4,mse,64,0,56,0.11232395470142365,-0.29506799578666687
4,mse,64,0,57,-0.6343029141426086,-0.2575749158859253
4,mse,64,0,58,-0.0981832966208458,0.9371663928031921
4,mse,64,0,59,0.19471299648284912,0.8787388801574707
4,mse,64,0,60,0.5017362236976624,-0.12953174114227295
4,mse,64,0,61,0.605590283870697,0.3840908408164978
4,mse,64,0,62,0.4749342203140259,-0.917414128780365
4,mse,64,0,63,-0.06362076848745346,-0.41413795948028564
4,mse,128,0,0,0.0,0.0
4,mse,128,0,1,-0.7176612019538879,0.370961993932724
4,mse,128,0,2,0.39321961998939514,0.3877645432949066
4,mse,128,0,3,-0.11406896263360977,-0.27110835909843445
4,mse,128,0,4,0.9246892929077148,-0.5885351896286011
4,mse,128,0,5,-0.10753054171800613,0.163850799202919
4,mse,128,0,6,0.3929591774940491,-0.4834994077682495
4,mse,128,0,7,0.06155278906226158,0.3786737024784088
4,mse,128,0,8,-0.43999916315078735,-0.4787716269493103
4,mse,128,0,9,-0.11181113123893738,-0.9628387689590454
4,mse,128,0,10,-0.7043694257736206,-0.07986057549715042
4,mse,128,0,11,-0.04755828157067299,-0.06868506222963333
4,mse,128,0,12,0.29229283332824707,0.5569640398025513
4,mse,128,0,13,-0.3590173125267029,0.06302624195814133
4,mse,128,0,14,0.6694833636283875,-0.04587592929601669
4,mse,128,0,15,0.46716636419296265,-0.048076946288347244
4,mse,128,0,16,-0.9315580129623413,0.8851285576820374
4,mse,128,0,17,0.08441206812858582,-0.9613417983055115
4,mse,128,0,18,0.48779842257499695,0.5262945890426636
4,mse,128,0,19,-0.9572688341140747,0.024534719064831734
4,mse,128,0,20,-0.13201458752155304,-0.15747937560081482
4,mse,128,0,21,-0.33030951023101807,-0.9289386868476868
4,mse,128,0,22,-0.011265192180871964,0.26776453852653503
4,mse,128,0,23,-0.39183762669563293,0.7356243133544922
4,mse,128,0,24,-0.41167888045310974,-0.278389573097229
4,mse,128,0,25,0.3763435482978821,-0.6944283246994019
4,mse,128,0,26,-0.9444291591644287,-0.17292527854442596
4,mse,128,0,27,-0.24127160012722015,0.4134809672832489
4,mse,128,0,28,0.2338433712720871,0.16067606210708618
4,mse,128,0,29,0.7597653269767761,0.4484623968601227
4,mse,128,0,30,-0.9163684844970703,-0.95176762342453
4,mse,128,0,31,0.22197991609573364,-0.15152719616889954
4,mse,128,0,32,-0.4990847110748291,0.2734522223472595
4,mse,128,0,33,-0.190193772315979,-0.36268511414527893
4,mse,128,0,34,-0.023378776386380196,0.514297366142273
4,mse,128,0,35,0.6288915872573853,-0.9528787732124329
4,mse,128,0,36,-0.31975531578063965,-0.3717370927333832
4,mse,128,0,37,0.30626872181892395,0.9535892605781555
4,mse,128,0,38,0.12021604925394058,-0.396524578332901
4,mse,128,0,39,-0.8978530764579773,-0.6268730163574219
4,mse,128,0,40,0.004886142909526825,0.6834633350372314
4,mse,128,0,41,-0.3303743302822113,0.21215499937534332
4,mse,128,0,42,0.01449122466146946,0.14788959920406342
4,mse,128,0,43,0.261685311794281,-0.546779453754425
4,mse,128,0,44,-0.10828068107366562,-0.7692179083824158
4,mse,128,0,45,0.06679834425449371,-0.13702473044395447
4,mse,128,0,46,0.9574387669563293,0.3267817199230194
4,mse,128,0,47,0.2628932595252991,-0.2725346088409424
4,mse,128,0,48,0.33682480454444885,0.2435288429260254
4,mse,128,0,49,0.1460292637348175,-0.06189607083797455
4,mse,128,0,50,-0.613825261592865,-0.9200787544250488
4,mse,128,0,51,0.3108815848827362,-0.053936224430799484
4,mse,128,0,52,-0.6671000719070435,-0.5406102538108826
4,mse,128,0,53,0.9492208361625671,-0.10890231281518936
4,mse,128,0,54,-0.9413662552833557,0.5309184789657593
4,mse,128,0,55,0.13411341607570648,0.5313166975975037
4,mse,128,0,56,0.018735762685537338,-0.3086893558502197
4,mse,128,0,57,-0.5794918537139893,-0.3403688073158264
4,mse,128,0,58,-0.10608237236738205,0.9673295021057129
4,mse,128,0,59,0.09678112715482712,0.9420019388198853
4,mse,128,0,60,0.5347200036048889,-0.18053406476974487
4,mse,128,0,61,0.5794251561164856,0.3871549665927887
4,mse,128,0,62,0.44986164569854736,-0.9219116568565369
4,mse,128,0,63,-0.0603908970952034,-0.40938836336135864
4,mse,128,0,64,-0.7223905324935913,-0.2599574029445648
4,mse,128,0,65,-0.37436091899871826,0.3427578806877136
4,mse,128,0,66,0.20622897148132324,0.03684602305293083
4,mse,128,0,67,0.7428009510040283,0.22828055918216705
4,mse,128,0,68,-0.2602686583995819,-0.23111583292484283
4,mse,128,0,69,0.16036492586135864,-0.7586841583251953
4,mse,128,0,70,-0.6263437271118164,0.6299638152122498
4,mse,128,0,71,-0.18302097916603088,0.26626288890838623
4,mse,128,0,72,0.7156684398651123,-0.4191657602787018
4,mse,128,0,73,-0.3563944697380066,-0.13118305802345276
4,mse,128,0,74,-0.5869024991989136,0.008784309960901737
4,mse,128,0,75,-0.2526884377002716,-0.509543240070343
4,mse,128,0,76,-0.10331311821937561,0.39271172881126404
4,mse,128,0,77,0.9324372410774231,0.0921163260936737
4,mse,128,0,78,-0.44929298758506775,-0.02789674885571003
4,mse,128,0,79,0.879457950592041,0.9573397636413574
4,mse,128,0,80,0.6351847648620605,-0.6959436535835266
4,mse,128,0,81,-0.5340378880500793,-0.16970403492450714
4,mse,128,0,82,0.5077720880508423,0.2373717576265335
4,mse,128,0,83,-0.18549320101737976,0.588040292263031
4,mse,128,0,84,0.1366036981344223,-0.2533038556575775
4,mse,128,0,85,0.5416368842124939,-0.3384234309196472
4,mse,128,0,86,0.9401951432228088,0.6704245805740356
4,mse,128,0,87,-0.9472928047180176,-0.38157275319099426
4,mse,128,0,88,0.9218705892562866,-0.8872988224029541
4,mse,128,0,89,0.2697386145591736,-0.9403106570243835
4,mse,128,0,90,-0.2756967544555664,-0.007934545166790485
4,mse,128,0,91,-0.6377934217453003,0.9259753227233887
4,mse,128,0,92,0.34746336936950684,0.08279483020305634
4,mse,128,0,93,0.14479120075702667,0.25546959042549133
4,mse,128,0,94,-0.4624446928501129,0.13216537237167358
4,mse,128,0,95,0.02614910528063774,-0.5070915222167969
4,mse,128,0,96,0.6663690805435181,0.09501735866069794
4,mse,128,0,97,-0.47594577074050903,-0.6903679966926575
4,mse,128,0,98,-0.024547556415200233,-0.19052225351333618
4,mse,128,0,99,0.020293710753321648,-0.6713838577270508
4,mse,128,0,100,0.06368068605661392,0.008091289550065994
4,mse,128,0,101,-0.5267561674118042,0.4398578703403473
4,mse,128,0,102,0.378622442483902,-0.19353272020816803
4,mse,128,0,103,0.9606277346611023,-0.3371731638908386
4,mse,128,0,104,-0.36266085505485535,0.5316632390022278
4,mse,128,0,105,-0.19862312078475952,-0.08834348618984222
4,mse,128,0,106,-0.04920254275202751,0.04972729831933975
4,mse,128,0,107,-0.27216625213623047,-0.6791796684265137
4,mse,128,0,108,0.5836452841758728,0.951782763004303
4,mse,128,0,109,-0.7709557414054871,0.11883018165826797
4,mse,128,0,110,-0.16980035603046417,0.7838922142982483
4,mse,128,0,111,-0.15006668865680695,0.028052855283021927
4,mse,128,0,112,-0.9449116587638855,0.28222358226776123
4,mse,128,0,113,0.4173501431941986,0.7190558314323425
4,mse,128,0,114,-0.11567936837673187,-0.5700623393058777
4,mse,128,0,115,0.2257305085659027,0.3753003180027008
4,mse,128,0,116,0.14185942709445953,-0.5834602117538452
4,mse,128,0,117,0.11615020781755447,0.12374725192785263
4,mse,128,0,118,0.391504168510437,-0.3383048176765442
4,mse,128,0,119,-0.23690268397331238,0.12188801914453506
4,mse,128,0,120,0.19111840426921844,0.7445533871650696
4,mse,128,0,121,-0.3892155587673187,0.952477753162384
4,mse,128,0,122,-0.6244597434997559,0.18606507778167725
4,mse,128,0,123,0.4902914762496948,0.09933438897132874
4,mse,128,0,124,0.252715528011322,-0.4008266031742096
4,mse,128,0,125,0.726706326007843,-0.20784327387809753
4,mse,128,0,126,0.6681764125823975,0.6742517948150635
4,mse,128,0,127,0.5394921898841858,-0.5310972332954407
4,polar_8x8_sqrt,64,0,0,0.0,0.0
4,polar_8x8_sqrt,64,0,1,-1.0,-8.742277657347586e-08
4,polar_8x8_sqrt,64,0,2,-0.9258201122283936,-8.093776671103114e-08
4,polar_8x8_sqrt,64,0,3,-0.8451542854309082,-7.388573664002251e-08
4,polar_8x8_sqrt,64,0,4,-0.7559289336204529,-6.608540559227549e-08
4,polar_8x8_sqrt,64,0,5,-0.7071067690849304,0.7071067690849304
4,polar_8x8_sqrt,64,0,6,-0.7071066498756409,-0.70710688829422
4,polar_8x8_sqrt,64,0,7,-0.6546536684036255,-5.723164164805894e-08
4,polar_8x8_sqrt,64,0,8,-0.6546536684036255,0.6546536684036255
4,polar_8x8_sqrt,64,0,9,-0.6546535491943359,-0.654653787612915
4,polar_8x8_sqrt,64,0,10,-0.5976142883300781,0.5976142883300781
4,polar_8x8_sqrt,64,0,11,-0.5976142287254333,-0.5976144075393677
4,polar_8x8_sqrt,64,0,12,-0.5345224738121033,-4.672943987316103e-08
4,polar_8x8_sqrt,64,0,13,-0.5345224738121033,0.5345224738121033
4,polar_8x8_sqrt,64,0,14,-0.5345223546028137,-0.534522533416748
4,polar_8x8_sqrt,64,0,15,-0.4629100263118744,0.4629100263118744
4,polar_8x8_sqrt,64,0,16,-0.4629099667072296,-0.46291011571884155
4,polar_8x8_sqrt,64,0,17,-0.37796446681022644,-3.3042702796137746e-08
4,polar_8x8_sqrt,64,0,18,-0.37796446681022644,0.37796446681022644
4,polar_8x8_sqrt,64,0,19,-0.37796440720558167,-0.3779645264148712
4,polar_8x8_sqrt,64,0,20,-0.26726123690605164,0.26726123690605164
4,polar_8x8_sqrt,64,0,21,-0.26726117730140686,-0.267261266708374
4,polar_8x8_sqrt,64,0,22,-4.371138828673793e-08,1.0
4,polar_8x8_sqrt,64,0,23,-4.046888335551557e-08,0.9258201122283936
4,polar_8x8_sqrt,64,0,24,-3.694286832001126e-08,0.8451542854309082
4,polar_8x8_sqrt,64,0,25,-3.3042702796137746e-08,0.7559289336204529
4,polar_8x8_sqrt,64,0,26,-2.861582082402947e-08,0.6546536684036255
4,polar_8x8_sqrt,64,0,27,-2.3364719936580514e-08,0.5345224738121033
4,polar_8x8_sqrt,64,0,28,-1.6521351398068873e-08,0.37796446681022644
4,polar_8x8_sqrt,64,0,29,4.507181294854945e-09,-0.37796446681022644
4,polar_8x8_sqrt,64,0,30,6.3741167899422635e-09,-0.5345224738121033
4,polar_8x8_sqrt,64,0,31,7.806666424414743e-09,-0.6546536684036255
4,polar_8x8_sqrt,64,0,32,9.01436258970989e-09,-0.7559289336204529
4,polar_8x8_sqrt,64,0,33,1.0078363921195432e-08,-0.8451542854309082
4,polar_8x8_sqrt,64,0,34,1.1040294012332197e-08,-0.9258201122283936
4,polar_8x8_sqrt,64,0,35,1.1924880638503055e-08,-1.0
4,polar_8x8_sqrt,64,0,36,0.26726123690605164,0.26726123690605164
4,polar_8x8_sqrt,64,0,37,0.2672613263130188,-0.2672611474990845
4,polar_8x8_sqrt,64,0,38,0.37796446681022644,0.0
4,polar_8x8_sqrt,64,0,39,0.37796446681022644,0.37796446681022644
4,polar_8x8_sqrt,64,0,40,0.377964586019516,-0.3779643177986145
4,polar_8x8_sqrt,64,0,41,0.4629100263118744,0.4629100263118744
4,polar_8x8_sqrt,64,0,42,0.4629102051258087,-0.46290987730026245
4,polar_8x8_sqrt,64,0,43,0.5345224738121033,0.0
4,polar_8x8_sqrt,64,0,44,0.5345224738121033,0.5345224738121033
4,polar_8x8_sqrt,64,0,45,0.5345226526260376,-0.534522294998169
4,polar_8x8_sqrt,64,0,46,0.5976142883300781,0.5976142883300781
4,polar_8x8_sqrt,64,0,47,0.5976145267486572,-0.5976141095161438
4,polar_8x8_sqrt,64,0,48,0.6546536684036255,0.0
4,polar_8x8_sqrt,64,0,49,0.6546536684036255,0.6546536684036255
4,polar_8x8_sqrt,64,0,50,0.6546539068222046,-0.6546534299850464
4,polar_8x8_sqrt,64,0,51,0.7071067690849304,0.7071067690849304
4,polar_8x8_sqrt,64,0,52,0.7071070075035095,-0.7071065306663513
4,polar_8x8_sqrt,64,0,53,0.7559289336204529,0.0
4,polar_8x8_sqrt,64,0,54,0.8451542854309082,0.0
4,polar_8x8_sqrt,64,0,55,0.9258201122283936,0.0
4,polar_8x8_sqrt,64,0,56,1.0,0.0
4,polar_16x4_uniform,64,0,0,0.0,0.0
4,polar_16x4_uniform,64,0,1,-1.0,-8.742277657347586e-08
4,polar_16x4_uniform,64,0,2,-0.9238796234130859,0.38268327713012695
4,polar_16x4_uniform,64,0,3,-0.9238795042037964,-0.3826834559440613
4,polar_16x4_uniform,64,0,4,-0.7071067690849304,0.7071067690849304
4,polar_16x4_uniform,64,0,5,-0.7071066498756409,-0.70710688829422
4,polar_16x4_uniform,64,0,6,-0.6666666269302368,-5.828184868050812e-08
4,polar_16x4_uniform,64,0,7,-0.6159197092056274,0.2551221549510956
4,polar_16x4_uniform,64,0,8,-0.6159196496009827,-0.25512227416038513
4,polar_16x4_uniform,64,0,9,-0.471404492855072,0.471404492855072
4,polar_16x4_uniform,64,0,10,-0.47140440344810486,-0.4714045524597168
4,polar_16x4_uniform,64,0,11,-0.38268351554870605,0.9238795042037964
4,polar_16x4_uniform,64,0,12,-0.382683128118515,-0.9238796830177307
4,polar_16x4_uniform,64,0,13,-0.3333333432674408,-2.91409261166109e-08
4,polar_16x4_uniform,64,0,14,-0.3079598844051361,0.12756109237670898
4,polar_16x4_uniform,64,0,15,-0.3079598546028137,-0.12756115198135376
4,polar_16x4_uniform,64,0,16,-0.2551223337650299,0.6159196496009827
4,polar_16x4_uniform,64,0,17,-0.2551220655441284,-0.6159197688102722
4,polar_16x4_uniform,64,0,18,-0.2357022613286972,0.2357022613286972
4,polar_16x4_uniform,64,0,19,-0.23570221662521362,-0.2357023060321808
4,polar_16x4_uniform,64,0,20,-0.12756118178367615,0.3079598546028137
4,polar_16x4_uniform,64,0,21,-0.1275610476732254,-0.3079599142074585
4,polar_16x4_uniform,64,0,22,-4.371138828673793e-08,1.0
4,polar_16x4_uniform,64,0,23,-2.914092434025406e-08,0.6666666269302368
4,polar_16x4_uniform,64,0,24,-1.457046305830545e-08,0.3333333432674408
4,polar_16x4_uniform,64,0,25,3.974960360864088e-09,-0.3333333432674408
4,polar_16x4_uniform,64,0,26,7.949919833549757e-09,-0.6666666269302368
4,polar_16x4_uniform,64,0,27,1.1924880638503055e-08,-1.0
4,polar_16x4_uniform,64,0,28,0.12756115198135376,0.3079598546028137
4,polar_16x4_uniform,64,0,29,0.12756121158599854,-0.30795982480049133
4,polar_16x4_uniform,64,0,30,0.2357022613286972,0.2357022613286972
4,polar_16x4_uniform,64,0,31,0.23570233583450317,-0.23570218682289124
4,polar_16x4_uniform,64,0,32,0.25512227416038513,0.6159196496009827
4,polar_16x4_uniform,64,0,33,0.2551223933696747,-0.6159195899963379
4,polar_16x4_uniform,64,0,34,0.3079598546028137,-0.12756115198135376
4,polar_16x4_uniform,64,0,35,0.3079598546028137,0.12756115198135376
4,polar_16x4_uniform,64,0,36,0.3333333432674408,0.0
4,polar_16x4_uniform,64,0,37,0.3826834261417389,0.9238795638084412
4,polar_16x4_uniform,64,0,38,0.3826836049556732,-0.9238794445991516
4,polar_16x4_uniform,64,0,39,0.471404492855072,0.471404492855072
4,polar_16x4_uniform,64,0,40,0.47140464186668396,-0.4714043140411377
4,polar_16x4_uniform,64,0,41,0.6159196496009827,-0.25512227416038513
4,polar_16x4_uniform,64,0,42,0.6159196496009827,0.25512227416038513
4,polar_16x4_uniform,64,0,43,0.6666666269302368,0.0
4,polar_16x4_uniform,64,0,44,0.7071067690849304,0.7071067690849304
4,polar_16x4_uniform,64,0,45,0.7071070075035095,-0.7071065306663513
4,polar_16x4_uniform,64,0,46,0.9238795042037964,0.3826834559440613
4,polar_16x4_uniform,64,0,47,0.9238795638084412,-0.3826834261417389
4,polar_16x4_uniform,64,0,48,1.0,0.0
4,polar_32x2_log,64,0,0,0.0,0.0
4,polar_32x2_log,64,0,1,-0.009999999776482582,-8.742277457507441e-10
4,polar_32x2_log,64,0,2,-0.009807853028178215,0.0019509030971676111
4,polar_32x2_log,64,0,3,-0.00980785209685564,-0.0019509048433974385
4,polar_32x2_log,64,0,4,-0.009238796308636665,0.0038268326316028833
4,polar_32x2_log,64,0,5,-0.009238794445991516,-0.0038268344942480326
4,polar_32x2_log,64,0,6,-0.00831469614058733,0.005555701907724142
4,polar_32x2_log,64,0,7,-0.008314695209264755,-0.005555702839046717
4,polar_32x2_log,64,0,8,-0.007071067579090595,0.007071067579090595
4,polar_32x2_log,64,0,9,-0.007071066182106733,-0.00707106851041317
4,polar_32x2_log,64,0,10,-0.005555703304708004,0.008314695209264755
4,polar_32x2_log,64,0,11,-0.005555700045078993,-0.008314698003232479
4,polar_32x2_log,64,0,12,-0.00382683495990932,0.009238794445991516
4,polar_32x2_log,64,0,13,-0.0038268312346190214,-0.009238796308636665
4,polar_32x2_log,64,0,14,-0.001950903795659542,-0.00980785209685564
4,polar_32x2_log,64,0,15,-0.001950903213582933,0.009807853028178215
4,polar_32x2_log,64,0,16,-4.3711387287537207e-10,0.009999999776482582
4,polar_32x2_log,64,0,17,1.1924880527480752e-10,-0.009999999776482582
4,polar_32x2_log,64,0,18,0.0019509022822603583,0.009807853028178215
4,polar_32x2_log,64,0,19,0.0019509041449055076,-0.00980785209685564
4,polar_32x2_log,64,0,20,0.003826834261417389,0.00923879537731409
4,polar_32x2_log,64,0,21,0.0038268358912318945,-0.009238794445991516
4,polar_32x2_log,64,0,22,0.005555701907724142,0.00831469614058733
4,polar_32x2_log,64,0,23,0.005555704236030579,-0.00831469427794218
4,polar_32x2_log,64,0,24,0.007071067579090595,0.007071067579090595
4,polar_32x2_log,64,0,25,0.007071069907397032,-0.007071065250784159
4,polar_32x2_log,64,0,26,0.00831469614058733,-0.005555702839046717
4,polar_32x2_log,64,0,27,0.00831469614058733,0.005555702373385429
4,polar_32x2_log,64,0,28,0.009238794445991516,0.0038268344942480326
4,polar_32x2_log,64,0,29,0.00923879537731409,-0.003826834261417389
4,polar_32x2_log,64,0,30,0.009807853028178215,-0.0019509022822603583
4,polar_32x2_log,64,0,31,0.009807853028178215,0.001950903213582933
4,polar_32x2_log,64,0,32,0.009999999776482582,0.0
4,perdim_mse,64,0,0,0.0,0.0
4,perdim_mse,64,0,1,-0.6083475947380066,0.3971428871154785
4,perdim_mse,64,0,2,0.27826839685440063,0.3603055775165558
4,perdim_mse,64,0,3,-0.0210890956223011,-0.4940038025379181
4,perdim_mse,64,0,4,0.8486995697021484,-0.47999292612075806
4,perdim_mse,64,0,5,-0.1332079917192459,0.09971752762794495
4,perdim_mse,64,0,6,0.504758358001709,-0.3749789595603943
4,perdim_mse,64,0,7,0.053808506578207016,0.3779900372028351
4,perdim_mse,64,0,8,-0.5202598571777344,-0.4749191999435425
4,perdim_mse,64,0,9,-0.0839090347290039,-0.6997072100639343
4,perdim_mse,64,0,10,-0.6348374485969543,0.037822164595127106
4,perdim_mse,64,0,11,-0.0403241328895092,-0.018504152074456215
4,perdim_mse,64,0,12,0.2188405841588974,0.5831445455551147
4,perdim_mse,64,0,13,-0.38601139187812805,-0.0050153485499322414
4,perdim_mse,64,0,14,0.9049094915390015,0.011251711286604404
4,perdim_mse,64,0,15,0.4532815217971802,-0.036499764770269394
4,perdim_mse,64,0,16,-0.8149039149284363,0.8844497799873352
4,perdim_mse,64,0,17,0.11885621398687363,-0.9320291876792908
4,perdim_mse,64,0,18,0.4676916003227234,0.581297755241394
4,perdim_mse,64,0,19,-0.8780757784843445,0.16696517169475555
4,perdim_mse,64,0,20,-0.21937458217144012,-0.05863422155380249
4,perdim_mse,64,0,21,-0.21432510018348694,-0.9150204062461853
4,perdim_mse,64,0,22,-0.1472042351961136,0.31118613481521606
4,perdim_mse,64,0,23,-0.4362178146839142,0.7913010716438293
4,perdim_mse,64,0,24,-0.3289434015750885,-0.25186532735824585
4,perdim_mse,64,0,25,0.47474950551986694,-0.5971662402153015
4,perdim_mse,64,0,26,-0.9260883331298828,-0.12815622985363007
4,perdim_mse,64,0,27,-0.358413964509964,0.4343932867050171
4,perdim_mse,64,0,28,0.189102903008461,0.18699167668819427
4,perdim_mse,64,0,29,0.910428524017334,0.2621413767337799
4,perdim_mse,64,0,30,-0.8243557214736938,-0.8418321013450623
4,perdim_mse,64,0,31,0.1882285624742508,-0.2121484875679016
4,perdim_mse,64,0,32,-0.45580777525901794,0.20517279207706451
4,perdim_mse,64,0,33,-0.17516522109508514,-0.33603522181510925
4,perdim_mse,64,0,34,-0.18137583136558533,0.5479018092155457
4,perdim_mse,64,0,35,0.7813585996627808,-0.8240842819213867
4,perdim_mse,64,0,36,-0.2797321677207947,-0.5392206907272339
4,perdim_mse,64,0,37,0.4454557001590729,0.8843433260917664
4,perdim_mse,64,0,38,0.23865827918052673,-0.4118366241455078
4,perdim_mse,64,0,39,-0.916210949420929,-0.4735547602176666
4,perdim_mse,64,0,40,0.01435589324682951,0.6099251508712769
4,perdim_mse,64,0,41,-0.28322523832321167,0.16955596208572388
4,perdim_mse,64,0,42,0.005706992000341415,0.18115100264549255
4,perdim_mse,64,0,43,0.19107918441295624,-0.632734477519989
4,perdim_mse,64,0,44,0.6384524703025818,0.09885448217391968
4,perdim_mse,64,0,45,-0.09564521163702011,-0.17422622442245483
4,perdim_mse,64,0,46,0.7965325117111206,0.5291827917098999
4,perdim_mse,64,0,47,0.3628863990306854,-0.2273617386817932
4,perdim_mse,64,0,48,0.38753172755241394,0.1662929207086563
4,perdim_mse,64,0,49,0.07217570394277573,-0.12272301316261292
4,perdim_mse,64,0,50,-0.5058757066726685,-0.8536297082901001
4,perdim_mse,64,0,51,0.2656496465206146,-0.019680913537740707
4,perdim_mse,64,0,52,-0.6636209487915039,-0.27768275141716003
4,perdim_mse,64,0,53,0.9295509457588196,-0.2112746685743332
4,perdim_mse,64,0,54,-0.8916743397712708,0.47953054308891296
4,perdim_mse,64,0,55,0.1114751547574997,0.03963957354426384
4,perdim_mse,64,0,56,0.030651049688458443,-0.32131093740463257
4,perdim_mse,64,0,57,-0.4997562766075134,-0.15603484213352203
4,perdim_mse,64,0,58,-0.12737531960010529,0.9058285355567932
4,perdim_mse,64,0,59,0.16083233058452606,0.9034319519996643
4,perdim_mse,64,0,60,0.6280081272125244,-0.16593419015407562
4,perdim_mse,64,0,61,0.5362704396247864,0.34225985407829285
4,perdim_mse,64,0,62,0.433419793844223,-0.9170293807983398
4,perdim_mse,64,0,63,0.8697862029075623,0.8627513647079468
4,pca_transform,64,0,0,-0.7799428701400757,0.6258506774902344
4,pca_transform,64,0,1,0.6258506774902344,0.7799428701400757
4,pca_transform,64,1,0,-0.7799428701400757,0.6258506774902344
4,pca_transform,64,1,1,0.6258506774902344,0.7799428701400757
4,pca_mse,64,0,0,0.0,0.0
4,pca_mse,64,0,1,0.742776095867157,-0.005214958917349577
4,pca_mse,64,0,2,0.034525033086538315,0.4046070873737335
4,pca_mse,64,0,3,-0.0861627385020256,-0.22503143548965454
4,pca_mse,64,0,4,-0.9733912944793701,0.24011965095996857
4,pca_mse,64,0,5,0.17658576369285583,-0.04940361902117729
4,pca_mse,64,0,6,-0.6710569858551025,0.13097496330738068
4,pca_mse,64,0,7,0.15288600325584412,0.2845766544342041
4,pca_mse,64,0,8,0.08967944979667664,-0.5575106143951416
4,pca_mse,64,0,9,-0.5065509080886841,-0.7837113738059998
4,pca_mse,64,0,10,0.4502980411052704,-0.3765874207019806
4,pca_mse,64,0,11,0.010497027076780796,-0.058896828442811966
4,pca_mse,64,0,12,0.07903529703617096,0.7756994366645813
4,pca_mse,64,0,13,0.3002650737762451,-0.1955782026052475
4,pca_mse,64,0,14,-0.5289435982704163,0.4922349452972412
4,pca_mse,64,0,15,-0.35389888286590576,0.40116116404533386
4,pca_mse,64,0,16,1.188349962234497,0.18260961771011353
4,pca_mse,64,0,17,-0.7015571594238281,-0.574547529220581
4,pca_mse,64,0,18,-0.025757642462849617,0.5749045014381409
4,pca_mse,64,0,19,0.7561877369880676,-0.39460259675979614
4,pca_mse,64,0,20,0.08875781297683716,-0.20399802923202515
4,pca_mse,64,0,21,-0.2707546651363373,-0.8671391010284424
4,pca_mse,64,0,22,0.24103644490242004,0.11504387855529785
4,pca_mse,64,0,23,0.8415019512176514,0.3713812828063965
4,pca_mse,64,0,24,0.21237510442733765,-0.36648261547088623
4,pca_mse,64,0,25,-0.7983364462852478,-0.11808555573225021
4,pca_mse,64,0,26,0.6562359929084778,-0.6549513936042786
4,pca_mse,64,0,27,0.5377395749092102,0.16075032949447632
4,pca_mse,64,0,28,-0.053681183606386185,0.24089907109737396
4,pca_mse,64,0,29,-0.5354697108268738,0.7964990735054016
4,pca_mse,64,0,30,0.18957401812076569,-1.158689022064209
4,pca_mse,64,0,31,-0.305500328540802,0.029540231451392174
4,pca_mse,64,0,32,0.540790855884552,-0.15331293642520905
4,pca_mse,64,0,33,-0.002683078171685338,-0.38612300157546997
4,pca_mse,64,0,34,0.3469376266002655,0.28543776273727417
4,pca_mse,64,0,35,-1.173101782798767,-0.10248957574367523
4,pca_mse,64,0,36,-0.13852669298648834,-0.5997426509857178
4,pca_mse,64,0,37,0.14926716685295105,1.077564001083374
4,pca_mse,64,0,38,-0.3891393542289734,-0.280834436416626
4,pca_mse,64,0,39,0.45813435316085815,-0.90926194190979
4,pca_mse,64,0,40,0.5117326974868774,0.4262057840824127
4,pca_mse,64,0,41,0.3803001940250397,-0.012651803903281689
4,pca_mse,64,0,42,0.0640699565410614,0.10384336113929749
4,pca_mse,64,0,43,-0.5893054604530334,-0.2757416069507599
4,pca_mse,64,0,44,-0.37906524538993835,-0.5285553932189941
4,pca_mse,64,0,45,-0.13963580131530762,-0.06651598960161209
4,pca_mse,64,0,46,-0.21685890853405,1.1200411319732666
4,pca_mse,64,0,47,-0.4902728199958801,-0.05564451217651367
4,pca_mse,64,0,48,-0.17235083878040314,0.4052351415157318
4,pca_mse,64,0,49,-0.10736680030822754,0.08082245290279388
4,pca_mse,64,0,50,-0.12086744606494904,-1.0954734086990356
4,pca_mse,64,0,51,-0.24877077341079712,0.20689430832862854
4,pca_mse,64,0,52,0.10823265463113785,-0.8070161938667297
4,pca_mse,64,0,53,-0.7866591215133667,0.5098554491996765
4,pca_mse,64,0,54,0.9907517433166504,-0.20398443937301636
4,pca_mse,64,0,55,0.2566598355770111,0.5189549922943115
4,pca_mse,64,0,56,-0.27227482199668884,-0.15983815491199493
4,pca_mse,64,0,57,0.3335166573524475,-0.5978726744651794
4,pca_mse,64,0,58,0.6631035804748535,0.6694881319999695
4,pca_mse,64,0,59,0.3980943262577057,0.807227373123169
4,pca_mse,64,0,60,-0.47239306569099426,0.2129846066236496
4,pca_mse,64,0,61,-0.2319422960281372,0.6785780191421509
4,pca_mse,64,0,62,-0.9445858597755432,-0.41829273104667664
4,pca_mse,64,0,63,-0.20956794917583466,-0.3628210425376892
4,spectral_mse,64,0,0,0.0,0.0
4,spectral_mse,64,0,1,-0.3571787476539612,0.17372611165046692
4,spectral_mse,64,0,2,0.22580698132514954,-0.4429198205471039
4,spectral_mse,64,0,3,0.547154426574707,0.31030213832855225
4,spectral_mse,64,0,4,-0.008623813278973103,0.13508319854736328
4,spectral_mse,64,0,5,-0.3620234727859497,-0.1834724396467209
4,spectral_mse,64,0,6,-0.40748465061187744,-0.9295511245727539
4,spectral_mse,64,0,7,-0.2699294686317444,0.9217084646224976
4,spectral_mse,64,0,8,0.9058443307876587,-0.3675133287906647
4,spectral_mse,64,0,9,-0.857986330986023,0.07768948376178741
4,spectral_mse,64,0,10,-0.6206878423690796,-0.13639181852340698
4,spectral_mse,64,0,11,-0.14077258110046387,0.41118893027305603
4,spectral_mse,64,0,12,0.6336000561714172,0.06779545545578003
4,spectral_mse,64,0,13,0.4061505198478699,0.9093294143676758
4,spectral_mse,64,0,14,0.1661543995141983,-0.2140430510044098
4,spectral_mse,64,0,15,-0.10603173077106476,-0.48163092136383057
4,spectral_mse,64,0,16,-0.1913357824087143,-0.2980462610721588
4,spectral_mse,64,0,17,0.3498411178588867,-0.2697070240974426
4,spectral_mse,64,0,18,-0.568898618221283,0.07269200682640076
4,spectral_mse,64,0,19,0.3647165894508362,-0.8315035700798035
4,spectral_mse,64,0,20,0.3163186311721802,0.250465452671051
4,spectral_mse,64,0,21,0.4100252687931061,-0.0775211900472641
4,spectral_mse,64,0,22,0.9194134473800659,0.26553699374198914
4,spectral_mse,64,0,23,-0.5037753582000732,0.5648502707481384
4,spectral_mse,64,0,24,0.8538976907730103,0.5551616549491882
4,spectral_mse,64,0,25,0.010482530109584332,0.7003468871116638
4,spectral_mse,64,0,26,0.9394822716712952,0.9487093091011047
4,spectral_mse,64,0,27,-0.8482779860496521,0.8524030447006226
4,spectral_mse,64,0,28,0.9419487714767456,-0.04349600523710251
4,spectral_mse,64,0,29,-0.05193387717008591,-0.20297369360923767
4,spectral_mse,64,0,30,-0.19552312791347504,-0.6937970519065857
4,spectral_mse,64,0,31,0.25822800397872925,0.6405539512634277
4,spectral_mse,64,0,32,-0.8511698246002197,-0.46929219365119934
4,spectral_mse,64,0,33,-0.16530390083789825,0.21331751346588135
4,spectral_mse,64,0,34,0.09018193185329437,-0.6187843680381775
4,spectral_mse,64,0,35,-0.4848596453666687,-0.32611700892448425
4,spectral_mse,64,0,36,0.06267686933279037,0.4793003499507904
4,spectral_mse,64,0,37,0.0603569820523262,0.9665595293045044
4,spectral_mse,64,0,38,-0.5581621527671814,0.28620144724845886
4,spectral_mse,64,0,39,-0.38503509759902954,-0.013417748734354973
4,spectral_mse,64,0,40,0.2301430106163025,-0.03503536060452461
4,spectral_mse,64,0,41,0.2865042984485626,0.4246681332588196
4,spectral_mse,64,0,42,0.39457544684410095,0.09906356781721115
4,spectral_mse,64,0,43,-0.9217751622200012,-0.9177559614181519
4,spectral_mse,64,0,44,-0.06695385277271271,-0.012595451436936855
4,spectral_mse,64,0,45,-0.20177766680717468,-0.11052203178405762
4,spectral_mse,64,0,46,0.13046066462993622,0.28607046604156494
4,spectral_mse,64,0,47,-0.9327594637870789,-0.15754558145999908
4,spectral_mse,64,0,48,-0.20665770769119263,0.6004948616027832
4,spectral_mse,64,0,49,-0.2087792456150055,0.062411077320575714
4,spectral_mse,64,0,50,0.5048217177391052,0.5676860809326172
4,spectral_mse,64,0,51,-0.019352013245224953,0.29718130826950073
4,spectral_mse,64,0,52,-0.5324950218200684,-0.589175820350647
4,spectral_mse,64,0,53,0.18229423463344574,0.12571470439434052
4,spectral_mse,64,0,54,0.8839097619056702,-0.8387828469276428
4,spectral_mse,64,0,55,0.05243092402815819,-0.11201052367687225
4,spectral_mse,64,0,56,0.6000010371208191,-0.19887791574001312
4,spectral_mse,64,0,57,-0.3193017542362213,-0.4586956202983856
4,spectral_mse,64,0,58,0.00070093764225021,-0.9333420991897583
4,spectral_mse,64,0,59,0.07891006022691727,0.01575799658894539
4,spectral_mse,64,0,60,-0.9041977524757385,0.3651410639286041
4,spectral_mse,64,0,61,0.5226304531097412,-0.47897449135780334
4,spectral_mse,64,0,62,-0.3182697892189026,0.3638193607330322
4,spectral_mse,64,0,63,0.03173882141709328,-0.3622271418571472
8,mse,32,0,0,0.0,0.0
8,mse,32,0,1,-0.47307252883911133,0.3513476848602295
8,mse,32,0,2,0.7896132469177246,0.48623955249786377
8,mse,32,0,3,-0.0443713515996933,-0.1666761040687561
8,mse,32,0,4,0.7546061873435974,-0.7697159051895142
8,mse,32,0,5,-0.8039855360984802,-0.05915060639381409
8,mse,32,0,6,0.44827142357826233,-0.1503271609544754
8,mse,32,0,7,0.10222010314464569,0.22401253879070282
8,mse,32,0,8,-0.17472237348556519,0.2891508638858795
8,mse,32,0,9,0.2923995852470398,-0.8340653777122498
8,mse,32,0,10,0.7922532558441162,-0.3078916370868683
8,mse,32,0,11,0.1527126133441925,0.0011196540435776114
8,mse,32,0,12,0.4799019694328308,0.8066525459289551
8,mse,32,0,13,-0.4400942325592041,0.04848826676607132
8,mse,32,0,14,0.8221610188484192,0.07064187526702881
8,mse,32,0,15,0.42449983954429626,0.10911957919597626
8,mse,32,0,16,-0.843505859375,0.3601878583431244
8,mse,32,0,17,-0.09523529559373856,-0.8383244276046753
8,mse,32,0,18,0.36372023820877075,0.3791331946849823
8,mse,32,0,19,0.09311265498399734,0.5183576345443726
8,mse,32,0,20,-0.18828830122947693,-0.43702349066734314
8,mse,32,0,21,0.08052689582109451,-0.4965623915195465
8,mse,32,0,22,0.178911492228508,-0.23524628579616547
8,mse,32,0,23,-0.2804178297519684,-0.1608559489250183
8,mse,32,0,24,-0.5054044127464294,-0.32304662466049194
8,mse,32,0,25,0.3960789442062378,-0.4573602080345154
8,mse,32,0,26,-0.44688132405281067,-0.7666444778442383
8,mse,32,0,27,-0.6104192733764648,0.8249502778053284
8,mse,32,0,28,-0.010592354461550713,0.8890454769134521
8,mse,32,0,29,-0.12634329497814178,0.055592961609363556
8,mse,32,0,30,-0.8592171669006348,-0.5498939752578735
8,mse,32,0,31,-0.23615188896656036,0.5866202712059021
8,mse,64,0,0,0.0,0.0
8,mse,64,0,1,-0.5177515745162964,0.34120771288871765
8,mse,64,0,2,0.4640299677848816,0.5824963450431824
8,mse,64,0,3,-0.11767284572124481,-0.20156711339950562
8,mse,64,0,4,0.9237691164016724,-0.7304164171218872
8,mse,64,0,5,-0.8889150023460388,-0.22550038993358612
8,mse,64,0,6,0.42646390199661255,-0.220469132065773
8,mse,64,0,7,-0.010187040083110332,0.2383725494146347
8,mse,64,0,8,-0.2177821397781372,0.34517523646354675
8,mse,64,0,9,0.24997073411941528,-0.9076970815658569
8,mse,64,0,10,0.6141102313995361,-0.4946548044681549
8,mse,64,0,11,0.13721933960914612,-0.039683856070041656
8,mse,64,0,12,0.5028064846992493,0.8824602365493774
8,mse,64,0,13,-0.5446396470069885,0.09521820396184921
8,mse,64,0,14,0.936019778251648,-0.24166558682918549
8,mse,64,0,15,0.4724179804325104,0.15389734506607056
8,mse,64,0,16,-0.902350664138794,0.8233146667480469
8,mse,64,0,17,-0.0008616275154054165,-0.880717396736145
8,mse,64,0,18,0.36878907680511475,0.3192005157470703
8,mse,64,0,19,0.12390512973070145,0.6495057940483093
8,mse,64,0,20,-0.20771443843841553,-0.351913183927536
8,mse,64,0,21,0.33890238404273987,-0.6197085976600647
8,mse,64,0,22,0.14281408488750458,-0.3515063226222992
8,mse,64,0,23,-0.2870325446128845,-0.13874781131744385
8,mse,64,0,24,-0.4019090533256531,-0.277004212141037
8,mse,64,0,25,0.3447192311286926,-0.4032459557056427
8,mse,64,0,26,-0.5189315676689148,-0.9248334765434265
8,mse,64,0,27,-0.6630972623825073,0.5559659600257874
8,mse,64,0,28,-0.15064890682697296,0.922762930393219
8,mse,64,0,29,-0.30061206221580505,0.02233116328716278
8,mse,64,0,30,-0.8877848982810974,-0.8823227286338806
8,mse,64,0,31,-0.3617802858352661,0.5481976866722107
8,mse,64,0,32,-0.8408498764038086,0.04773756116628647
8,mse,64,0,33,-0.14636898040771484,-0.6093126535415649
8,mse,64,0,34,-0.024172473698854446,0.4327945411205292
8,mse,64,0,35,0.5556314587593079,-0.8867045640945435
8,mse,64,0,36,0.32570990920066833,-0.015277809463441372
8,mse,64,0,37,0.9412615299224854,0.20242567360401154
8,mse,64,0,38,0.21510432660579681,0.12673722207546234
8,mse,64,0,39,-0.3484266698360443,0.19695399701595306
8,mse,64,0,40,-0.14982293546199799,0.6252062320709229
8,mse,64,0,41,0.6490830779075623,-0.24170474708080292
8,mse,64,0,42,0.02509305253624916,0.06677726656198502
8,mse,64,0,43,0.09746471047401428,-0.5897118449211121
8,mse,64,0,44,-0.22187268733978271,-0.9196363091468811
8,mse,64,0,45,0.03665918856859207,-0.16715671122074127
8,mse,64,0,46,0.8875278234481812,0.7190831303596497
8,mse,64,0,47,-0.890609085559845,0.3324005603790283
8,mse,64,0,48,0.5178323984146118,-0.03422095254063606
8,mse,64,0,49,0.20356084406375885,0.45380929112434387
8,mse,64,0,50,-0.8880747556686401,-0.5309538841247559
8,mse,64,0,51,0.17556209862232208,0.9159534573554993
8,mse,64,0,52,-0.6054084897041321,-0.38740792870521545
8,mse,64,0,53,0.743583083152771,0.03475331887602806
8,mse,64,0,54,-0.155061736702919,0.14476735889911652
8,mse,64,0,55,-0.10725812613964081,-0.030944736674427986
8,mse,64,0,56,0.22848619520664215,-0.1900828331708908
8,mse,64,0,57,-0.47827640175819397,-0.6540776491165161
8,mse,64,0,58,0.15650811791419983,0.2795480191707611
8,mse,64,0,59,-0.4799632728099823,0.8777895569801331
8,mse,64,0,60,-0.5490210652351379,-0.11752620339393616
8,mse,64,0,61,0.661845326423645,0.3614181578159332
8,mse,64,0,62,-0.3362678587436676,-0.49863654375076294
8,mse,64,0,63,-0.03005245327949524,-0.395704984664917
8,mse,128,0,0,0.0,0.0
8,mse,128,0,1,-0.5577228665351868,0.5008671283721924
8,mse,128,0,2,0.46564602851867676,0.45295655727386475
8,mse,128,0,3,-0.11468455940485,-0.1498904526233673
8,mse,128,0,4,0.9535828828811646,-0.8797629475593567
8,mse,128,0,5,-0.7784619927406311,-0.2644103169441223
8,mse,128,0,6,0.4354690909385681,-0.20071528851985931
8,mse,128,0,7,0.10933472216129303,0.2567324936389923
8,mse,128,0,8,-0.27312400937080383,0.3347264230251312
8,mse,128,0,9,0.1274779736995697,-0.9532840251922607
8,mse,128,0,10,0.7424226403236389,-0.6048800945281982
8,mse,128,0,11,0.19827911257743835,-0.04344542697072029
8,mse,128,0,12,0.4814411699771881,0.658067524433136
8,mse,128,0,13,-0.5640760660171509,0.14157183468341827
8,mse,128,0,14,0.7351512908935547,-0.14630232751369476
8,mse,128,0,15,0.41742801666259766,0.14524085819721222
8,mse,128,0,16,-0.9483687281608582,0.8916018009185791
8,mse,128,0,17,-0.08560533076524734,-0.9677485823631287
8,mse,128,0,18,0.3940250873565674,0.2980808615684509
8,mse,128,0,19,-0.00013851952098775655,0.656183660030365
8,mse,128,0,20,-0.18342553079128265,-0.39059990644454956
8,mse,128,0,21,0.23894216120243073,-0.6113260984420776
8,mse,128,0,22,0.12987428903579712,-0.25117313861846924
8,mse,128,0,23,-0.2851465344429016,-0.140640988945961
8,mse,128,0,24,-0.3021056652069092,-0.2801923155784607
8,mse,128,0,25,0.42116451263427734,-0.5344647765159607
8,mse,128,0,26,-0.41565924882888794,-0.9522756934165955
8,mse,128,0,27,-0.6753368377685547,0.6914722323417664
8,mse,128,0,28,-0.18734897673130035,0.9568566679954529
8,mse,128,0,29,-0.22177428007125854,-0.0449313186109066
8,mse,128,0,30,-0.9454604387283325,-0.9451194405555725
8,mse,128,0,31,-0.2760893702507019,0.5150585770606995
8,mse,128,0,32,-0.9449683427810669,0.28626906871795654
8,mse,128,0,33,-0.10632438212633133,-0.7362185120582581
8,mse,128,0,34,-0.007364586926996708,0.464432954788208
8,mse,128,0,35,0.6366857290267944,-0.9291518926620483
8,mse,128,0,36,0.3219805955886841,0.04838240519165993
8,mse,128,0,37,0.9713030457496643,0.310645192861557
8,mse,128,0,38,0.2026149481534958,0.07872435450553894
8,mse,128,0,39,-0.34991654753685,0.21232527494430542
8,mse,128,0,40,-0.19178125262260437,0.7109226584434509
8,mse,128,0,41,0.7399828433990479,-0.3225526809692383
8,mse,128,0,42,0.09029807895421982,0.019143415614962578
8,mse,128,0,43,0.08841779828071594,-0.7162953019142151
8,mse,128,0,44,-0.2507179379463196,-0.8987398743629456
8,mse,128,0,45,-0.0024507243651896715,-0.19957669079303741
8,mse,128,0,46,0.9575623869895935,0.6144312620162964
8,mse,128,0,47,-0.942615807056427,0.5607072710990906
8,mse,128,0,48,0.45254385471343994,-0.01633448712527752
8,mse,128,0,49,0.1518312692642212,0.5291868448257446
8,mse,128,0,50,-0.6274420619010925,-0.9365785717964172
8,mse,128,0,51,0.25470539927482605,0.959205687046051
8,mse,128,0,52,-0.6707556843757629,-0.6426680088043213
8,mse,128,0,53,0.7522567510604858,0.030405402183532715
8,mse,128,0,54,-0.14094629883766174,0.08015850186347961
8,mse,128,0,55,-0.10429258644580841,-0.03852947801351547
8,mse,128,0,56,0.19254736602306366,-0.3526115417480469
8,mse,128,0,57,-0.4374605119228363,-0.7406855821609497
8,mse,128,0,58,0.11009315401315689,0.3869624435901642
8,mse,128,0,59,-0.40942955017089844,0.9343385100364685
8,mse,128,0,60,-0.5160093307495117,-0.04442499205470085
8,mse,128,0,61,0.611714243888855,0.399198442697525
8,mse,128,0,62,-0.3201380670070648,-0.45342516899108887
8,mse,128,0,63,-0.05410386621952057,-0.4272472560405731
8,mse,128,0,64,-0.9398139119148254,-0.14764848351478577
8,mse,128,0,65,0.24780692160129547,0.35595449805259705
8,mse,128,0,66,0.15753884613513947,0.7056534886360168
8,mse,128,0,67,0.9558148384094238,-0.14915011823177338
8,mse,128,0,68,-0.35872384905815125,-0.0247175432741642
8,mse,128,0,69,0.3615107834339142,-0.9597761034965515
8,mse,128,0,70,0.2669338583946228,-0.47076717019081116
8,mse,128,0,71,0.222035214304924,-0.16523578763008118
8,mse,128,0,72,0.5804533362388611,-0.45403584837913513
8,mse,128,0,73,0.9549390077590942,-0.43625178933143616
8,mse,128,0,74,-0.7198379635810852,0.21937859058380127
8,mse,128,0,75,0.31711289286613464,0.5111615657806396
8,mse,128,0,76,-0.14204348623752594,0.3800405263900757
8,mse,128,0,77,0.9518521428108215,0.08892890065908432
8,mse,128,0,78,-0.9681212306022644,-0.37591978907585144
8,mse,128,0,79,0.8997092247009277,0.9262084364891052
8,mse,128,0,80,0.7764638066291809,0.4547179937362671
8,mse,128,0,81,-0.6662100553512573,-0.12288470566272736
8,mse,128,0,82,0.25432124733924866,0.20086558163166046
8,mse,128,0,83,-0.7310091257095337,0.030724436044692993
8,mse,128,0,84,-0.0364178791642189,0.29363298416137695
8,mse,128,0,85,0.3051704466342926,-0.24437560141086578
8,mse,128,0,86,0.6764975786209106,0.6663441061973572
8,mse,128,0,87,-0.9359255433082581,-0.6208818554878235
8,mse,128,0,88,-0.7393725514411926,0.4172283113002777
8,mse,128,0,89,0.260396271944046,-0.7843828797340393
8,mse,128,0,90,0.5753377079963684,-0.09993401914834976
8,mse,128,0,91,-0.6241081953048706,0.957974910736084
8,mse,128,0,92,-0.4203460216522217,0.09245632588863373
8,mse,128,0,93,0.10138802975416183,0.14008012413978577
8,mse,128,0,94,-0.4259389638900757,-0.17777352035045624
8,mse,128,0,95,-0.5716596841812134,-0.25250479578971863
8,mse,128,0,96,-0.28476738929748535,-0.6380612254142761
8,mse,128,0,97,-0.09290430694818497,-0.2904353439807892
8,mse,128,0,98,0.010874366387724876,-0.07464616745710373
8,mse,128,0,99,-0.1940043568611145,-0.23376108705997467
8,mse,128,0,100,-0.021337896585464478,0.04743967205286026
8,mse,128,0,101,-0.3935617208480835,0.6878950595855713
8,mse,128,0,102,-0.16315464675426483,-0.5467883944511414
8,mse,128,0,103,-0.42514196038246155,-0.3329872488975525
8,mse,128,0,104,0.4615478515625,-0.7213985323905945
8,mse,128,0,105,-0.4048140347003937,0.4433656930923462
8,mse,128,0,106,-0.029732385650277138,0.16573528945446014
8,mse,128,0,107,0.10709048062562943,-0.12687675654888153
8,mse,128,0,108,0.11183931678533554,-0.4774879813194275
8,mse,128,0,109,-0.5011436343193054,0.3086683452129364
8,mse,128,0,110,0.04187146946787834,-0.348556250333786
8,mse,128,0,111,-0.1800013780593872,0.216001957654953
8,mse,128,0,112,-0.12699097394943237,0.5416935086250305
8,mse,128,0,113,0.5248746871948242,0.9388545155525208
8,mse,128,0,114,0.03286346048116684,0.9134721755981445
8,mse,128,0,115,-0.5546430349349976,-0.42569562792778015
8,mse,128,0,116,-0.00047965600970201194,-0.5729020237922668
8,mse,128,0,117,0.5821617245674133,0.08024146407842636
8,mse,128,0,118,0.38241514563560486,-0.36484456062316895
8,mse,128,0,119,-0.261628657579422,0.08377481251955032
8,mse,128,0,120,-0.9542818069458008,0.053477801382541656
8,mse,128,0,121,-0.4466896653175354,-0.5473953485488892
8,mse,128,0,122,-0.731985867023468,-0.43899545073509216
8,mse,128,0,123,0.5678596496582031,0.24049481749534607
8,mse,128,0,124,0.5541755557060242,-0.28442829847335815
8,mse,128,0,125,0.7715739011764526,0.23895233869552612
8,mse,128,0,126,0.3308722972869873,0.7405369281768799
8,mse,128,0,127,0.32950571179389954,-0.08281679451465607
8,polar_8x8_sqrt,64,0,0,0.0,0.0
8,polar_8x8_sqrt,64,0,1,-1.0,-8.742277657347586e-08
8,polar_8x8_sqrt,64,0,2,-0.9258201122283936,-8.093776671103114e-08
8,polar_8x8_sqrt,64,0,3,-0.8451542854309082,-7.388573664002251e-08
8,polar_8x8_sqrt,64,0,4,-0.7559289336204529,-6.608540559227549e-08
8,polar_8x8_sqrt,64,0,5,-0.7071067690849304,0.7071067690849304
8,polar_8x8_sqrt,64,0,6,-0.7071066498756409,-0.70710688829422
8,polar_8x8_sqrt,64,0,7,-0.6546536684036255,-5.723164164805894e-08
8,polar_8x8_sqrt,64,0,8,-0.6546536684036255,0.6546536684036255
8,polar_8x8_sqrt,64,0,9,-0.6546535491943359,-0.654653787612915
8,polar_8x8_sqrt,64,0,10,-0.5976142883300781,0.5976142883300781
8,polar_8x8_sqrt,64,0,11,-0.5976142287254333,-0.5976144075393677
8,polar_8x8_sqrt,64,0,12,-0.5345224738121033,-4.672943987316103e-08
8,polar_8x8_sqrt,64,0,13,-0.5345224738121033,0.5345224738121033
8,polar_8x8_sqrt,64,0,14,-0.5345223546028137,-0.534522533416748
8,polar_8x8_sqrt,64,0,15,-0.4629100263118744,0.4629100263118744
8,polar_8x8_sqrt,64,0,16,-0.4629099667072296,-0.46291011571884155
8,polar_8x8_sqrt,64,0,17,-0.37796446681022644,-3.3042702796137746e-08
8,polar_8x8_sqrt,64,0,18,-0.37796446681022644,0.37796446681022644
8,polar_8x8_sqrt,64,0,19,-0.37796440720558167,-0.3779645264148712
8,polar_8x8_sqrt,64,0,20,-0.26726123690605164,0.26726123690605164
8,polar_8x8_sqrt,64,0,21,-0.26726117730140686,-0.267261266708374
8,polar_8x8_sqrt,64,0,22,-4.371138828673793e-08,1.0
8,polar_8x8_sqrt,64,0,23,-4.046888335551557e-08,0.9258201122283936
8,polar_8x8_sqrt,64,0,24,-3.694286832001126e-08,0.8451542854309082
8,polar_8x8_sqrt,64,0,25,-3.3042702796137746e-08,0.7559289336204529
8,polar_8x8_sqrt,64,0,26,-2.861582082402947e-08,0.6546536684036255
8,polar_8x8_sqrt,64,0,27,-2.3364719936580514e-08,0.5345224738121033
8,polar_8x8_sqrt,64,0,28,-1.6521351398068873e-08,0.37796446681022644
8,polar_8x8_sqrt,64,0,29,4.507181294854945e-09,-0.37796446681022644
8,polar_8x8_sqrt,64,0,30,6.3741167899422635e-09,-0.5345224738121033
8,polar_8x8_sqrt,64,0,31,7.806666424414743e-09,-0.6546536684036255
8,polar_8x8_sqrt,64,0,32,9.01436258970989e-09,-0.7559289336204529
8,polar_8x8_sqrt,64,0,33,1.0078363921195432e-08,-0.8451542854309082
8,polar_8x8_sqrt,64,0,34,1.1040294012332197e-08,-0.9258201122283936
8,polar_8x8_sqrt,64,0,35,1.1924880638503055e-08,-1.0
8,polar_8x8_sqrt,64,0,36,0.26726123690605164,0.26726123690605164
8,polar_8x8_sqrt,64,0,37,0.2672613263130188,-0.2672611474990845
8,polar_8x8_sqrt,64,0,38,0.37796446681022644,0.0
8,polar_8x8_sqrt,64,0,39,0.37796446681022644,0.37796446681022644
8,polar_8x8_sqrt,64,0,40,0.377964586019516,-0.3779643177986145
8,polar_8x8_sqrt,64,0,41,0.4629100263118744,0.4629100263118744
8,polar_8x8_sqrt,64,0,42,0.4629102051258087,-0.46290987730026245
8,polar_8x8_sqrt,64,0,43,0.5345224738121033,0.0
8,polar_8x8_sqrt,64,0,44,0.5345224738121033,0.5345224738121033
8,polar_8x8_sqrt,64,0,45,0.5345226526260376,-0.534522294998169
8,polar_8x8_sqrt,64,0,46,0.5976142883300781,0.5976142883300781
8,polar_8x8_sqrt,64,0,47,0.5976145267486572,-0.5976141095161438
8,polar_8x8_sqrt,64,0,48,0.6546536684036255,0.0
8,polar_8x8_sqrt,64,0,49,0.6546536684036255,0.6546536684036255
8,polar_8x8_sqrt,64,0,50,0.6546539068222046,-0.6546534299850464
8,polar_8x8_sqrt,64,0,51,0.7071067690849304,0.7071067690849304
8,polar_8x8_sqrt,64,0,52,0.7071070075035095,-0.7071065306663513
8,polar_8x8_sqrt,64,0,53,0.7559289336204529,0.0
8,polar_8x8_sqrt,64,0,54,0.8451542854309082,0.0
8,polar_8x8_sqrt,64,0,55,0.9258201122283936,0.0
8,polar_8x8_sqrt,64,0,56,1.0,0.0
8,polar_16x4_uniform,64,0,0,0.0,0.0
8,polar_16x4_uniform,64,0,1,-1.0,-8.742277657347586e-08
8,polar_16x4_uniform,64,0,2,-0.9238796234130859,0.38268327713012695
8,polar_16x4_uniform,64,0,3,-0.9238795042037964,-0.3826834559440613
8,polar_16x4_uniform,64,0,4,-0.7071067690849304,0.7071067690849304
8,polar_16x4_uniform,64,0,5,-0.7071066498756409,-0.70710688829422
8,polar_16x4_uniform,64,0,6,-0.6666666269302368,-5.828184868050812e-08
8,polar_16x4_uniform,64,0,7,-0.6159197092056274,0.2551221549510956
8,polar_16x4_uniform,64,0,8,-0.6159196496009827,-0.25512227416038513
8,polar_16x4_uniform,64,0,9,-0.471404492855072,0.471404492855072
8,polar_16x4_uniform,64,0,10,-0.47140440344810486,-0.4714045524597168
8,polar_16x4_uniform,64,0,11,-0.38268351554870605,0.9238795042037964
8,polar_16x4_uniform,64,0,12,-0.382683128118515,-0.9238796830177307
8,polar_16x4_uniform,64,0,13,-0.3333333432674408,-2.91409261166109e-08
8,polar_16x4_uniform,64,0,14,-0.3079598844051361,0.12756109237670898
8,polar_16x4_uniform,64,0,15,-0.3079598546028137,-0.12756115198135376
8,polar_16x4_uniform,64,0,16,-0.2551223337650299,0.6159196496009827
8,polar_16x4_uniform,64,0,17,-0.2551220655441284,-0.6159197688102722
8,polar_16x4_uniform,64,0,18,-0.2357022613286972,0.2357022613286972
8,polar_16x4_uniform,64,0,19,-0.23570221662521362,-0.2357023060321808
8,polar_16x4_uniform,64,0,20,-0.12756118178367615,0.3079598546028137
8,polar_16x4_uniform,64,0,21,-0.1275610476732254,-0.3079599142074585
8,polar_16x4_uniform,64,0,22,-4.371138828673793e-08,1.0
8,polar_16x4_uniform,64,0,23,-2.914092434025406e-08,0.6666666269302368
8,polar_16x4_uniform,64,0,24,-1.457046305830545e-08,0.3333333432674408
8,polar_16x4_uniform,64,0,25,3.974960360864088e-09,-0.3333333432674408
8,polar_16x4_uniform,64,0,26,7.949919833549757e-09,-0.6666666269302368
8,polar_16x4_uniform,64,0,27,1.1924880638503055e-08,-1.0
8,polar_16x4_uniform,64,0,28,0.12756115198135376,0.3079598546028137
8,polar_16x4_uniform,64,0,29,0.12756121158599854,-0.30795982480049133
8,polar_16x4_uniform,64,0,30,0.2357022613286972,0.2357022613286972
8,polar_16x4_uniform,64,0,31,0.23570233583450317,-0.23570218682289124
8,polar_16x4_uniform,64,0,32,0.25512227416038513,0.6159196496009827
8,polar_16x4_uniform,64,0,33,0.2551223933696747,-0.6159195899963379
8,polar_16x4_uniform,64,0,34,0.3079598546028137,-0.12756115198135376
8,polar_16x4_uniform,64,0,35,0.3079598546028137,0.12756115198135376
8,polar_16x4_uniform,64,0,36,0.3333333432674408,0.0
8,polar_16x4_uniform,64,0,37,0.3826834261417389,0.9238795638084412
8,polar_16x4_uniform,64,0,38,0.3826836049556732,-0.9238794445991516
8,polar_16x4_uniform,64,0,39,0.471404492855072,0.471404492855072
8,polar_16x4_uniform,64,0,40,0.47140464186668396,-0.4714043140411377
8,polar_16x4_uniform,64,0,41,0.6159196496009827,-0.25512227416038513
8,polar_16x4_uniform,64,0,42,0.6159196496009827,0.25512227416038513
8,polar_16x4_uniform,64,0,43,0.6666666269302368,0.0
8,polar_16x4_uniform,64,0,44,0.7071067690849304,0.7071067690849304
8,polar_16x4_uniform,64,0,45,0.7071070075035095,-0.7071065306663513
8,polar_16x4_uniform,64,0,46,0.9238795042037964,0.3826834559440613
8,polar_16x4_uniform,64,0,47,0.9238795638084412,-0.3826834261417389
8,polar_16x4_uniform,64,0,48,1.0,0.0
8,polar_32x2_log,64,0,0,0.0,0.0
8,polar_32x2_log,64,0,1,-0.009999999776482582,-8.742277457507441e-10
8,polar_32x2_log,64,0,2,-0.009807853028178215,0.0019509030971676111
8,polar_32x2_log,64,0,3,-0.00980785209685564,-0.0019509048433974385
8,polar_32x2_log,64,0,4,-0.009238796308636665,0.0038268326316028833
8,polar_32x2_log,64,0,5,-0.009238794445991516,-0.0038268344942480326
8,polar_32x2_log,64,0,6,-0.00831469614058733,0.005555701907724142
8,polar_32x2_log,64,0,7,-0.008314695209264755,-0.005555702839046717
8,polar_32x2_log,64,0,8,-0.007071067579090595,0.007071067579090595
8,polar_32x2_log,64,0,9,-0.007071066182106733,-0.00707106851041317
8,polar_32x2_log,64,0,10,-0.005555703304708004,0.008314695209264755
8,polar_32x2_log,64,0,11,-0.005555700045078993,-0.008314698003232479
8,polar_32x2_log,64,0,12,-0.00382683495990932,0.009238794445991516
8,polar_32x2_log,64,0,13,-0.0038268312346190214,-0.009238796308636665
8,polar_32x2_log,64,0,14,-0.001950903795659542,-0.00980785209685564
8,polar_32x2_log,64,0,15,-0.001950903213582933,0.009807853028178215
8,polar_32x2_log,64,0,16,-4.3711387287537207e-10,0.009999999776482582
8,polar_32x2_log,64,0,17,1.1924880527480752e-10,-0.009999999776482582
8,polar_32x2_log,64,0,18,0.0019509022822603583,0.009807853028178215
8,polar_32x2_log,64,0,19,0.0019509041449055076,-0.00980785209685564
8,polar_32x2_log,64,0,20,0.003826834261417389,0.00923879537731409
8,polar_32x2_log,64,0,21,0.0038268358912318945,-0.009238794445991516
8,polar_32x2_log,64,0,22,0.005555701907724142,0.00831469614058733
8,polar_32x2_log,64,0,23,0.005555704236030579,-0.00831469427794218
8,polar_32x2_log,64,0,24,0.007071067579090595,0.007071067579090595
8,polar_32x2_log,64,0,25,0.007071069907397032,-0.007071065250784159
8,polar_32x2_log,64,0,26,0.00831469614058733,-0.005555702839046717
8,polar_32x2_log,64,0,27,0.00831469614058733,0.005555702373385429
8,polar_32x2_log,64,0,28,0.009238794445991516,0.0038268344942480326
8,polar_32x2_log,64,0,29,0.00923879537731409,-0.003826834261417389
8,polar_32x2_log,64,0,30,0.009807853028178215,-0.0019509022822603583
8,polar_32x2_log,64,0,31,0.009807853028178215,0.001950903213582933
8,polar_32x2_log,64,0,32,0.009999999776482582,0.0
8,perdim_mse,64,0,0,0.0,0.0
8,perdim_mse,64,0,1,-0.5279008150100708,0.3337361514568329
8,perdim_mse,64,0,2,0.3888276219367981,0.4304330050945282
8,perdim_mse,64,0,3,-0.16399168968200684,-0.18888825178146362
8,perdim_mse,64,0,4,0.9007554650306702,-0.8316785097122192
8,perdim_mse,64,0,5,-0.9184206128120422,-0.26993507146835327
8,perdim_mse,64,0,6,0.42151135206222534,-0.24280782043933868
8,perdim_mse,64,0,7,0.08431585133075714,0.2509532868862152
8,perdim_mse,64,0,8,-0.2677924335002899,0.3341101408004761
8,perdim_mse,64,0,9,0.16445370018482208,-0.8836052417755127
8,perdim_mse,64,0,10,0.5930935740470886,-0.5599042773246765
8,perdim_mse,64,0,11,0.13560153543949127,-0.05692955479025841
8,perdim_mse,64,0,12,0.5421835780143738,0.9399539828300476
8,perdim_mse,64,0,13,-0.4794327914714813,0.11268042773008347
8,perdim_mse,64,0,14,0.9112809896469116,-0.10548952966928482
8,perdim_mse,64,0,15,0.5026533007621765,0.19664014875888824
8,perdim_mse,64,0,16,-0.9024976491928101,0.8281580805778503
8,perdim_mse,64,0,17,-0.13028137385845184,-0.9355725049972534
8,perdim_mse,64,0,18,0.29026785492897034,0.24781954288482666
8,perdim_mse,64,0,19,0.1581825166940689,0.6330468654632568
8,perdim_mse,64,0,20,-0.1794530600309372,-0.3872157633304596
8,perdim_mse,64,0,21,0.2792209982872009,-0.6227211952209473
8,perdim_mse,64,0,22,0.1391543298959732,-0.2313430905342102
8,perdim_mse,64,0,23,-0.34343358874320984,-0.201166033744812
8,perdim_mse,64,0,24,-0.44586947560310364,-0.34522557258605957
8,perdim_mse,64,0,25,0.40945935249328613,-0.4263415038585663
8,perdim_mse,64,0,26,-0.5067102313041687,-0.936805248260498
8,perdim_mse,64,0,27,-0.649225652217865,0.5610676407814026
8,perdim_mse,64,0,28,-0.17251001298427582,0.9321868419647217
8,perdim_mse,64,0,29,-0.3100857436656952,-0.026065532118082047
8,perdim_mse,64,0,30,-0.8815887570381165,-0.7113202214241028
8,perdim_mse,64,0,31,-0.32494017481803894,0.5644633173942566
8,perdim_mse,64,0,32,-0.8121926784515381,0.05714159831404686
8,perdim_mse,64,0,33,-0.1140279620885849,-0.6567750573158264
8,perdim_mse,64,0,34,-0.05859961360692978,0.4238467812538147
8,perdim_mse,64,0,35,0.4868255853652954,-0.8937146663665771
8,perdim_mse,64,0,36,0.3291902244091034,0.030010785907506943
8,perdim_mse,64,0,37,0.9385412335395813,0.21685363352298737
8,perdim_mse,64,0,38,0.17285659909248352,0.10354980826377869
8,perdim_mse,64,0,39,0.16273733973503113,0.42591291666030884
8,perdim_mse,64,0,40,-0.09431891143321991,0.6483870148658752
8,perdim_mse,64,0,41,0.6453456878662109,-0.2601199746131897
8,perdim_mse,64,0,42,0.009546000510454178,0.05950065329670906
8,perdim_mse,64,0,43,0.04947715625166893,-0.5378413200378418
8,perdim_mse,64,0,44,-0.08874532580375671,0.21407827734947205
8,perdim_mse,64,0,45,-0.010334279388189316,-0.13483065366744995
8,perdim_mse,64,0,46,0.9052175879478455,0.7213419675827026
8,perdim_mse,64,0,47,-0.9054985046386719,0.3398062288761139
8,perdim_mse,64,0,48,-0.25517454743385315,0.14462777972221375
8,perdim_mse,64,0,49,0.4855790436267853,0.6600217819213867
8,perdim_mse,64,0,50,0.2826510965824127,-0.15107889473438263
8,perdim_mse,64,0,51,0.1685992181301117,0.9087704420089722
8,perdim_mse,64,0,52,-0.6412959694862366,-0.4455869495868683
8,perdim_mse,64,0,53,0.7074281573295593,0.056620042771101
8,perdim_mse,64,0,54,0.9138882160186768,-0.419444739818573
8,perdim_mse,64,0,55,-0.1334122270345688,-0.00041619231342338026
8,perdim_mse,64,0,56,0.2093103528022766,-0.3922897279262543
8,perdim_mse,64,0,57,-0.4075874388217926,-0.6850121021270752
8,perdim_mse,64,0,58,0.5004279017448425,-0.03985049948096275
8,perdim_mse,64,0,59,-0.4880297780036926,0.8769331574440002
8,perdim_mse,64,0,60,-0.5715720057487488,-0.12306241691112518
8,perdim_mse,64,0,61,0.6869432926177979,0.40688738226890564
8,perdim_mse,64,0,62,-0.3114268183708191,-0.5141524076461792
8,perdim_mse,64,0,63,-0.00807149801403284,-0.33708685636520386
8,pca_transform,64,0,0,0.28187820315361023,-0.9594501852989197
8,pca_transform,64,0,1,-0.9594501852989197,-0.28187820315361023
8,pca_transform,64,1,0,0.28187820315361023,-0.9594501852989197
8,pca_transform,64,1,1,-0.9594501852989197,-0.28187820315361023
8,pca_mse,64,0,0,0.0,0.0
8,pca_mse,64,0,1,-0.47331464290618896,0.4005777835845947
8,pca_mse,64,0,2,-0.42807626724243164,-0.6094066500663757
8,pca_mse,64,0,3,0.16022418439388275,0.16971862316131592
8,pca_mse,64,0,4,0.961188554763794,-0.6804219484329224
8,pca_mse,64,0,5,-0.03420935571193695,0.9164332747459412
8,pca_mse,64,0,6,0.33174005150794983,-0.34702542424201965
8,pca_mse,64,0,7,-0.23157811164855957,-0.05741807445883751
8,pca_mse,64,0,8,-0.3925664722919464,0.11165374517440796
8,pca_mse,64,0,9,0.9413513541221619,0.016025541350245476
8,pca_mse,64,0,10,0.6477009654045105,-0.449775755405426
8,pca_mse,64,0,11,0.07675382494926453,-0.1204691007733345
8,pca_mse,64,0,12,-0.7049463391304016,-0.7311640381813049
8,pca_mse,64,0,13,-0.24487918615341187,0.4957146942615509
8,pca_mse,64,0,14,0.4957096576690674,-0.8299441337585449
8,pca_mse,64,0,15,-0.014492493122816086,-0.4966418743133545
8,pca_mse,64,0,16,-1.0442824363708496,0.6336861252784729
8,pca_mse,64,0,17,0.8447615504264832,0.24908173084259033
8,pca_mse,64,0,18,-0.20230340957641602,-0.4438104033470154
8,pca_mse,64,0,19,-0.5882422924041748,-0.301962286233902
8,pca_mse,64,0,20,0.2790929973125458,0.2984883189201355
8,pca_mse,64,0,21,0.6901087760925293,-0.15047764778137207
8,pca_mse,64,0,22,0.3775089979171753,-0.03794102743268013
8,pca_mse,64,0,23,0.052213404327631,0.31450340151786804
8,pca_mse,64,0,24,0.15248234570026398,0.463693231344223
8,pca_mse,64,0,25,0.4840632379055023,-0.21707464754581451
8,pca_mse,64,0,26,0.7410561442375183,0.7585793733596802
8,pca_mse,64,0,27,-0.7203342914581299,0.47949403524398804
8,pca_mse,64,0,28,-0.9278096556663513,-0.11556664109230042
8,pca_mse,64,0,29,-0.10616162419319153,0.28212764859199524
8,pca_mse,64,0,30,0.5962974429130554,1.10049307346344
8,pca_mse,64,0,31,-0.6279463171958923,0.19258520007133484
8,pca_mse,64,0,32,-0.28281906247138977,0.7932974100112915
8,pca_mse,64,0,33,0.5433469414710999,0.31218570470809937
8,pca_mse,64,0,34,-0.42205849289894104,-0.0988030657172203
8,pca_mse,64,0,35,1.0073693990707397,-0.28315797448158264
8,pca_mse,64,0,36,0.10646882653236389,-0.30819594860076904
8,pca_mse,64,0,37,0.07110375910997391,-0.9601529240608215
8,pca_mse,64,0,38,-0.060964833945035934,-0.2421063631772995
8,pca_mse,64,0,39,-0.28718143701553345,0.278780996799469
8,pca_mse,64,0,40,-0.6420860290527344,-0.032484352588653564
8,pca_mse,64,0,41,0.41486603021621704,-0.5546315312385559
8,pca_mse,64,0,42,-0.05699628219008446,-0.04289859160780907
8,pca_mse,64,0,43,0.59327232837677,0.07271437346935272
8,pca_mse,64,0,44,0.8198042511940002,0.47210127115249634
8,pca_mse,64,0,45,0.1707119643688202,0.011945166625082493
8,pca_mse,64,0,46,-0.4397496283054352,-1.0542325973510742
8,pca_mse,64,0,47,-0.569965124130249,0.7607986330986023
8,pca_mse,64,0,48,0.17879897356033325,-0.48718827962875366
8,pca_mse,64,0,49,-0.37802809476852417,-0.3232254683971405
8,pca_mse,64,0,50,0.25909486413002014,1.001727819442749
8,pca_mse,64,0,51,-0.8293245434761047,-0.4266304075717926
8,pca_mse,64,0,52,0.2010471522808075,0.6900611519813538
8,pca_mse,64,0,53,0.17625579237937927,-0.7232271432876587
8,pca_mse,64,0,54,-0.1826055943965912,0.10796725749969482
8,pca_mse,64,0,55,-0.0005437942454591393,0.11163148283958435
8,pca_mse,64,0,56,0.24678030610084534,-0.1656409204006195
8,pca_mse,64,0,57,0.4927392303943634,0.6432525515556335
8,pca_mse,64,0,58,-0.2240961641073227,-0.22896024584770203
8,pca_mse,64,0,59,-0.9774866104125977,0.2130710929632187
8,pca_mse,64,0,60,-0.0419965460896492,0.5598865151405334
8,pca_mse,64,0,61,-0.16020292043685913,-0.7368835210800171
8,pca_mse,64,0,62,0.38363033533096313,0.463187038898468
8,pca_mse,64,0,63,0.37118807435035706,0.14037445187568665
8,spectral_mse,64,0,0,0.0,0.0
8,spectral_mse,64,0,1,-0.36140698194503784,0.03145993500947952
8,spectral_mse,64,0,2,0.4485483467578888,-0.3085442781448364
8,spectral_mse,64,0,3,0.13688886165618896,0.688550591468811
8,spectral_mse,64,0,4,0.241588294506073,-0.9325247406959534
8,spectral_mse,64,0,5,-0.2087814062833786,0.3853450417518616
8,spectral_mse,64,0,6,-0.28615567088127136,-0.556542694568634
8,spectral_mse,64,0,7,-0.4663099944591522,0.7292719483375549
8,spectral_mse,64,0,8,0.9631428718566895,-0.35011380910873413
8,spectral_mse,64,0,9,0.25490492582321167,0.19510677456855774
8,spectral_mse,64,0,10,-0.9110286831855774,0.09061349928379059
8,spectral_mse,64,0,11,-0.1535647213459015,0.6135038137435913
8,spectral_mse,64,0,12,-0.02369621768593788,0.08726614713668823
8,spectral_mse,64,0,13,0.11779528111219406,0.11969580501317978
8,spectral_mse,64,0,14,-0.5641310811042786,-0.4887580871582031
8,spectral_mse,64,0,15,0.24948710203170776,-0.32594868540763855
8,spectral_mse,64,0,16,0.9548688530921936,0.9284940361976624
8,spectral_mse,64,0,17,0.05293308198451996,-0.35134151577949524
8,spectral_mse,64,0,18,-0.6013935804367065,-0.18428097665309906
8,spectral_mse,64,0,19,-0.14344368875026703,0.20771361887454987
8,spectral_mse,64,0,20,0.9678131341934204,0.03465214744210243
8,spectral_mse,64,0,21,-0.5720973610877991,0.05093129724264145
8,spectral_mse,64,0,22,-0.9235864281654358,-0.2925720512866974
8,spectral_mse,64,0,23,-0.4056413173675537,0.4604971408843994
8,spectral_mse,64,0,24,0.6041449308395386,0.5012875199317932
8,spectral_mse,64,0,25,0.11197443306446075,0.9575492739677429
8,spectral_mse,64,0,26,0.36303332448005676,0.03728242963552475
8,spectral_mse,64,0,27,-0.49699389934539795,-0.8648749589920044
8,spectral_mse,64,0,28,0.2908867299556732,-0.13909736275672913
8,spectral_mse,64,0,29,-0.3357977867126465,-0.314299613237381
8,spectral_mse,64,0,30,-0.03595156967639923,0.35764408111572266
8,spectral_mse,64,0,31,0.16666632890701294,0.34526491165161133
8,spectral_mse,64,0,32,0.9424219131469727,0.44010353088378906
8,spectral_mse,64,0,33,-0.36090850830078125,0.21379134058952332
8,spectral_mse,64,0,34,-0.1454695761203766,-0.8998702764511108
8,spectral_mse,64,0,35,-0.05699169263243675,-0.04246481508016586
8,spectral_mse,64,0,36,0.05316166952252388,0.5009772181510925
8,spectral_mse,64,0,37,0.6625083684921265,-0.000364592153346166
8,spectral_mse,64,0,38,0.8637511730194092,-0.8439348936080933
8,spectral_mse,64,0,39,-0.8946281671524048,0.661941647529602
8,spectral_mse,64,0,40,-0.031877607107162476,-0.18726012110710144
8,spectral_mse,64,0,41,0.2923011779785156,0.4836384952068329
8,spectral_mse,64,0,42,0.6793553233146667,0.23951631784439087
8,spectral_mse,64,0,43,-0.9204871654510498,-0.8480523824691772
8,spectral_mse,64,0,44,0.20421966910362244,-0.5280201435089111
8,spectral_mse,64,0,45,-0.14485803246498108,-0.3292296826839447
8,spectral_mse,64,0,46,0.04101572930812836,0.23067796230316162
8,spectral_mse,64,0,47,-0.2018924057483673,-0.12984849512577057
8,spectral_mse,64,0,48,0.13623398542404175,-0.19002777338027954
8,spectral_mse,64,0,49,-0.19481205940246582,0.05009150877594948
8,spectral_mse,64,0,50,-0.3814927041530609,-0.13625796139240265
8,spectral_mse,64,0,51,-0.19570717215538025,0.9360556602478027
8,spectral_mse,64,0,52,0.47644999623298645,0.15738186240196228
8,spectral_mse,64,0,53,0.42264801263809204,0.6850283145904541
8,spectral_mse,64,0,54,-0.643136203289032,0.3046267330646515
8,spectral_mse,64,0,55,0.05521780997514725,-0.7004813551902771
8,spectral_mse,64,0,56,0.6777956485748291,-0.24848565459251404
8,spectral_mse,64,0,57,0.4927073121070862,0.9498867392539978
8,spectral_mse,64,0,58,0.21944016218185425,0.016646113246679306
8,spectral_mse,64,0,59,0.0885765329003334,-0.04505389928817749
8,spectral_mse,64,0,60,0.4771970212459564,-0.09972983598709106
8,spectral_mse,64,0,61,0.49184074997901917,-0.578048825263977
8,spectral_mse,64,0,62,0.3994806706905365,0.31437405943870544
8,spectral_mse,64,0,63,-0.06095346435904503,-0.5196782946586609
