seed,update,parameter_id,parameter_name,shape,numel,rank,method,evaluation_scope,pairing,codewords,nominal_bits_per_value,scale,paired_vectors,singleton_values,zero_pair_fraction,codebook_occupied,mean_vector_error,mean_alpha,storage_ratio_vs_fp32_unamortized,persistent_bits_unamortized,shared_codebook_bits,fp32_bits,vector_mean_magnitude_relative_error,vector_mean_direction_cosine,vector_mean_angular_error_deg,vector_small_norm_magnitude_error,vector_large_norm_magnitude_error,residual_relative_l2,residual_cosine,residual_norm_ratio,full_state_raw_relative_l2,full_state_raw_cosine,full_state_raw_norm_ratio,update_relative_l2,update_cosine,update_norm_ratio,evaluation_wall_seconds,source_seed_role,scalar_int3_update_cosine,delta_vs_scalar_int3,structural_int4_update_cosine,exact_polar_relative_l2,exact_polar_cosine,exact_polar_norm_ratio,spectral_danger_diagonal_fraction_error,spectral_danger_cross_fraction_error,spectral_danger_associated_fraction_error,spectral_local_mixing_fraction_error,spectral_medium_mixing_fraction_error,spectral_distant_mixing_fraction_error,spectral_danger_diagonal_energy,spectral_danger_cross_energy,storage_ratio_amortized_global_codebook
1,128,transformer.h.0.attn.c_attn.weight,transformer.h.0.attn.c_attn.weight,"(1152, 384)",442368,4,muon_aware_polar_oracle,seed1_sample,contiguous,57,3.0,p98,221184,0,0.14679181575775146,57,6.833832594566047e-05,0.0004961544764228165,0.1014556884765625,1436184,3648,14155776,0.28615254163742065,0.8315142393112183,22.783166885375977,0.3853108584880829,0.18699602782726288,0.2750294506549835,0.9614381790161133,0.9611111879348755,0.16092988848686218,0.9869672656059265,0.9866790771484375,0.8458091616630554,0.6429990530014038,1.0019360780715942,0.5981040069891606,held_out,0.6783909201622009,-0.03539186716079712,,0.8080118894577026,0.6735610961914062,1.000000238418579,0.0012734179617837071,0.5742586255073547,0.5755320191383362,0.4310026168823242,0.4200190305709839,0.0436740517616272,2.7746198156819446e-06,0.0012512382818385959,0.1017149425688244
1,128,transformer.h.0.attn.c_attn.weight,transformer.h.0.attn.c_attn.weight,"(1152, 384)",442368,8,muon_aware_polar_oracle,seed1_sample,contiguous,57,3.0,p98,221184,0,0.1437310129404068,57,5.813751704408787e-05,0.0004210578044876456,0.10840465404369214,1534552,3648,14155776,0.28220894932746887,0.8343862891197205,22.57701873779297,0.38101229071617126,0.18340736627578735,0.27412092685699463,0.961700439453125,0.9588395953178406,0.1343221366405487,0.9909387826919556,0.9902885556221008,0.7951151728630066,0.6868367195129395,1.009246826171875,0.6642308179871179,held_out,0.7109185457229614,-0.024081826210021973,,0.7507331371307373,0.7182024717330933,1.0000008344650269,0.0013999497750774026,0.5739048719406128,0.5753048062324524,0.4289013147354126,0.41730576753616333,0.04147027060389519,2.1150724478502525e-06,0.0008670670795254409,0.1091612316313244
1,128,transformer.h.0.attn.c_proj.weight,transformer.h.0.attn.c_proj.weight,"(384, 384)",147456,4,muon_aware_polar_oracle,seed1_sample,contiguous,57,3.0,p98,73728,0,0.1051160991191864,57,0.0005540370475500822,0.0040298583917319775,0.10547383626302083,497688,3648,4718592,0.23202858865261078,0.8720995783805847,19.509044647216797,0.4044717848300934,0.05959477648139,0.272221177816391,0.9622344374656677,0.9619846940040588,0.16678638756275177,0.9859960079193115,0.9875752329826355,0.9046149253845215,0.6103989481925964,1.0473353862762451,0.23051710601430386,held_out,0.6370980143547058,-0.026699066162109375,,0.914301335811615,0.582027018070221,1.0000009536743164,0.0011400178773328662,0.5605071187019348,0.5616471767425537,0.339043527841568,0.43703365325927734,0.14652752876281738,3.627832847996615e-05,0.017836792394518852,0.1017149425688244
1,128,transformer.h.0.attn.c_proj.weight,transformer.h.0.attn.c_proj.weight,"(384, 384)",147456,8,muon_aware_polar_oracle,seed1_sample,contiguous,57,3.0,p98,73728,0,0.1009657084941864,57,0.00045598961878567934,0.0033155602868646383,0.11590406629774305,546904,3648,4718592,0.2270047962665558,0.8761804103851318,19.171863555908203,0.39475834369659424,0.05926036462187767,0.2693067789077759,0.9630565643310547,0.9615709781646729,0.13682636618614197,0.9905970692634583,0.9913080930709839,0.8477904796600342,0.6574017405509949,1.0458914041519165,0.23057140500168316,held_out,0.6780316233634949,-0.0206298828125,,0.8657984137535095,0.6251981258392334,0.9999995827674866,0.0013375141425058246,0.5622536540031433,0.5635911822319031,0.3422834277153015,0.43549951910972595,0.14399729669094086,2.8645259590120986e-05,0.012041669338941574,0.1091612316313244
1,128,transformer.h.0.mlp.w1.weight,transformer.h.0.mlp.w1.weight,"(1024, 384)",393216,4,muon_aware_polar_oracle,seed1_sample,contiguous,57,3.0,p98,196608,0,0.1586151123046875,57,0.00011266500223428011,0.0008196511189453304,0.10170682271321614,1279768,3648,12582912,0.3037186563014984,0.819991409778595,23.71151351928711,0.523219108581543,0.08422268182039261,0.31119367480278015,0.9503486752510071,0.950026273727417,0.21559607982635498,0.97649085521698,0.9764028191566467,0.4677383005619049,0.8922766447067261,1.014445185661316,0.5492321279889438,held_out,0.9207537174224854,-0.028477072715759277,,0.4719977080821991,0.888613224029541,1.0000005960464478,0.0,0.0,0.0,0.5994352698326111,0.1940702199935913,0.002182167023420334,0.0,0.0,0.1017149425688244
1,128,transformer.h.0.mlp.w1.weight,transformer.h.0.mlp.w1.weight,"(1024, 384)",393216,8,muon_aware_polar_oracle,seed1_sample,contiguous,57,3.0,p98,196608,0,0.1427815705537796,57,9.940085146808997e-05,0.0007234315271489322,0.10887336730957031,1369944,3648,12582912,0.2855593264102936,0.8353924751281738,22.475448608398438,0.4943324029445648,0.07679048180580139,0.30015379190444946,0.9538984298706055,0.9524747133255005,0.18588753044605255,0.9825781583786011,0.9820064902305603,0.41953030228614807,0.9129836559295654,1.0106139183044434,0.6867344100028276,held_out,0.9332389831542969,-0.020255327224731445,,0.4254140853881836,0.9095165729522705,0.9999998807907104,0.0,0.0,0.0,0.6197323203086853,0.18063673377037048,0.002112638670951128,0.0,0.0,0.1091612316313244
1,128,transformer.h.0.mlp.w2.weight,transformer.h.0.mlp.w2.weight,"(1024, 384)",393216,4,muon_aware_polar_oracle,seed1_sample,contiguous,57,3.0,p98,196608,0,0.1622823029756546,57,0.00011041058314731345,0.0008029600139707327,0.10170682271321614,1279768,3648,12582912,0.30859923362731934,0.8163964152336121,24.005306243896484,0.5337560176849365,0.08344703167676926,0.3131667971611023,0.9496921896934509,0.9497151970863342,0.22338120639324188,0.9747379422187805,0.974776566028595,0.476775586605072,0.8882927894592285,1.016235589981079,0.5534163199772593,held_out,0.9180321097373962,-0.029739320278167725,,0.4790325462818146,0.8852695226669312,0.9999994039535522,0.0,0.0,0.0,0.5999181270599365,0.19240771234035492,0.0011974400840699673,0.0,0.0,0.1017149425688244
1,128,transformer.h.0.mlp.w2.weight,transformer.h.0.mlp.w2.weight,"(1024, 384)",393216,8,muon_aware_polar_oracle,seed1_sample,contiguous,57,3.0,p98,196608,0,0.1469014436006546,57,9.66375446296297e-05,0.0007029366679489613,0.10887336730957031,1369944,3648,12582912,0.2896406948566437,0.8313930630683899,22.7889404296875,0.503350555896759,0.07593530416488647,0.30127274990081787,0.9535374045372009,0.9517104029655457,0.1915711611509323,0.9814857840538025,0.9807683825492859,0.4241425096988678,0.9109038710594177,1.00906240940094,0.5559477210044861,held_out,0.9317583441734314,-0.020854473114013672,,0.4281332492828369,0.9083568453788757,0.9999991059303284,0.0,0.0,0.0,0.6184369921684265,0.17964108288288116,0.0017474271589890122,0.0,0.0,0.1091612316313244
1,512,transformer.h.0.attn.c_attn.weight,transformer.h.0.attn.c_attn.weight,"(1152, 384)",442368,4,muon_aware_polar_oracle,seed1_sample,contiguous,57,3.0,p98,221184,0,0.14267759025096893,57,6.924512854311615e-05,0.0005038290983065963,0.1014556884765625,1436184,3648,14155776,0.280586302280426,0.835482656955719,22.464723587036133,0.3811543881893158,0.1800200492143631,0.27183306217193604,0.9623494148254395,0.9614346623420715,0.15922322869300842,0.9872435927391052,0.987584114074707,0.8856984376907349,0.6131759881973267,1.0137320756912231,0.7098805739951786,held_out,0.6530155539512634,-0.03983956575393677,,0.8477888107299805,0.6406285166740417,1.0,0.0014438980724662542,0.5964752435684204,0.5979191660881042,0.41759192943573,0.42642268538475037,0.05145668983459473,3.250841018598294e-06,0.0013429245445877314,0.1017149425688244
1,512,transformer.h.0.attn.c_attn.weight,transformer.h.0.attn.c_attn.weight,"(1152, 384)",442368,8,muon_aware_polar_oracle,seed1_sample,contiguous,57,3.0,p98,221184,0,0.14050744473934174,57,5.8171626733383164e-05,0.0004233224899508059,0.10840465404369214,1534552,3648,14155776,0.2788754999637604,0.8377134799957275,22.274805068969727,0.3782970905303955,0.17945565283298492,0.27126196026802063,0.962507963180542,0.9611399173736572,0.13081058859825134,0.99140864610672,0.991304337978363,0.8296961784362793,0.6633145809173584,1.0216134786605835,0.6466692220128607,held_out,0.6899741888046265,-0.026659607887268066,,0.7850447297096252,0.6918542385101318,0.9999998807907104,0.0013415445573627949,0.5961610078811646,0.5975025296211243,0.41965508460998535,0.42423221468925476,0.050570063292980194,2.0257089090591762e-06,0.0009001927683129907,0.1091612316313244
1,512,transformer.h.0.attn.c_proj.weight,transformer.h.0.attn.c_proj.weight,"(384, 384)",147456,4,muon_aware_polar_oracle,seed1_sample,contiguous,57,3.0,p98,73728,0,0.1076117604970932,57,0.0005082247080281377,0.0036789460573345423,0.10547383626302083,497688,3648,4718592,0.23615258932113647,0.8695659041404724,19.737375259399414,0.41144296526908875,0.06087179109454155,0.2738321125507355,0.9617785811424255,0.9606239795684814,0.16627825796604156,0.9860799908638,0.9845556020736694,0.949399471282959,0.5728039145469666,1.0518264770507812,0.23460572402109392,held_out,0.6089729070663452,-0.03616899251937866,,0.9539258480072021,0.5450137257575989,0.9999992251396179,0.0013744276948273182,0.581284761428833,0.5826591849327087,0.33504438400268555,0.4381517171859741,0.1467672735452652,3.682172246044502e-05,0.015572959557175636,0.1017149425688244
1,512,transformer.h.0.attn.c_proj.weight,transformer.h.0.attn.c_proj.weight,"(384, 384)",147456,8,muon_aware_polar_oracle,seed1_sample,contiguous,57,3.0,p98,73728,0,0.1011420339345932,57,0.0004110302252229303,0.002988554071635008,0.11590406629774305,546904,3648,4718592,0.2271362990140915,0.8761332631111145,19.159992218017578,0.3947789967060089,0.05950268357992172,0.2707992494106293,0.9626351594924927,0.9604697823524475,0.13468794524669647,0.9908894300460815,0.9898677468299866,0.8907851576805115,0.6258108019828796,1.0560859441757202,0.23804808699060231,held_out,0.6493798494338989,-0.023569047451019287,,0.9015235304832458,0.5936281681060791,1.0000004768371582,0.0012322536204010248,0.5787255764007568,0.5799578428268433,0.3368496298789978,0.4388808012008667,0.14387941360473633,2.166055128327571e-05,0.010172837413847446,0.1091612316313244
1,512,transformer.h.0.mlp.w1.weight,transformer.h.0.mlp.w1.weight,"(1024, 384)",393216,4,muon_aware_polar_oracle,seed1_sample,contiguous,57,3.0,p98,196608,0,0.1394500732421875,57,0.0001250693603651598,0.000913006893824786,0.10170682271321614,1279768,3648,12582912,0.28082001209259033,0.8387057185173035,22.187829971313477,0.48888930678367615,0.07275494188070297,0.29416587948799133,0.9557582139968872,0.9557290077209473,0.21627454459667206,0.9763404130935669,0.9753133058547974,0.4397203028202057,0.9045352339744568,1.0119037628173828,0.630542372004129,held_out,0.9272791743278503,-0.022743940353393555,,0.4417729377746582,0.9024232029914856,1.0000019073486328,0.0,0.0,0.0,0.6420665383338928,0.1708012819290161,0.0015981447650119662,0.0,0.0,0.1017149425688244
1,512,transformer.h.0.mlp.w1.weight,transformer.h.0.mlp.w1.weight,"(1024, 384)",393216,8,muon_aware_polar_oracle,seed1_sample,contiguous,57,3.0,p98,196608,0,0.1374664306640625,57,0.000116568902740255,0.0008477827650494874,0.10887336730957031,1369944,3648,12582912,0.2779490649700165,0.8404998779296875,22.081846237182617,0.48349323868751526,0.07240907847881317,0.2926886975765228,0.9562128782272339,0.9542908072471619,0.20073522627353668,0.9796521067619324,0.9780245423316956,0.41425713896751404,0.9151009321212769,1.0100188255310059,0.5525038129999302,held_out,0.9336782097816467,-0.018577277660369873,,0.4165365397930145,0.9132544994354248,1.0000008344650269,0.0,0.0,0.0,0.6399807929992676,0.1669377237558365,0.0013817672152072191,0.0,0.0,0.1091612316313244
1,512,transformer.h.0.mlp.w2.weight,transformer.h.0.mlp.w2.weight,"(1024, 384)",393216,4,muon_aware_polar_oracle,seed1_sample,contiguous,57,3.0,p98,196608,0,0.1431681364774704,57,0.00012297305511310697,0.0008967647445388138,0.10170682271321614,1279768,3648,12582912,0.28666165471076965,0.8350524306297302,22.488510131835938,0.49958541989326477,0.07374221831560135,0.29586827754974365,0.9552218914031982,0.9554076194763184,0.21949787437915802,0.9756188988685608,0.9761180281639099,0.44663840532302856,0.9015119671821594,1.0119590759277344,0.5565546799916774,held_out,0.9264227747917175,-0.024910807609558105,,0.4481571912765503,0.8995819687843323,1.000001311302185,0.0,0.0,0.0,0.638785719871521,0.17352408170700073,0.0013057749019935727,0.0,0.0,0.1017149425688244
1,512,transformer.h.0.mlp.w2.weight,transformer.h.0.mlp.w2.weight,"(1024, 384)",393216,8,muon_aware_polar_oracle,seed1_sample,contiguous,57,3.0,p98,196608,0,0.1395823210477829,57,0.00011402116069803014,0.0008318587788380682,0.10887336730957031,1369944,3648,12582912,0.28162407875061035,0.8385441303253174,22.215648651123047,0.4903627336025238,0.07288963347673416,0.293199747800827,0.9560635089874268,0.9546695351600647,0.2026776671409607,0.9792519807815552,0.9789736270904541,0.4177896976470947,0.9135828018188477,1.0093533992767334,0.5427334319974761,held_out,0.9324439167976379,-0.018861114978790283,,0.420901358127594,0.911425769329071,1.0000008344650269,0.0,0.0,0.0,0.6410039663314819,0.1679312288761139,0.0012009162455797195,0.0,0.0,0.1091612316313244
1,1024,transformer.h.0.attn.c_attn.weight,transformer.h.0.attn.c_attn.weight,"(1152, 384)",442368,4,muon_aware_polar_oracle,seed1_sample,contiguous,57,3.0,p98,221184,0,0.14486129581928253,57,6.352585478452966e-05,0.00046329855103977025,0.1014556884765625,1436184,3648,14155776,0.2836205065250397,0.8334385752677917,22.617286682128906,0.38281551003456116,0.18442736566066742,0.2718697786331177,0.9623374342918396,0.9621739387512207,0.1671808511018753,0.985927939414978,0.9865074157714844,0.8832550048828125,0.6168067455291748,1.017539381980896,0.6602486610063352,held_out,0.6489055156707764,-0.03209877014160156,,0.8465279340744019,0.6416965126991272,1.0000008344650269,0.0010843654163181782,0.5759280920028687,0.5770124793052673,0.40984225273132324,0.43579065799713135,0.05434184521436691,2.1644068510795478e-06,0.0011495596263557673,0.1017149425688244
1,1024,transformer.h.0.attn.c_attn.weight,transformer.h.0.attn.c_attn.weight,"(1152, 384)",442368,8,muon_aware_polar_oracle,seed1_sample,contiguous,57,3.0,p98,221184,0,0.14235658943653107,57,5.407188291428611e-05,0.0003927729558199644,0.10840465404369214,1534552,3648,14155776,0.27971604466438293,0.8358269929885864,22.4401912689209,0.3771139979362488,0.18231984972953796,0.27176985144615173,0.9623696804046631,0.9601322412490845,0.1395985335111618,0.9902092218399048,0.9900651574134827,0.8386353850364685,0.6566714644432068,1.0234454870224,0.6591814600105863,held_out,0.6809048652648926,-0.02423340082168579,,0.7971776723861694,0.6822560429573059,0.9999998211860657,0.0014555222587659955,0.5793005228042603,0.5807560682296753,0.40633267164230347,0.4356462359428406,0.052625805139541626,2.0160064195806626e-06,0.0008023742120712996,0.1091612316313244
1,1024,transformer.h.0.attn.c_proj.weight,transformer.h.0.attn.c_proj.weight,"(384, 384)",147456,4,muon_aware_polar_oracle,seed1_sample,contiguous,57,3.0,p98,73728,0,0.1045871302485466,57,0.00041621396667324007,0.003024357371032238,0.10547383626302083,497688,3648,4718592,0.23343580961227417,0.8726798295974731,19.459796905517578,0.4059934914112091,0.06088748574256897,0.2717105746269226,0.9623798131942749,0.9608702659606934,0.17503322660923004,0.9845651388168335,0.9853984117507935,0.9547450542449951,0.566467821598053,1.0485692024230957,0.24215318300412036,held_out,0.5978996157646179,-0.03143179416656494,,0.9610334038734436,0.5382080674171448,0.9999998807907104,0.0013021478662267327,0.573321521282196,0.5746236443519592,0.33149370551109314,0.4411669075489044,0.14742644131183624,2.3339987819781527e-05,0.010276342742145061,0.1017149425688244
1,1024,transformer.h.0.attn.c_proj.weight,transformer.h.0.attn.c_proj.weight,"(384, 384)",147456,8,muon_aware_polar_oracle,seed1_sample,contiguous,57,3.0,p98,73728,0,0.1030951589345932,57,0.00033684089430607855,0.0024438300170004368,0.11590406629774305,546904,3648,4718592,0.22979910671710968,0.8740084171295166,19.37940788269043,0.3991187810897827,0.060488663613796234,0.27131226658821106,0.9624907374382019,0.9605256915092468,0.14140816032886505,0.9899541735649109,0.9910960793495178,0.8970955610275269,0.6184703707695007,1.0512359142303467,0.24465988398878835,held_out,0.641651451587677,-0.02318108081817627,,0.9046013951301575,0.5908490419387817,0.9999990463256836,0.001247567473910749,0.5724928379058838,0.5737403631210327,0.3309791088104248,0.43963274359703064,0.149200901389122,1.4595266293326858e-05,0.006697582080960274,0.1091612316313244
1,1024,transformer.h.0.mlp.w1.weight,transformer.h.0.mlp.w1.weight,"(1024, 384)",393216,4,muon_aware_polar_oracle,seed1_sample,contiguous,57,3.0,p98,196608,0,0.1405487060546875,57,0.00012479569704737514,0.0009090270032174885,0.10170682271321614,1279768,3648,12582912,0.2807518243789673,0.8375346660614014,22.30286979675293,0.4888664484024048,0.07264139503240585,0.2940702438354492,0.9557832479476929,0.9552905559539795,0.21540486812591553,0.9765322804450989,0.9756567478179932,0.43690577149391174,0.9057126045227051,1.011502742767334,0.5867390200146474,held_out,0.9287240505218506,-0.023011445999145508,,0.4392073154449463,0.9035529494285583,0.9999995827674866,0.0,0.0,0.0,0.6385983824729919,0.1721123307943344,0.0013093582820147276,0.0,0.0,0.1017149425688244
1,1024,transformer.h.0.mlp.w1.weight,transformer.h.0.mlp.w1.weight,"(1024, 384)",393216,8,muon_aware_polar_oracle,seed1_sample,contiguous,57,3.0,p98,196608,0,0.136322021484375,57,0.00011679260205710307,0.0008488893508911133,0.10887336730957031,1369944,3648,12582912,0.277097225189209,0.8416878581047058,21.969181060791016,0.48212963342666626,0.0720689594745636,0.2934572100639343,0.9559783935546875,0.9542414546012878,0.2014954537153244,0.9794971942901611,0.9782654643058777,0.4140530526638031,0.915114164352417,1.0092657804489136,0.5775348210008815,held_out,0.9337387084960938,-0.018624544143676758,,0.41715142130851746,0.9129955768585205,1.0000009536743164,0.0,0.0,0.0,0.6390557885169983,0.1680874079465866,0.0013288755435496569,0.0,0.0,0.1091612316313244
1,1024,transformer.h.0.mlp.w2.weight,transformer.h.0.mlp.w2.weight,"(1024, 384)",393216,4,muon_aware_polar_oracle,seed1_sample,contiguous,57,3.0,p98,196608,0,0.1440938264131546,57,0.00012214902380947024,0.000890244438778609,0.10170682271321614,1279768,3648,12582912,0.287270724773407,0.83406001329422,22.588619232177734,0.501075267791748,0.0734705701470375,0.29576653242111206,0.955272376537323,0.9561147093772888,0.2211029827594757,0.9752556085586548,0.9751484990119934,0.4429779350757599,0.9031416177749634,1.0121525526046753,0.631639728002483,held_out,0.9277541041374207,-0.024612486362457275,,0.4444982409477234,0.9012154936790466,0.9999993443489075,0.0,0.0,0.0,0.6392083764076233,0.1758379489183426,0.0014125942252576351,0.0,0.0,0.1017149425688244
1,1024,transformer.h.0.mlp.w2.weight,transformer.h.0.mlp.w2.weight,"(1024, 384)",393216,8,muon_aware_polar_oracle,seed1_sample,contiguous,57,3.0,p98,196608,0,0.13970947265625,57,0.00011418899521231651,0.0008322063949890435,0.10887336730957031,1369944,3648,12582912,0.28219470381736755,0.8383901715278625,22.22494888305664,0.4918808937072754,0.07251282036304474,0.29402631521224976,0.9557956457138062,0.9549121260643005,0.20648758113384247,0.9784549474716187,0.977533757686615,0.4172375500202179,0.9139028787612915,1.0103071928024292,0.6113392229890451,held_out,0.932682991027832,-0.018780112266540527,,0.4200232923030853,0.9117958545684814,0.9999984502792358,0.0,0.0,0.0,0.6387100219726562,0.1718805432319641,0.001318983850069344,0.0,0.0,0.1091612316313244
1,2048,transformer.h.0.attn.c_attn.weight,transformer.h.0.attn.c_attn.weight,"(1152, 384)",442368,4,muon_aware_polar_oracle,seed1_sample,contiguous,57,3.0,p98,221184,0,0.15715421736240387,57,5.941730341874063e-05,0.00043196085607632995,0.1014556884765625,1436184,3648,14155776,0.29516127705574036,0.8213471174240112,23.61762809753418,0.3954353630542755,0.19488896429538727,0.27206045389175415,0.9622867107391357,0.960809588432312,0.14124996960163116,0.9899752736091614,0.9903612732887268,0.8817488551139832,0.6290081739425659,1.0450962781906128,0.7101803449913859,held_out,0.6659799814224243,-0.0369718074798584,,0.8471990823745728,0.6411282420158386,1.0000004768371582,0.0014717724407091737,0.6432091593742371,0.6446809768676758,0.39504507184028625,0.4453328251838684,0.06221672147512436,2.773585265458678e-06,0.0012121408944949508,0.1017149425688244
1,2048,transformer.h.0.attn.c_attn.weight,transformer.h.0.attn.c_attn.weight,"(1152, 384)",442368,8,muon_aware_polar_oracle,seed1_sample,contiguous,57,3.0,p98,221184,0,0.15561704337596893,57,5.1512753998395056e-05,0.00037395115941762924,0.10840465404369214,1534552,3648,14155776,0.2940511703491211,0.8229383826255798,23.474714279174805,0.3947438597679138,0.19336023926734924,0.2725987434387207,0.9621301889419556,0.959195613861084,0.12093177437782288,0.992662250995636,0.9920656681060791,0.834578275680542,0.6691018342971802,1.0488594770431519,0.658168426976772,held_out,0.6927024126052856,-0.02360057830810547,,0.801039457321167,0.6791700720787048,1.0000001192092896,0.0018490685615688562,0.639854907989502,0.6417039632797241,0.3981589078903198,0.43883204460144043,0.060669153928756714,2.5397698664164636e-06,0.0008788664126768708,0.1091612316313244
1,2048,transformer.h.0.attn.c_proj.weight,transformer.h.0.attn.c_proj.weight,"(384, 384)",147456,4,muon_aware_polar_oracle,seed1_sample,contiguous,57,3.0,p98,73728,0,0.1091851145029068,57,0.00034945120569318533,0.002539302222430706,0.10547383626302083,497688,3648,4718592,0.23739655315876007,0.868175745010376,19.815227508544922,0.41340652108192444,0.06139615178108215,0.2736598253250122,0.9618306159973145,0.9603110551834106,0.13973113894462585,0.9901909828186035,0.9897350072860718,0.9386062026023865,0.5877902507781982,1.063686728477478,0.2540799069975037,held_out,0.6218960285186768,-0.034105777740478516,,0.9484907388687134,0.5501824617385864,0.9999994039535522,0.0013370566302910447,0.6104507446289062,0.6117878556251526,0.33080121874809265,0.4357810914516449,0.15251275897026062,1.7044889318640344e-05,0.007782068103551865,0.1017149425688244
1,2048,transformer.h.0.attn.c_proj.weight,transformer.h.0.attn.c_proj.weight,"(384, 384)",147456,8,muon_aware_polar_oracle,seed1_sample,contiguous,57,3.0,p98,73728,0,0.1052381694316864,57,0.000289987976429984,0.002107555978000164,0.11590406629774305,546904,3648,4718592,0.2331239879131317,0.8720288276672363,19.50981903076172,0.40467751026153564,0.061579808592796326,0.27180996537208557,0.9623522162437439,0.9602422118186951,0.11539369821548462,0.9933218955993652,0.9927065968513489,0.8873612284660339,0.634459912776947,1.0702900886535645,0.24185272000613622,held_out,0.6572263240814209,-0.022766411304473877,,0.9027943015098572,0.5924808382987976,0.9999997019767761,0.0015827390598133206,0.6171079277992249,0.6186906099319458,0.3341400921344757,0.43731310963630676,0.14807794988155365,1.3760422916675452e-05,0.005365171004086733,0.1091612316313244
1,2048,transformer.h.0.mlp.w1.weight,transformer.h.0.mlp.w1.weight,"(1024, 384)",393216,4,muon_aware_polar_oracle,seed1_sample,contiguous,57,3.0,p98,196608,0,0.1395975798368454,57,0.00013072094589006156,0.0009521364117972553,0.10170682271321614,1279768,3648,12582912,0.28166112303733826,0.8385041356086731,22.221452713012695,0.490388959646225,0.0729374960064888,0.2939203083515167,0.9558325409889221,0.9562608003616333,0.21085815131664276,0.9775219559669495,0.9779502153396606,0.41776639223098755,0.9135314226150513,1.0087063312530518,0.5828736070252489,held_out,0.9353700876235962,-0.021838665008544922,,0.419467568397522,0.9120299816131592,1.000000238418579,0.0,0.0,0.0,0.6564168930053711,0.15702758729457855,0.0015107578365132213,0.0,0.0,0.1017149425688244
1,2048,transformer.h.0.mlp.w1.weight,transformer.h.0.mlp.w1.weight,"(1024, 384)",393216,8,muon_aware_polar_oracle,seed1_sample,contiguous,57,3.0,p98,196608,0,0.1363372802734375,57,0.0001221067359438166,0.0008905233698897064,0.10887336730957031,1369944,3648,12582912,0.2764701843261719,0.8417937755584717,21.93806266784668,0.4814448356628418,0.07149966061115265,0.290271133184433,0.9569404721260071,0.9554963111877441,0.19574995338916779,0.9806598424911499,0.9798723459243774,0.3940494954586029,0.9229878783226013,1.0076723098754883,0.5849540779890958,held_out,0.939719021320343,-0.0167311429977417,,0.39666134119033813,0.9213362336158752,1.0000005960464478,0.0,0.0,0.0,0.6595065593719482,0.15015511214733124,0.0015359631506726146,0.0,0.0,0.1091612316313244
1,2048,transformer.h.0.mlp.w2.weight,transformer.h.0.mlp.w2.weight,"(1024, 384)",393216,4,muon_aware_polar_oracle,seed1_sample,contiguous,57,3.0,p98,196608,0,0.14044189453125,57,0.0001273183588637039,0.0009283893741667271,0.10170682271321614,1279768,3648,12582912,0.28241363167762756,0.8376789093017578,22.284517288208008,0.492333322763443,0.07249820977449417,0.29351842403411865,0.9559559226036072,0.9551185965538025,0.20957794785499573,0.9777991771697998,0.9776759743690491,0.4194423258304596,0.9128848314285278,1.0091936588287354,0.5641386850038543,held_out,0.9337995648384094,-0.020914733409881592,,0.42182281613349915,0.9110373258590698,1.0000008344650269,0.0,0.0,0.0,0.6527543067932129,0.15847310423851013,0.0015548536321148276,0.0,0.0,0.1017149425688244
1,2048,transformer.h.0.mlp.w2.weight,transformer.h.0.mlp.w2.weight,"(1024, 384)",393216,8,muon_aware_polar_oracle,seed1_sample,contiguous,57,3.0,p98,196608,0,0.1377360075712204,57,0.00011952907516388223,0.0008736031595617533,0.10887336730957031,1369944,3648,12582912,0.27865898609161377,0.840362012386322,22.06053352355957,0.48518699407577515,0.07213518023490906,0.2914767861366272,0.9565919637680054,0.9552261233329773,0.19593116641044617,0.9806246757507324,0.9806166291236877,0.3978588879108429,0.9214680790901184,1.0073882341384888,0.6204905610065907,held_out,0.9385252594947815,-0.017057180404663086,,0.4010973870754242,0.9195656180381775,1.000000238418579,0.0,0.0,0.0,0.6581850051879883,0.15330329537391663,0.0015924390172585845,0.0,0.0,0.1091612316313244
1,4096,transformer.h.0.attn.c_attn.weight,transformer.h.0.attn.c_attn.weight,"(1152, 384)",442368,4,muon_aware_polar_oracle,seed1_sample,contiguous,57,3.0,p98,221184,0,0.1692979633808136,57,5.2729992603417486e-05,0.00038400213816203177,0.1014556884765625,1436184,3648,14155776,0.3066757023334503,0.8095399141311646,24.561002731323242,0.4061974287033081,0.2071557193994522,0.27352991700172424,0.9618659615516663,0.9599294066429138,0.13853329420089722,0.9903604388237,0.9884306788444519,0.8593677878379822,0.6473509669303894,1.0443059206008911,0.6657981140015181,held_out,0.6841699481010437,-0.0368189811706543,,0.829179584980011,0.6562311053276062,1.0000005960464478,0.0011401615338400006,0.6130677461624146,0.614207923412323,0.3971206247806549,0.4447900652885437,0.06096693500876427,1.7603715605218895e-06,0.0009465562761761248,0.1017149425688244
1,4096,transformer.h.0.attn.c_attn.weight,transformer.h.0.attn.c_attn.weight,"(1152, 384)",442368,8,muon_aware_polar_oracle,seed1_sample,contiguous,57,3.0,p98,221184,0,0.1666802316904068,57,4.548515789792873e-05,0.0003321358235552907,0.10840465404369214,1534552,3648,14155776,0.30525854229927063,0.8122069835662842,24.326818466186523,0.40374287962913513,0.20677600800991058,0.2724495232105255,0.9621777534484863,0.9606519341468811,0.1169956848025322,0.993133544921875,0.9923535585403442,0.8105806112289429,0.6877036094665527,1.0482203960418701,0.6500546090246644,held_out,0.7131519913673401,-0.025448381900787354,,0.7822515964508057,0.6940423250198364,0.9999994039535522,0.0016031441045925021,0.6145807504653931,0.616183876991272,0.4010359048843384,0.4428987503051758,0.060040492564439774,1.751637682900764e-06,0.0006715072086080909,0.1091612316313244
1,4096,transformer.h.0.attn.c_proj.weight,transformer.h.0.attn.c_proj.weight,"(384, 384)",147456,4,muon_aware_polar_oracle,seed1_sample,contiguous,57,3.0,p98,73728,0,0.1109076589345932,57,0.0003128284588456154,0.0022780338767915964,0.10547383626302083,497688,3648,4718592,0.2420671284198761,0.8663774728775024,19.987424850463867,0.4199330508708954,0.06421084702014923,0.27787137031555176,0.9606164693832397,0.9599906206130981,0.1252758800983429,0.9921249747276306,0.9932257533073425,0.9202207922935486,0.6071307063102722,1.0712546110153198,0.25694106199080124,held_out,0.6433863043785095,-0.036255598068237305,,0.932880699634552,0.5648680925369263,1.0000007152557373,0.0018136569997295737,0.625981330871582,0.6277949810028076,0.3345007002353668,0.43694186210632324,0.14644406735897064,1.876475289463997e-05,0.00647662952542305,0.1017149425688244
1,4096,transformer.h.0.attn.c_proj.weight,transformer.h.0.attn.c_proj.weight,"(384, 384)",147456,8,muon_aware_polar_oracle,seed1_sample,contiguous,57,3.0,p98,73728,0,0.10400390625,57,0.00025546361575834453,0.0018552752444520593,0.11590406629774305,546904,3648,4718592,0.23227477073669434,0.8732944130897522,19.38801383972168,0.40308329463005066,0.0614754892885685,0.27379658818244934,0.9617920517921448,0.959124743938446,0.10196773707866669,0.9947904944419861,0.9963157773017883,0.8564956784248352,0.6605511903762817,1.0727519989013672,0.24953215901041403,held_out,0.6846920251846313,-0.02414083480834961,,0.8836843371391296,0.6095521450042725,1.0000001192092896,0.001721549779176712,0.6315927505493164,0.6333142518997192,0.3335326313972473,0.43866318464279175,0.14463214576244354,1.1800432730524335e-05,0.0043292781338095665,0.1091612316313244
1,4096,transformer.h.0.mlp.w1.weight,transformer.h.0.mlp.w1.weight,"(1024, 384)",393216,4,muon_aware_polar_oracle,seed1_sample,contiguous,57,3.0,p98,196608,0,0.1418050080537796,57,0.00013162197137717158,0.0009592909482307732,0.10170682271321614,1279768,3648,12582912,0.2829976975917816,0.8363852500915527,22.382946014404297,0.4921039640903473,0.07389563322067261,0.29458022117614746,0.9556266069412231,0.9555510878562927,0.20988741517066956,0.9777316451072693,0.9782991409301758,0.41353872418403625,0.9151889681816101,1.007788062095642,0.5779889069963247,held_out,0.9361844658851624,-0.020995497703552246,,0.41523244976997375,0.9137965440750122,1.000000238418579,0.0,0.0,0.0,0.6596276760101318,0.1508193165063858,0.001357593690045178,0.0,0.0,0.1017149425688244
1,4096,transformer.h.0.mlp.w1.weight,transformer.h.0.mlp.w1.weight,"(1024, 384)",393216,8,muon_aware_polar_oracle,seed1_sample,contiguous,57,3.0,p98,196608,0,0.1365763396024704,57,0.00012355984654277563,0.0008984984015114605,0.10887336730957031,1369944,3648,12582912,0.27667850255966187,0.8413786292076111,22.003189086914062,0.481462299823761,0.07189885526895523,0.2916193902492523,0.9565302729606628,0.9546875357627869,0.19590550661087036,0.9806292653083801,0.9797386527061462,0.390508770942688,0.9242784976959229,1.0066025257110596,0.5869684010103811,held_out,0.9406012892723083,-0.016322791576385498,,0.3921474814414978,0.9231147766113281,1.000001311302185,0.0,0.0,0.0,0.6607968807220459,0.14632664620876312,0.0016120497602969408,0.0,0.0,0.1091612316313244
1,4096,transformer.h.0.mlp.w2.weight,transformer.h.0.mlp.w2.weight,"(1024, 384)",393216,4,muon_aware_polar_oracle,seed1_sample,contiguous,57,3.0,p98,196608,0,0.1451568603515625,57,0.0001296665141126141,0.0009453638340346515,0.10170682271321614,1279768,3648,12582912,0.2884582281112671,0.8331696391105652,22.63479995727539,0.5028839707374573,0.07403689622879028,0.2964910566806793,0.9550378918647766,0.9545047879219055,0.21432256698608398,0.9767692685127258,0.9767794609069824,0.4196532666683197,0.9127325415611267,1.0085355043411255,0.5973849639995024,held_out,0.9346137046813965,-0.021881163120269775,,0.42105406522750854,0.9113625288009644,1.000000238418579,0.0,0.0,0.0,0.6582041382789612,0.15060900151729584,0.0010604732669889927,0.0,0.0,0.1017149425688244
1,4096,transformer.h.0.mlp.w2.weight,transformer.h.0.mlp.w2.weight,"(1024, 384)",393216,8,muon_aware_polar_oracle,seed1_sample,contiguous,57,3.0,p98,196608,0,0.1402842253446579,57,0.00012156634329585359,0.0008875938947312534,0.10887336730957031,1369944,3648,12582912,0.2828608453273773,0.8379676938056946,22.24491310119629,0.4928063154220581,0.07291965931653976,0.29323479533195496,0.9560394287109375,0.954272449016571,0.19975975155830383,0.9798505306243896,0.9796682596206665,0.3961980938911438,0.9221329689025879,1.0075180530548096,0.7379644149914384,held_out,0.939099907875061,-0.016966938972473145,,0.39808547496795654,0.9207699298858643,0.9999998807907104,0.0,0.0,0.0,0.6579678058624268,0.14880594611167908,0.001444887020625174,0.0,0.0,0.1091612316313244
